DateTime,Mempool-Count
2016-06-14,19732.797297297297
2016-06-15,19081.161458333332
2016-06-16,10696.005208333334
2016-06-17,10364.510416666666
2016-06-18,7649.171875
2016-06-19,2526.1822916666665
2016-06-20,5838.723958333333
2016-06-21,4257.916666666667
2016-06-22,8020.645833333333
2016-06-23,6586.53125
2016-06-24,9806.885416666666
2016-06-25,3494.640625
2016-06-26,1764.7447916666667
2016-06-27,3309.609375
2016-06-28,3064.6666666666665
2016-06-29,3794.09375
2016-06-30,4182.286458333333
2016-07-01,3596.03125
2016-07-02,2496.140625
2016-07-03,3123.4166666666665
2016-07-04,3110.9427083333335
2016-07-05,3685.8072916666665
2016-07-06,3434.46875
2016-07-07,3400.2604166666665
2016-07-08,3860.046875
2016-07-09,3082.75
2016-07-10,2808.8020833333335
2016-07-11,3145.34375
2016-07-12,4169.822916666667
2016-07-13,5234.713541666667
2016-07-14,4147.052083333333
2016-07-15,4356.776041666667
2016-07-16,3032.2708333333335
2016-07-17,3076.9739583333335
2016-07-18,3916.3645833333335
2016-07-19,5282.963541666667
2016-07-20,4917.276041666667
2016-07-21,4457.598958333333
2016-07-22,5501.223958333333
2016-07-23,3834.28125
2016-07-24,3715.8697916666665
2016-07-25,4604.260416666667
2016-07-26,5891.322916666667
2016-07-27,6629.859375
2016-07-28,5623.739583333333
2016-07-29,5144.65625
2016-07-30,6832.0
2016-07-31,3283.6145833333335
2016-08-01,4315.3125
2016-08-02,4645.416666666667
2016-08-03,3624.34375
2016-08-04,3915.21875
2016-08-05,3458.609375
2016-08-06,2629.0208333333335
2016-08-07,3024.9583333333335
2016-08-08,5512.916666666667
2016-08-09,7170.515625
2016-08-10,4581.942708333333
2016-08-11,4840.223958333333
2016-08-12,4242.484375
2016-08-13,2944.859375
2016-08-14,2552.6770833333335
2016-08-15,5325.630208333333
2016-08-16,7589.359375
2016-08-17,6209.416666666667
2016-08-18,3877.921875
2016-08-19,5030.177083333333
2016-08-20,3232.046875
2016-08-21,2300.484375
2016-08-22,3548.5520833333335
2016-08-23,4142.713541666667
2016-08-24,3698.7291666666665
2016-08-25,5767.354166666667
2016-08-26,4637.104166666667
2016-08-27,3916.0729166666665
2016-08-28,3324.984375
2016-08-29,4081.2083333333335
2016-08-30,5100.348958333333
2016-08-31,4243.145833333333
2016-09-01,4268.338541666667
2016-09-02,3244.21875
2016-09-03,4045.3020833333335
2016-09-04,2644.515625
2016-09-05,5140.3125
2016-09-06,3929.140625
2016-09-07,3638.9635416666665
2016-09-08,4252.697916666667
2016-09-09,4873.96875
2016-09-10,3045.984375
2016-09-11,3135.2395833333335
2016-09-12,3343.4739583333335
2016-09-13,4810.947916666667
2016-09-14,3804.6614583333335
2016-09-15,4893.583333333333
2016-09-16,6528.213541666667
2016-09-17,4429.078125
2016-09-18,3223.9895833333335
2016-09-19,6237.932291666667
2016-09-20,4015.3802083333335
2016-09-21,3396.765625
2016-09-22,4086.6927083333335
2016-09-23,4696.520833333333
2016-09-24,3501.7604166666665
2016-09-25,2464.921875
2016-09-26,3407.9427083333335
2016-09-27,4200.270833333333
2016-09-28,4534.286458333333
2016-09-29,5494.697916666667
2016-09-30,4830.734375
2016-10-01,3204.3229166666665
2016-10-02,4440.614583333333
2016-10-03,5621.96875
2016-10-04,6446.53125
2016-10-05,5926.484375
2016-10-06,4704.59375
2016-10-07,5184.239583333333
2016-10-08,3107.4427083333335
2016-10-09,2916.2447916666665
2016-10-10,11010.28125
2016-10-11,9104.947916666666
2016-10-12,4928.15625
2016-10-13,6074.125
2016-10-14,6012.536458333333
2016-10-15,5059.473958333333
2016-10-16,3623.1822916666665
2016-10-17,8971.833333333334
2016-10-18,6362.833333333333
2016-10-19,8885.770833333334
2016-10-20,16090.619791666666
2016-10-21,3670.1302083333335
2016-10-22,3862.2135416666665
2016-10-23,5637.260416666667
2016-10-24,6205.296875
2016-10-25,16897.463541666668
2016-10-26,43625.119791666664
2016-10-27,27608.526041666668
2016-10-28,3879.8854166666665
2016-10-29,4178.244791666667
2016-10-30,3125.515625
2016-10-31,4824.020833333333
2016-11-01,4346.453125
2016-11-02,6089.114583333333
2016-11-03,4829.104166666667
2016-11-04,9237.78125
2016-11-05,5485.270833333333
2016-11-06,3568.0260416666665
2016-11-07,8320.739583333334
2016-11-08,5450.5625
2016-11-09,5877.09375
2016-11-10,3774.0052083333335
2016-11-11,3561.6510416666665
2016-11-12,3812.4583333333335
2016-11-13,4388.34375
2016-11-14,4588.03125
2016-11-15,4442.302083333333
2016-11-16,3987.5625
2016-11-17,6847.776041666667
2016-11-18,5689.036458333333
2016-11-19,4427.875
2016-11-20,6537.145833333333
2016-11-21,13835.182291666666
2016-11-22,36772.130208333336
2016-11-23,42587.630208333336
2016-11-24,50265.572916666664
2016-11-25,20507.911458333332
2016-11-26,9513.140625
2016-11-27,4625.515625
2016-11-28,7672.265625
2016-11-29,7283.645833333333
2016-11-30,10190.776041666666
2016-12-01,15533.963541666666
2016-12-02,37137.151041666664
2016-12-03,8781.098958333334
2016-12-04,6309.838541666667
2016-12-05,10184.364583333334
2016-12-06,21369.994791666668
2016-12-07,6670.302083333333
2016-12-08,5318.140625
2016-12-09,8290.453125
2016-12-10,7220.140625
2016-12-11,3351.5989583333335
2016-12-12,7611.84375
2016-12-13,7106.463541666667
2016-12-14,6707.395833333333
2016-12-15,14227.59375
2016-12-16,9934.197916666666
2016-12-17,6354.182291666667
2016-12-18,6983.671875
2016-12-19,6791.609375
2016-12-20,9099.671875
2016-12-21,9745.885416666666
2016-12-22,6846.28125
2016-12-23,6429.692708333333
2016-12-24,7447.453125
2016-12-25,3453.2135416666665
2016-12-26,5772.723958333333
2016-12-27,5741.78125
2016-12-28,5932.635416666667
2016-12-29,7288.432291666667
2016-12-30,5254.921875
2016-12-31,4535.427083333333
2017-01-01,3961.7604166666665
2017-01-02,10399.338541666666
2017-01-03,5806.463541666667
2017-01-04,10361.057291666666
2017-01-05,22318.9375
2017-01-06,22636.692708333332
2017-01-07,10228.854166666666
2017-01-08,4717.546875
2017-01-09,12553.979166666666
2017-01-10,14716.6875
2017-01-11,8294.395833333334
2017-01-12,6114.817708333333
2017-01-13,6272.885416666667
2017-01-14,3727.2135416666665
2017-01-15,2950.0833333333335
2017-01-16,7428.854166666667
2017-01-17,7284.828125
2017-01-18,5567.442708333333
2017-01-19,3570.2864583333335
2017-01-20,3800.5260416666665
2017-01-21,2556.1145833333335
2017-01-22,2629.5260416666665
2017-01-23,12199.302083333334
2017-01-24,56870.322916666664
2017-01-25,40618.25
2017-01-26,10087.546875
2017-01-27,3911.2916666666665
2017-01-28,8144.494791666667
2017-01-29,5694.53125
2017-01-30,14404.755208333334
2017-01-31,24888.046875
2017-02-01,13604.270833333334
2017-02-02,22906.546875
2017-02-03,62656.1875
2017-02-04,22798.864583333332
2017-02-05,10851.953125
2017-02-06,28340.098958333332
2017-02-07,62444.604166666664
2017-02-08,42033.890625
2017-02-09,23622.395833333332
2017-02-10,14203.895833333334
2017-02-11,9644.713541666666
2017-02-12,5741.489583333333
2017-02-13,8551.723958333334
2017-02-14,9089.510416666666
2017-02-15,11688.927083333334
2017-02-16,20113.213541666668
2017-02-17,26682.541666666668
2017-02-18,13701.46875
2017-02-19,10780.526041666666
2017-02-20,19417.145833333332
2017-02-21,51206.302083333336
2017-02-22,82499.65104166667
2017-02-23,93748.52083333333
2017-02-24,66175.92708333333
2017-02-25,36570.6875
2017-02-26,7961.651041666667
2017-02-27,19976.890625
2017-02-28,39927.291666666664
2017-03-01,50281.265625
2017-03-02,61699.520833333336
2017-03-03,76730.88541666667
2017-03-04,60997.40625
2017-03-05,41473.119791666664
2017-03-06,49908.494791666664
2017-03-07,59343.796875
2017-03-08,48859.161458333336
2017-03-09,42201.802083333336
2017-03-10,32410.895833333332
2017-03-11,22761.78125
2017-03-12,14956.369791666666
2017-03-13,22251.84375
2017-03-14,21466.536458333332
2017-03-15,22497.140625
2017-03-16,21708.692708333332
2017-03-17,20191.552083333332
2017-03-18,14084.609375
2017-03-19,6232.911458333333
2017-03-20,9849.979166666666
2017-03-21,12812.932291666666
2017-03-22,9478.84375
2017-03-23,8824.526041666666
2017-03-24,3308.828125
2017-03-25,4075.9270833333335
2017-03-26,1847.1510416666667
2017-03-27,15375.291666666666
2017-03-28,15404.802083333334
2017-03-29,15056.286458333334
2017-03-30,5890.578125
2017-03-31,12510.052083333334
2017-04-01,12512.572916666666
2017-04-02,3081.765625
2017-04-03,6986.557291666667
2017-04-04,19887.578125
2017-04-05,17577.8125
2017-04-06,12932.130208333334
2017-04-07,9431.234375
2017-04-08,6383.817708333333
2017-04-09,3258.4583333333335
2017-04-10,8772.526041666666
2017-04-11,8741.104166666666
2017-04-12,16572.0
2017-04-13,33468.65625
2017-04-14,52227.208333333336
2017-04-15,16026.177083333334
2017-04-16,4237.9375
2017-04-17,9310.484375
2017-04-18,20818.140625
2017-04-19,16365.09375
2017-04-20,24541.291666666668
2017-04-21,19184.755208333332
2017-04-22,7979.963541666667
2017-04-23,5897.276041666667
2017-04-24,18923.541666666668
2017-04-25,50698.505208333336
2017-04-26,36017.28125
2017-04-27,39501.385416666664
2017-04-28,55486.552083333336
2017-04-29,27168.859375
2017-04-30,9051.09375
2017-05-01,13390.338541666666
2017-05-02,22334.166666666668
2017-05-03,42919.078125
2017-05-04,62295.833333333336
2017-05-05,99784.953125
2017-05-06,82403.78645833333
2017-05-07,47368.880208333336
2017-05-08,35966.932291666664
2017-05-09,55132.229166666664
2017-05-10,100022.09375
2017-05-11,118124.421875
2017-05-12,150983.11979166666
2017-05-13,150353.86979166666
2017-05-14,104298.17708333333
2017-05-15,69971.59895833333
2017-05-16,125696.59375
2017-05-17,166138.48958333334
2017-05-18,170734.78125
2017-05-19,172874.39583333334
2017-05-20,171785.47395833334
2017-05-21,139566.59375
2017-05-22,140860.66666666666
2017-05-23,141222.09375
2017-05-24,153728.69791666666
2017-05-25,149111.65625
2017-05-26,153757.80208333334
2017-05-27,140179.97395833334
2017-05-28,88315.41145833333
2017-05-29,78577.84375
2017-05-30,79997.61979166667
2017-05-31,80620.00520833333
2017-06-01,82521.08333333333
2017-06-02,84235.51041666667
2017-06-03,65978.05208333333
2017-06-04,53846.505208333336
2017-06-05,48835.057291666664
2017-06-06,56302.796875
2017-06-07,60065.244791666664
2017-06-08,39640.036458333336
2017-06-09,36999.526041666664
2017-06-10,31084.0
2017-06-11,26108.03125
2017-06-12,30231.640625
2017-06-13,50121.354166666664
2017-06-14,51814.0
2017-06-15,42233.895833333336
2017-06-16,26853.760416666668
2017-06-17,22403.677083333332
2017-06-18,16114.765625
2017-06-19,12251.828125
2017-06-20,14996.567708333334
2017-06-21,23524.520833333332
2017-06-22,24025.78125
2017-06-23,9428.359375
2017-06-24,8308.401041666666
2017-06-25,8733.869791666666
2017-06-26,10985.671875
2017-06-27,11671.026041666666
2017-06-28,11942.260416666666
2017-06-29,20767.171875
2017-06-30,16202.947916666666
2017-07-01,4897.104166666667
2017-07-02,2858.484375
2017-07-03,3549.9479166666665
2017-07-04,5560.0
2017-07-05,5205.567708333333
2017-07-06,7861.833333333333
2017-07-07,7074.854166666667
2017-07-08,3843.2708333333335
2017-07-09,3443.8385416666665
2017-07-10,4489.973958333333
2017-07-11,5412.994791666667
2017-07-12,6946.916666666667
2017-07-13,9031.546875
2017-07-14,11865.989583333334
2017-07-15,11842.869791666666
2017-07-16,7877.604166666667
2017-07-17,9860.317708333334
2017-07-18,13062.6875
2017-07-19,10637.822916666666
2017-07-20,15570.026041666666
2017-07-21,18568.489583333332
2017-07-22,5598.458333333333
2017-07-23,2379.2760416666665
2017-07-24,4158.182291666667
2017-07-25,7508.338541666667
2017-07-26,6853.322916666667
2017-07-27,3788.4375
2017-07-28,4542.427083333333
2017-07-29,3273.8489583333335
2017-07-30,2230.1197916666665
2017-07-31,5600.078125
2017-08-01,1483.6927083333333
2017-08-02,3870.59375
2017-08-03,6637.989583333333
2017-08-04,5643.28125
2017-08-05,3377.6979166666665
2017-08-06,2247.375
2017-08-07,8335.510416666666
2017-08-08,13521.973958333334
2017-08-09,18956.46875
2017-08-10,24357.421875
2017-08-11,24872.572916666668
2017-08-12,16931.84375
2017-08-13,9099.572916666666
2017-08-14,29097.260416666668
2017-08-15,33437.78125
2017-08-16,51547.265625
2017-08-17,30554.505208333332
2017-08-18,27989.776041666668
2017-08-19,16676.338541666668
2017-08-20,13367.114583333334
2017-08-21,31871.833333333332
2017-08-22,67423.86979166667
2017-08-23,56484.296875
2017-08-24,50147.96875
2017-08-25,80167.453125
2017-08-26,78595.265625
2017-08-27,30829.010416666668
2017-08-28,22408.166666666668
2017-08-29,14710.192708333334
2017-08-30,8261.713541666666
2017-08-31,10987.046875
2017-09-01,10045.927083333334
2017-09-02,5204.145833333333
2017-09-03,3394.2708333333335
2017-09-04,5061.614583333333
2017-09-05,3457.7395833333335
2017-09-06,5608.828125
2017-09-07,6196.75
2017-09-08,5313.489583333333
2017-09-09,3275.203125
2017-09-10,5234.026041666667
2017-09-11,3782.265625
2017-09-12,2973.7708333333335
2017-09-13,3418.1197916666665
2017-09-14,12240.703125
2017-09-15,8275.994791666666
2017-09-16,3257.5364583333335
2017-09-17,2934.234375
2017-09-18,20235.479166666668
2017-09-19,11248.666666666666
2017-09-20,13852.541666666666
2017-09-21,3536.4114583333335
2017-09-22,6635.083333333333
2017-09-23,3004.2552083333335
2017-09-24,3044.0677083333335
2017-09-25,11740.708333333334
2017-09-26,10847.104166666666
2017-09-27,7804.848958333333
2017-09-28,4339.526041666667
2017-09-29,3798.8229166666665
2017-09-30,11084.390625
2017-10-01,10993.791666666666
2017-10-02,13536.666666666666
2017-10-03,6269.067708333333
2017-10-04,13983.151041666666
2017-10-05,18286.578125
2017-10-06,6186.125
2017-10-07,5481.807291666667
2017-10-08,4363.494791666667
2017-10-09,9018.578125
2017-10-10,11917.104166666666
2017-10-11,16291.609375
2017-10-12,16040.072916666666
2017-10-13,60394.84375
2017-10-14,28624.645833333332
2017-10-15,6346.369791666667
2017-10-16,7783.963541666667
2017-10-17,10915.104166666666
2017-10-18,18393.182291666668
2017-10-19,19769.635416666668
2017-10-20,15893.677083333334
2017-10-21,22592.307291666668
2017-10-22,18456.395833333332
2017-10-23,26016.375
2017-10-24,27207.083333333332
2017-10-25,6690.854166666667
2017-10-26,6095.270833333333
2017-10-27,53293.614583333336
2017-10-28,66182.98958333333
2017-10-29,34210.84375
2017-10-30,21531.109375
2017-10-31,23222.447916666668
2017-11-01,37578.5625
2017-11-02,26640.046875
2017-11-03,44430.416666666664
2017-11-04,48613.619791666664
2017-11-05,20922.880208333332
2017-11-06,27860.171875
2017-11-07,30389.953125
2017-11-08,26657.265625
2017-11-09,38552.942708333336
2017-11-10,57715.755208333336
2017-11-11,108977.640625
2017-11-12,148882.109375
2017-11-13,116557.359375
2017-11-14,94745.45833333333
2017-11-15,81218.22916666667
2017-11-16,59969.53125
2017-11-17,46508.53125
2017-11-18,44106.588541666664
2017-11-19,24559.734375
2017-11-20,22478.807291666668
2017-11-21,28635.640625
2017-11-22,29517.557291666668
2017-11-23,32592.203125
2017-11-24,32628.546875
2017-11-25,25755.854166666668
2017-11-26,24525.40625
2017-11-27,31888.578125
2017-11-28,53404.46875
2017-11-29,68030.59895833333
2017-11-30,72343.78645833333
2017-12-01,55059.447916666664
2017-12-02,41316.911458333336
2017-12-03,40404.380208333336
2017-12-04,38262.067708333336
2017-12-05,39994.880208333336
2017-12-06,60688.703125
2017-12-07,134910.70833333334
2017-12-08,173930.28125
2017-12-09,134096.38541666666
2017-12-10,82788.67708333333
2017-12-11,83442.23958333333
2017-12-12,95183.140625
2017-12-13,97630.86458333333
2017-12-14,108942.72916666667
2017-12-15,114287.203125
2017-12-16,117111.36979166667
2017-12-17,105746.04166666667
2017-12-18,107408.97395833333
2017-12-19,121387.11979166667
2017-12-20,124677.734375
2017-12-21,125725.8125
2017-12-22,133462.13541666666
2017-12-23,98628.28125
2017-12-24,84413.80208333333
2017-12-25,84622.52604166667
2017-12-26,97766.39583333333
2017-12-27,104630.86458333333
2017-12-28,107602.55208333333
2017-12-29,105802.25
2017-12-30,108957.546875
2017-12-31,94007.5
2018-01-01,84275.08333333333
2018-01-02,85306.43229166667
2018-01-03,93390.98958333333
2018-01-04,89364.06770833333
2018-01-05,83123.015625
2018-01-06,70350.25520833333
2018-01-07,65526.291666666664
2018-01-08,57941.765625
2018-01-09,40824.869791666664
2018-01-10,37554.614583333336
2018-01-11,34160.682291666664
2018-01-12,34409.260416666664
2018-01-13,37730.713541666664
2018-01-14,38762.390625
2018-01-15,39752.963541666664
2018-01-16,30346.078125
2018-01-17,61590.515625
2018-01-18,52605.067708333336
2018-01-19,54787.354166666664
2018-01-20,66323.72395833333
2018-01-21,64526.229166666664
2018-01-22,66842.86458333333
2018-01-23,51652.755208333336
2018-01-24,49245.963541666664
2018-01-25,43187.463541666664
2018-01-26,37883.364583333336
2018-01-27,30409.557291666668
2018-01-28,27755.46875
2018-01-29,19782.010416666668
2018-01-30,15063.75
2018-01-31,17706.177083333332
2018-02-01,16043.411458333334
2018-02-02,19592.828125
2018-02-03,12588.015625
2018-02-04,10057.234375
2018-02-05,6528.583333333333
2018-02-06,7034.619791666667
2018-02-07,6944.505208333333
2018-02-08,5933.942708333333
2018-02-09,6505.817708333333
2018-02-10,7403.192708333333
2018-02-11,5278.098958333333
2018-02-12,5332.984375
2018-02-13,5878.979166666667
2018-02-14,8393.239583333334
2018-02-15,2888.6614583333335
2018-02-16,2376.890625
2018-02-17,4633.197916666667
2018-02-18,5147.619791666667
2018-02-19,4925.354166666667
2018-02-20,4237.880208333333
2018-02-21,3986.65625
2018-02-22,3816.8489583333335
2018-02-23,3787.2708333333335
2018-02-24,11104.473958333334
2018-02-25,2018.984375
2018-02-26,8435.109375
2018-02-27,7942.953125
2018-02-28,8423.265625
2018-03-01,6081.880208333333
2018-03-02,2417.3854166666665
2018-03-03,6548.546875
2018-03-04,5332.635416666667
2018-03-05,7204.953125
2018-03-06,4925.520833333333
2018-03-07,4454.411458333333
2018-03-08,4201.869791666667
2018-03-09,4390.119791666667
2018-03-10,4118.114583333333
2018-03-11,3254.828125
2018-03-12,1627.296875
2018-03-13,4383.328125
2018-03-14,1993.2395833333333
2018-03-15,2010.640625
2018-03-16,1588.328125
2018-03-17,1156.953125
2018-03-18,1273.5989583333333
2018-03-19,1796.84375
2018-03-20,2885.9322916666665
2018-03-21,1869.0260416666667
2018-03-22,1931.9479166666667
2018-03-23,3179.4322916666665
2018-03-24,1239.421875
2018-03-25,1702.0416666666667
2018-03-26,2177.5052083333335
2018-03-27,2469.9479166666665
2018-03-28,1997.4270833333333
2018-03-29,1636.609375
2018-03-30,1349.71875
2018-03-31,1932.265625
2018-04-01,1111.484375
2018-04-02,1152.5052083333333
2018-04-03,1924.4479166666667
2018-04-04,2063.4322916666665
2018-04-05,1509.21875
2018-04-06,2339.3333333333335
2018-04-07,1181.1510416666667
2018-04-08,918.6770833333334
2018-04-09,2496.21875
2018-04-10,1297.765625
2018-04-11,1793.5052083333333
2018-04-12,4064.0052083333335
2018-04-13,2958.046875
2018-04-14,2109.8229166666665
2018-04-15,1377.5260416666667
2018-04-16,2539.3020833333335
2018-04-17,2046.2291666666667
2018-04-18,1452.1041666666667
2018-04-19,1604.90625
2018-04-20,3826.4166666666665
2018-04-21,2338.5052083333335
2018-04-22,1260.6354166666667
2018-04-23,2141.046875
2018-04-24,3633.125
2018-04-25,10376.791666666666
2018-04-26,2701.5
2018-04-27,2737.21875
2018-04-28,2605.515625
2018-04-29,1558.0625
2018-04-30,2092.8489583333335
2018-05-01,1635.109375
2018-05-02,3567.8385416666665
2018-05-03,3188.6197916666665
2018-05-04,3911.2708333333335
2018-05-05,2226.203125
2018-05-06,2642.2447916666665
2018-05-07,4487.421875
2018-05-08,3770.046875
2018-05-09,1639.4895833333333
2018-05-10,1805.5833333333333
2018-05-11,11604.28125
2018-05-12,1551.828125
2018-05-13,2259.2239583333335
2018-05-14,5232.916666666667
2018-05-15,3438.5416666666665
2018-05-16,1537.3125
2018-05-17,3474.21875
2018-05-18,3491.9270833333335
2018-05-19,1183.0989583333333
2018-05-20,1280.5625
2018-05-21,1819.0208333333333
2018-05-22,2787.0677083333335
2018-05-23,1806.1822916666667
2018-05-24,1788.1666666666667
2018-05-25,2607.9635416666665
2018-05-26,1020.1458333333334
2018-05-27,1133.015625
2018-05-28,2504.0885416666665
2018-05-29,3767.6510416666665
2018-05-30,1294.390625
2018-05-31,1672.7760416666667
2018-06-01,1776.6197916666667
2018-06-02,1572.6927083333333
2018-06-03,2084.390625
2018-06-04,3931.4791666666665
2018-06-05,2712.265625
2018-06-06,3602.0
2018-06-07,4883.40625
2018-06-08,2301.53125
2018-06-09,1670.9583333333333
2018-06-10,2057.3333333333335
2018-06-11,3132.1197916666665
2018-06-12,3885.0416666666665
2018-06-13,7730.875
2018-06-14,2972.7708333333335
2018-06-15,2317.3958333333335
2018-06-16,1013.75
2018-06-17,1111.8645833333333
2018-06-18,2005.40625
2018-06-19,5423.989583333333
2018-06-20,9265.005208333334
2018-06-21,1413.9114583333333
2018-06-22,2916.8958333333335
2018-06-23,1321.7239583333333
2018-06-24,1087.8645833333333
2018-06-25,2348.984375
2018-06-26,2646.5052083333335
2018-06-27,5059.119791666667
2018-06-28,1701.5208333333333
2018-06-29,1748.578125
2018-06-30,2155.1875
2018-07-01,1338.375
2018-07-02,3543.671875
2018-07-03,7618.828125
2018-07-04,2392.9791666666665
2018-07-05,1948.8802083333333
2018-07-06,1489.953125
2018-07-07,1399.5052083333333
2018-07-08,1361.4166666666667
2018-07-09,3233.65625
2018-07-10,3437.8229166666665
2018-07-11,2996.8229166666665
2018-07-12,4665.609375
2018-07-13,6275.71875
2018-07-14,4140.010416666667
2018-07-15,2370.96875
2018-07-16,4703.755208333333
2018-07-17,2392.015625
2018-07-18,3792.2447916666665
2018-07-19,2767.4479166666665
2018-07-20,3113.78125
2018-07-21,2156.5052083333335
2018-07-22,1013.875
2018-07-23,2415.0520833333335
2018-07-24,3086.78125
2018-07-25,2395.1302083333335
2018-07-26,2268.53125
2018-07-27,1891.421875
2018-07-28,2319.9322916666665
2018-07-29,1629.7760416666667
2018-07-30,3392.8333333333335
2018-07-31,3438.1875
2018-08-01,3279.6041666666665
2018-08-02,2427.5520833333335
2018-08-03,3220.8645833333335
2018-08-04,1175.4947916666667
2018-08-05,1161.6770833333333
2018-08-06,3705.484375
2018-08-07,3095.0364583333335
2018-08-08,2362.1145833333335
2018-08-09,4356.5
2018-08-10,1813.4375
2018-08-11,1585.2604166666667
2018-08-12,1324.3489583333333
2018-08-13,2976.7864583333335
2018-08-14,5538.567708333333
2018-08-15,2392.3229166666665
2018-08-16,2881.390625
2018-08-17,2877.640625
2018-08-18,1735.59375
2018-08-19,1838.4010416666667
2018-08-20,4189.114583333333
2018-08-21,3247.2447916666665
2018-08-22,2542.1302083333335
2018-08-23,2422.390625
2018-08-24,2998.0260416666665
2018-08-25,1794.46875
2018-08-26,1396.78125
2018-08-27,2067.953125
2018-08-28,7654.588541666667
2018-08-29,2941.609375
2018-08-30,4176.708333333333
2018-08-31,3157.1875
2018-09-01,1898.9791666666667
2018-09-02,1715.140625
2018-09-03,4984.208333333333
2018-09-04,5358.994791666667
2018-09-05,8943.0625
2018-09-06,4301.9375
2018-09-07,5796.614583333333
2018-09-08,1951.578125
2018-09-09,1475.1302083333333
2018-09-10,2970.3125
2018-09-11,8038.104166666667
2018-09-12,2207.828125
2018-09-13,2462.84375
2018-09-14,8788.567708333334
2018-09-15,2317.0104166666665
2018-09-16,1651.0364583333333
2018-09-17,3580.296875
2018-09-18,2805.1979166666665
2018-09-19,3454.625
2018-09-20,2970.734375
2018-09-21,4209.130208333333
2018-09-22,2288.5885416666665
2018-09-23,1743.421875
2018-09-24,2391.6145833333335
2018-09-25,4222.4375
2018-09-26,4887.46875
2018-09-27,4914.005208333333
2018-09-28,4410.130208333333
2018-09-29,2305.9114583333335
2018-09-30,1742.5104166666667
2018-10-01,3043.9427083333335
2018-10-02,6461.145833333333
2018-10-03,4061.9479166666665
2018-10-04,2718.6875
2018-10-05,10130.328125
2018-10-06,2734.6979166666665
2018-10-07,4219.885416666667
2018-10-08,3565.421875
2018-10-09,3309.7552083333335
2018-10-10,2950.8854166666665
2018-10-11,2644.8072916666665
2018-10-12,5530.578125
2018-10-13,2157.2291666666665
2018-10-14,3336.7760416666665
2018-10-15,3886.3177083333335
2018-10-16,6000.979166666667
2018-10-17,4406.8125
2018-10-18,4187.1875
2018-10-19,5182.71875
2018-10-20,2426.3385416666665
2018-10-21,2445.6822916666665
2018-10-22,5224.666666666667
2018-10-23,4603.067708333333
2018-10-24,5830.604166666667
2018-10-25,6524.463541666667
2018-10-26,4484.984375
2018-10-27,2987.8697916666665
2018-10-28,2375.2291666666665
2018-10-29,8089.447916666667
2018-10-30,3515.0104166666665
2018-10-31,3744.1875
2018-11-01,3741.1145833333335
2018-11-02,9005.229166666666
2018-11-03,2204.78125
2018-11-04,5089.447916666667
2018-11-05,6558.4375
2018-11-06,11569.59375
2018-11-07,8931.494791666666
2018-11-08,8764.020833333334
2018-11-09,7159.557291666667
2018-11-10,7314.973958333333
2018-11-11,2292.9739583333335
2018-11-12,4016.9010416666665
2018-11-13,8725.760416666666
2018-11-14,15171.697916666666
2018-11-15,13748.078125
2018-11-16,9234.703125
2018-11-17,3081.0833333333335
2018-11-18,4386.072916666667
2018-11-19,17439.869791666668
2018-11-20,31952.317708333332
2018-11-21,20853.729166666668
2018-11-22,7819.9375
2018-11-23,5779.890625
2018-11-24,4055.34375
2018-11-25,4712.078125
2018-11-26,8140.942708333333
2018-11-27,6059.296875
2018-11-28,10187.84375
2018-11-29,14388.90625
2018-11-30,12608.072916666666
2018-12-01,4998.755208333333
2018-12-02,3438.5052083333335
2018-12-03,8267.833333333334
2018-12-04,6501.604166666667
2018-12-05,4728.317708333333
2018-12-06,5724.0625
2018-12-07,7755.244791666667
2018-12-08,3648.984375
2018-12-09,2802.2916666666665
2018-12-10,5970.223958333333
2018-12-11,7673.848958333333
2018-12-12,7116.8125
2018-12-13,4561.5
2018-12-14,4505.395833333333
2018-12-15,2821.4739583333335
2018-12-16,4338.255208333333
2018-12-17,3467.1927083333335
2018-12-18,9101.208333333334
2018-12-19,5522.765625
2018-12-20,4256.520833333333
2018-12-21,4692.34375
2018-12-22,2420.828125
2018-12-23,2031.4427083333333
2018-12-24,4694.348958333333
2018-12-25,2533.6875
2018-12-26,3175.5364583333335
2018-12-27,3014.1197916666665
2018-12-28,3113.359375
2018-12-29,3605.9583333333335
2018-12-30,1893.0677083333333
2018-12-31,2508.5104166666665
2019-01-01,1857.9166666666667
2019-01-02,3189.2604166666665
2019-01-03,3740.453125
2019-01-04,4626.25
2019-01-05,2379.5729166666665
2019-01-06,3456.234375
2019-01-07,4331.916666666667
2019-01-08,3244.6041666666665
2019-01-09,5160.005208333333
2019-01-10,4146.557291666667
2019-01-11,5052.838541666667
2019-01-12,3118.5729166666665
2019-01-13,4022.171875
2019-01-14,3908.9895833333335
2019-01-15,6689.385416666667
2019-01-16,6367.984375
2019-01-17,5394.197916666667
2019-01-18,4643.140625
2019-01-19,3112.859375
2019-01-20,2778.828125
2019-01-21,2928.078125
2019-01-22,6080.458333333333
2019-01-23,7608.677083333333
2019-01-24,4640.588541666667
2019-01-25,6024.473958333333
2019-01-26,3746.9010416666665
2019-01-27,3244.53125
2019-01-28,8669.088541666666
2019-01-29,4028.3854166666665
2019-01-30,5709.541666666667
2019-01-31,3790.0520833333335
2019-02-01,5502.375
2019-02-02,3929.0520833333335
2019-02-03,3714.953125
2019-02-04,3773.3072916666665
2019-02-05,4432.822916666667
2019-02-06,3746.9947916666665
2019-02-07,3720.5572916666665
2019-02-08,7659.9375
2019-02-09,3899.6354166666665
2019-02-10,3711.125
2019-02-11,9215.125
2019-02-12,23241.333333333332
2019-02-13,11779.390625
2019-02-14,4985.557291666667
2019-02-15,17045.223958333332
2019-02-16,5245.796875
2019-02-17,4225.661458333333
2019-02-18,6525.307291666667
2019-02-19,12017.770833333334
2019-02-20,9429.588541666666
2019-02-21,11531.109375
2019-02-22,9711.890625
2019-02-23,4543.515625
2019-02-24,6239.005208333333
2019-02-25,10527.630208333334
2019-02-26,5624.796875
2019-02-27,8396.078125
2019-02-28,9092.635416666666
2019-03-01,11558.484375
2019-03-02,7176.166666666667
2019-03-03,5789.71875
2019-03-04,8669.21875
2019-03-05,3499.5052083333335
2019-03-06,9614.067708333334
2019-03-07,8241.6875
2019-03-08,4744.348958333333
2019-03-09,3456.1510416666665
2019-03-10,3004.921875
2019-03-11,5364.942708333333
2019-03-12,6642.140625
2019-03-13,8830.046875
2019-03-14,3440.4114583333335
2019-03-15,3603.453125
2019-03-16,2220.1354166666665
2019-03-17,2120.5208333333335
2019-03-18,3283.4322916666665
2019-03-19,3450.2864583333335
2019-03-20,5618.260416666667
2019-03-21,5783.083333333333
2019-03-22,3162.3958333333335
2019-03-23,1946.703125
2019-03-24,2156.3333333333335
2019-03-25,5148.760416666667
2019-03-26,17367.838541666668
2019-03-27,15939.098958333334
2019-03-28,18242.901041666668
2019-03-29,24991.666666666668
2019-03-30,19489.307291666668
2019-03-31,12961.567708333334
2019-04-01,27511.78125
2019-04-02,47378.677083333336
2019-04-03,57191.322916666664
2019-04-04,62992.833333333336
2019-04-05,21207.578125
2019-04-06,10754.442708333334
2019-04-07,8133.536458333333
2019-04-08,11639.109375
2019-04-09,12937.807291666666
2019-04-10,12030.510416666666
2019-04-11,11475.088541666666
2019-04-12,7136.65625
2019-04-13,7082.385416666667
2019-04-14,8735.213541666666
2019-04-15,10563.473958333334
2019-04-16,16722.682291666668
2019-04-17,19591.192708333332
2019-04-18,14378.036458333334
2019-04-19,12419.197916666666
2019-04-20,15269.197916666666
2019-04-21,8499.932291666666
2019-04-22,18128.640625
2019-04-23,39193.552083333336
2019-04-24,31195.78125
2019-04-25,13059.244791666666
2019-04-26,13404.880208333334
2019-04-27,7571.541666666667
2019-04-28,5556.072916666667
2019-04-29,5967.385416666667
2019-04-30,19153.65625
2019-05-01,7402.697916666667
2019-05-02,6352.677083333333
2019-05-03,15819.005208333334
2019-05-04,11141.744791666666
2019-05-05,8374.770833333334
2019-05-06,13224.010416666666
2019-05-07,20784.703125
2019-05-08,20647.828125
2019-05-09,19084.3125
2019-05-10,32573.541666666668
2019-05-11,27088.645833333332
2019-05-12,10144.229166666666
2019-05-13,7655.286458333333
2019-05-14,22638.234375
2019-05-15,43952.192708333336
2019-05-16,60547.328125
2019-05-17,58304.276041666664
2019-05-18,25607.270833333332
2019-05-19,6534.364583333333
2019-05-20,14131.145833333334
2019-05-21,17632.057291666668
2019-05-22,12445.536458333334
2019-05-23,9883.979166666666
2019-05-24,20836.526041666668
2019-05-25,11290.171875
2019-05-26,3613.2083333333335
2019-05-27,12805.677083333334
2019-05-28,14654.348958333334
2019-05-29,6832.34375
2019-05-30,17139.953125
2019-05-31,39604.078125
2019-06-01,19781.317708333332
2019-06-02,8051.546875
2019-06-03,27555.15625
2019-06-04,29809.739583333332
2019-06-05,6905.026041666667
2019-06-06,5932.953125
2019-06-07,9174.59375
2019-06-08,6971.828125
2019-06-09,4161.125
2019-06-10,6548.734375
2019-06-11,16603.885416666668
2019-06-12,14530.723958333334
2019-06-13,16599.161458333332
2019-06-14,15224.635416666666
2019-06-15,7374.296875
2019-06-16,14004.21875
2019-06-17,30589.71875
2019-06-18,25532.5
2019-06-19,8489.390625
2019-06-20,20170.052083333332
2019-06-21,35437.885416666664
2019-06-22,45115.489583333336
2019-06-23,8545.770833333334
2019-06-24,5499.848958333333
2019-06-25,23491.119791666668
2019-06-26,39687.666666666664
2019-06-27,69599.05729166667
2019-06-28,48140.239583333336
2019-06-29,5187.848958333333
2019-06-30,3485.0572916666665
2019-07-01,15367.90625
2019-07-02,18584.473958333332
2019-07-03,6808.088541666667
2019-07-04,8289.348958333334
2019-07-05,5780.104166666667
2019-07-06,3151.8802083333335
2019-07-07,3593.640625
2019-07-08,6377.708333333333
2019-07-09,12020.739583333334
2019-07-10,30119.213541666668
2019-07-11,33367.55263157895
2019-07-12,16807.583333333332
2019-07-13,4491.989583333333
2019-07-14,4340.442708333333
2019-07-15,9998.395833333334
2019-07-16,3912.9375
2019-07-17,14858.875
2019-07-18,26608.234375
2019-07-19,32408.19680851064
2019-07-20,4733.541666666667
2019-07-21,3598.8125
2019-07-22,6458.546875
2019-07-23,6301.583333333333
2019-07-24,6737.807291666667
2019-07-25,5473.869791666667
2019-07-26,3545.9166666666665
2019-07-27,2983.2239583333335
2019-07-28,2325.2864583333335
2019-07-29,4093.3229166666665
2019-07-30,11542.979166666666
2019-07-31,5366.119791666667
2019-08-01,7228.291666666667
2019-08-02,4003.2239583333335
2019-08-03,2876.4635416666665
2019-08-04,2692.5729166666665
2019-08-05,8867.885416666666
2019-08-06,6553.864583333333
2019-08-07,11120.71875
2019-08-08,14903.552083333334
2019-08-09,7132.640625
2019-08-10,3066.109375
2019-08-11,2285.0625
2019-08-12,10868.65625
2019-08-13,13948.291666666666
2019-08-14,4732.192708333333
2019-08-15,5789.833333333333
2019-08-16,9202.036458333334
2019-08-17,4567.96875
2019-08-18,4373.1875
2019-08-19,6037.526041666667
2019-08-20,6517.5625
2019-08-21,7955.484375
2019-08-22,8527.958333333334
2019-08-23,4622.276041666667
2019-08-24,3577.96875
2019-08-25,2660.6770833333335
2019-08-26,9005.994791666666
2019-08-27,7067.765625
2019-08-28,7881.020833333333
2019-08-29,4604.90625
2019-08-30,5405.078125
2019-08-31,2989.25
2019-09-01,3057.7604166666665
2019-09-02,6561.895833333333
2019-09-03,6166.84375
2019-09-04,10328.317708333334
2019-09-05,5726.46875
2019-09-06,5653.494791666667
2019-09-07,3611.71875
2019-09-08,2206.9427083333335
2019-09-09,6532.489583333333
2019-09-10,4202.041666666667
2019-09-11,4751.161458333333
2019-09-12,3527.2239583333335
2019-09-13,5017.869791666667
2019-09-14,2706.8802083333335
2019-09-15,3120.1875
2019-09-16,4644.40625
2019-09-17,6942.166666666667
2019-09-18,4975.083333333333
2019-09-19,4766.541666666667
2019-09-20,6325.182291666667
2019-09-21,3306.84375
2019-09-22,2864.1145833333335
2019-09-23,15507.463541666666
2019-09-24,6376.567708333333
2019-09-25,5646.932291666667
2019-09-26,3828.8177083333335
2019-09-27,10547.109375
2019-09-28,2776.2083333333335
2019-09-29,2875.03125
2019-09-30,12224.932291666666
2019-10-01,5826.927083333333
2019-10-02,4666.0
2019-10-03,6277.71875
2019-10-04,3804.2291666666665
2019-10-05,3046.640625
2019-10-06,2882.3489583333335
2019-10-07,4562.6875
2019-10-08,3988.9635416666665
2019-10-09,11567.526041666666
2019-10-10,4320.166666666667
2019-10-11,5289.427083333333
2019-10-12,3561.5625
2019-10-13,3313.6666666666665
2019-10-14,7919.463541666667
2019-10-15,4959.994791666667
2019-10-16,5436.963541666667
2019-10-17,6421.682291666667
2019-10-18,4428.958333333333
2019-10-19,3319.0364583333335
2019-10-20,2633.1979166666665
2019-10-21,3266.328125
2019-10-22,5826.0
2019-10-23,4067.3177083333335
2019-10-24,10153.182291666666
2019-10-25,9967.885416666666
2019-10-26,10153.083333333334
2019-10-27,6392.526041666667
2019-10-28,7474.234375
2019-10-29,6916.0625
2019-10-30,5675.630208333333
2019-10-31,7738.317708333333
2019-11-01,10749.614583333334
2019-11-02,3938.515625
2019-11-03,4245.213541666667
2019-11-04,8719.5
2019-11-05,7216.125
2019-11-06,7996.328125
2019-11-07,9368.5
2019-11-08,8253.713541666666
2019-11-09,4434.4375
2019-11-10,2591.65625
2019-11-11,3973.28125
2019-11-12,9748.192708333334
2019-11-13,10904.822916666666
2019-11-14,3442.5729166666665
2019-11-15,8649.015625
2019-11-16,6692.260416666667
2019-11-17,4535.822916666667
2019-11-18,8155.859375
2019-11-19,8506.890625
2019-11-20,4445.479166666667
2019-11-21,7776.359375
2019-11-22,11572.78125
2019-11-23,2794.6354166666665
2019-11-24,3861.5677083333335
2019-11-25,16423.473958333332
2019-11-26,22572.65625
2019-11-27,5582.067708333333
2019-11-28,3702.890625
2019-11-29,12014.901041666666
2019-11-30,4440.723958333333
2019-12-01,2860.09375
2019-12-02,5351.15625
2019-12-03,3765.9114583333335
2019-12-04,3186.8072916666665
2019-12-05,3752.0833333333335
2019-12-06,6089.640625
2019-12-07,2902.265625
2019-12-08,2410.3958333333335
2019-12-09,7016.9375
2019-12-10,5435.046875
2019-12-11,6908.817708333333
2019-12-12,5687.645833333333
2019-12-13,3989.71875
2019-12-14,2830.6302083333335
2019-12-15,4496.380208333333
2019-12-16,4805.177083333333
2019-12-17,7703.34375
2019-12-18,9200.244791666666
2019-12-19,4598.4375
2019-12-20,4009.1875
2019-12-21,2302.4322916666665
2019-12-22,2421.953125
2019-12-23,5832.494791666667
2019-12-24,4727.244791666667
2019-12-25,2704.65625
2019-12-26,3018.65625
2019-12-27,3403.8541666666665
2019-12-28,3266.8854166666665
2019-12-29,2164.3802083333335
2019-12-30,3086.3697916666665
2019-12-31,5363.21875
2020-01-01,1654.7708333333333
2020-01-02,3496.328125
2020-01-03,3055.265625
2020-01-04,2631.5520833333335
2020-01-05,2418.1927083333335
2020-01-06,7588.291666666667
2020-01-07,4437.6875
2020-01-08,10624.984375
2020-01-09,5533.822916666667
2020-01-10,4558.802083333333
2020-01-11,2656.7864583333335
2020-01-12,2728.8958333333335
2020-01-13,8304.953125
2020-01-14,8542.307291666666
2020-01-15,6598.265625
2020-01-16,3733.09375
2020-01-17,6672.729166666667
2020-01-18,5713.291666666667
2020-01-19,4205.901041666667
2020-01-20,3610.2604166666665
2020-01-21,8288.354166666666
2020-01-22,4259.020833333333
2020-01-23,3527.3385416666665
2020-01-24,4013.0364583333335
2020-01-25,2518.4947916666665
2020-01-26,3395.5
2020-01-27,12634.963541666666
2020-01-28,7593.036458333333
2020-01-29,5700.0
2020-01-30,6983.239583333333
2020-01-31,7109.0
2020-02-01,4350.1875
2020-02-02,4925.421875
2020-02-03,5555.765625
2020-02-04,10612.489583333334
2020-02-05,4794.671875
2020-02-06,8566.348958333334
2020-02-07,11672.598958333334
2020-02-08,4126.322916666667
2020-02-09,3302.6979166666665
2020-02-10,13311.6875
2020-02-11,12854.234375
2020-02-12,19650.218085106382
2020-02-13,10822.072916666666
2020-02-14,11546.375
2020-02-15,5757.348958333333
2020-02-16,3167.09375
2020-02-17,4928.166666666667
2020-02-18,5418.895833333333
2020-02-19,7462.520833333333
2020-02-20,8253.619791666666
2020-02-21,5321.041666666667
2020-02-22,3647.25
2020-02-23,3145.3177083333335
2020-02-24,7087.109375
2020-02-25,7932.598958333333
2020-02-26,9596.427083333334
2020-02-27,6275.640625
2020-02-28,4075.734375
2020-02-29,4244.458333333333
2020-03-01,2043.2864583333333
2020-03-02,9078.119791666666
2020-03-03,5845.817708333333
2020-03-04,5419.427083333333
2020-03-05,5290.536458333333
2020-03-06,10202.604166666666
2020-03-07,3040.328125
2020-03-08,2662.875
2020-03-09,8705.390625
2020-03-10,10347.276041666666
2020-03-11,14826.505208333334
2020-03-12,20974.302083333332
2020-03-13,34290.55113636364
2020-03-14,10754.640625
2020-03-15,5685.661458333333
2020-03-16,12905.572916666666
2020-03-17,11829.994791666666
2020-03-18,18573.567708333332
2020-03-19,19303.453125
2020-03-20,26575.510416666668
2020-03-21,6384.666666666667
2020-03-22,2483.3958333333335
2020-03-23,12053.541666666666
2020-03-24,5225.515625
2020-03-25,23438.06914893617
2020-03-26,6371.239583333333
2020-03-27,5441.328125
2020-03-28,3039.5052083333335
2020-03-29,2019.7239583333333
2020-03-30,3888.7604166666665
2020-03-31,5251.8125
2020-04-01,3638.4479166666665
2020-04-02,4261.057291666667
2020-04-03,6516.609375
2020-04-04,2218.9479166666665
2020-04-05,2096.0989583333335
2020-04-06,6994.182291666667
2020-04-07,5732.364583333333
2020-04-08,5135.723958333333
2020-04-09,4396.677083333333
2020-04-10,3017.1510416666665
2020-04-11,2574.71875
2020-04-12,2633.4322916666665
2020-04-13,2437.0208333333335
2020-04-14,8403.8125
2020-04-15,7603.265625
2020-04-16,4281.578125
2020-04-17,11716.296875
2020-04-18,3767.4947916666665
2020-04-19,2553.0729166666665
2020-04-20,5160.0625
2020-04-21,5084.807291666667
2020-04-22,16511.510416666668
2020-04-23,15110.161458333334
2020-04-24,8361.302083333334
2020-04-25,5744.776041666667
2020-04-26,3280.125
2020-04-27,7164.916666666667
2020-04-28,4450.635416666667
2020-04-29,16129.75
2020-04-30,54922.4375
2020-05-01,43590.494791666664
2020-05-02,16207.822916666666
2020-05-03,4983.776041666667
2020-05-04,5703.072916666667
2020-05-05,10176.208333333334
2020-05-06,7503.359375
2020-05-07,11522.270833333334
2020-05-08,24785.473958333332
2020-05-09,24180.697916666668
2020-05-10,9249.776041666666
2020-05-11,12778.197916666666
2020-05-12,15662.286458333334
2020-05-13,19027.494791666668
2020-05-14,56810.083333333336
2020-05-15,67449.40625
2020-05-16,35834.791666666664
2020-05-17,33431.135416666664
2020-05-18,32509.479166666668
2020-05-19,52169.458333333336
2020-05-20,54224.625
2020-05-21,47334.796875
2020-05-22,39138.270833333336
2020-05-23,30735.229166666668
2020-05-24,14089.770833333334
2020-05-25,15197.583333333334
2020-05-26,20858.71875
2020-05-27,14488.192708333334
2020-05-28,18367.583333333332
2020-05-29,13234.661458333334
2020-05-30,5127.135416666667
2020-05-31,2674.328125
2020-06-01,9420.703125
2020-06-02,18343.8125
2020-06-03,16972.546875
2020-06-04,7189.578125
2020-06-05,3905.5572916666665
2020-06-06,2105.9114583333335
2020-06-07,3286.1979166666665
2020-06-08,5848.760416666667
2020-06-09,6969.65625
2020-06-10,6075.005208333333
2020-06-11,7264.4375
2020-06-12,5390.838541666667
2020-06-13,4144.010416666667
2020-06-14,2000.1927083333333
2020-06-15,15530.895833333334
2020-06-16,13834.71875
2020-06-17,11052.46875
2020-06-18,18739.119791666668
2020-06-19,15628.78125
2020-06-20,4325.546875
2020-06-21,2277.4322916666665
2020-06-22,11512.234375
2020-06-23,10048.8125
2020-06-24,7775.854166666667
2020-06-25,9294.78125
2020-06-26,5131.0625
2020-06-27,5661.989583333333
2020-06-28,4667.140625
2020-06-29,9074.453125
2020-06-30,18870.677083333332
2020-07-01,18075.630208333332
2020-07-02,11469.088541666666
2020-07-03,9000.6875
2020-07-04,4010.7760416666665
2020-07-05,2326.1927083333335
2020-07-06,6221.822916666667
2020-07-07,10245.088541666666
2020-07-08,12316.010416666666
2020-07-09,10715.578125
2020-07-10,8036.442708333333
2020-07-11,4680.317708333333
2020-07-12,3357.640625
2020-07-13,20165.890625
2020-07-14,27470.328125
2020-07-15,21563.057291666668
2020-07-16,25346.364583333332
2020-07-17,45380.161458333336
2020-07-18,43041.640625
2020-07-19,12126.838541666666
2020-07-20,25730.963541666668
2020-07-21,40680.364583333336
2020-07-22,46611.067708333336
2020-07-23,46152.385416666664
2020-07-24,33817.588541666664
2020-07-25,17234.286458333332
2020-07-26,12436.421875
2020-07-27,25288.244791666668
2020-07-28,55290.770833333336
2020-07-29,42867.671875
2020-07-30,39768.786458333336
2020-07-31,36983.78125
2020-08-01,31739.625
2020-08-02,16975.302083333332
2020-08-03,14317.838541666666
2020-08-04,18588.942708333332
2020-08-05,28358.515625
2020-08-06,31899.322916666668
2020-08-07,18980.994791666668
2020-08-08,8789.671875
2020-08-09,3814.1145833333335
2020-08-10,26719.348958333332
2020-08-11,18703.104166666668
2020-08-12,12581.869791666666
2020-08-13,12326.828125
2020-08-14,11316.598958333334
2020-08-15,5046.078125
2020-08-16,4423.859375
2020-08-17,21462.661458333332
2020-08-18,46344.838541666664
2020-08-19,37463.026041666664
2020-08-20,19070.609375
2020-08-21,18508.994791666668
2020-08-22,16546.765625
2020-08-23,4275.864583333333
2020-08-24,15026.4375
2020-08-25,19963.390625
2020-08-26,20724.536458333332
2020-08-27,31914.921875
2020-08-28,13756.088541666666
2020-08-29,5319.244791666667
2020-08-30,4300.677083333333
2020-08-31,15608.546875
2020-09-01,26478.338541666668
2020-09-02,25874.833333333332
2020-09-03,39744.677083333336
2020-09-04,55223.854166666664
2020-09-05,39580.21875
2020-09-06,9040.828125
2020-09-07,4580.630208333333
2020-09-08,5838.838541666667
2020-09-09,10849.177083333334
2020-09-10,15095.078125
2020-09-11,12160.96875
2020-09-12,3089.3802083333335
2020-09-13,2759.6458333333335
2020-09-14,4868.541666666667
2020-09-15,11943.197916666666
2020-09-16,8584.692708333334
2020-09-17,4417.494791666667
2020-09-18,14468.96875
2020-09-19,6714.859375
2020-09-20,3467.5729166666665
2020-09-21,20065.385416666668
2020-09-22,27339.713541666668
2020-09-23,38072.567708333336
2020-09-24,21940.15625
2020-09-25,14241.5625
2020-09-26,5508.25
2020-09-27,3291.796875
2020-09-28,20587.3125
2020-09-29,27153.739583333332
2020-09-30,21678.473958333332
2020-10-01,33888.375
2020-10-02,46499.296875
2020-10-03,19170.994791666668
2020-10-04,3641.375
2020-10-05,25270.036458333332
2020-10-06,31512.583333333332
2020-10-07,23252.421875
2020-10-08,15073.583333333334
2020-10-09,24941.520833333332
2020-10-10,8280.8125
2020-10-11,3459.3177083333335
2020-10-12,8942.494791666666
2020-10-13,6331.932291666667
2020-10-14,10414.307291666666
2020-10-15,11165.880208333334
2020-10-16,7393.802083333333
2020-10-17,5028.479166666667
2020-10-18,9447.119791666666
2020-10-19,20287.614583333332
2020-10-20,27503.755208333332
2020-10-21,36681.838541666664
2020-10-22,49092.322916666664
2020-10-23,50673.942708333336
2020-10-24,18778.494791666668
2020-10-25,11380.447916666666
2020-10-26,33533.848958333336
2020-10-27,92683.0
2020-10-28,123443.85416666667
2020-10-29,122242.72916666667
2020-10-30,117838.38541666667
2020-10-31,119026.921875
2020-11-01,64870.890625
2020-11-02,69128.38541666667
2020-11-03,68998.47395833333
2020-11-04,40551.46875
2020-11-05,40870.671875
2020-11-06,39078.354166666664
2020-11-07,22022.421875
2020-11-08,13315.473958333334
2020-11-09,6177.416666666667
2020-11-10,11031.510416666666
2020-11-11,7620.161458333333
2020-11-12,7541.067708333333
2020-11-13,9740.125
2020-11-14,6163.208333333333
2020-11-15,3743.3177083333335
2020-11-16,9698.692708333334
2020-11-17,13548.59375
2020-11-18,10105.520833333334
2020-11-19,20895.661458333332
2020-11-20,11158.0625
2020-11-21,4657.0
2020-11-22,2853.5
2020-11-23,13959.838541666666
2020-11-24,37936.796875
2020-11-25,35297.734375
2020-11-26,35127.8125
2020-11-27,24623.140625
2020-11-28,8756.052083333334
2020-11-29,4573.411458333333
2020-11-30,35090.526041666664
2020-12-01,51456.489583333336
2020-12-02,48372.578125
2020-12-03,32119.015625
2020-12-04,27686.713541666668
2020-12-05,18849.020833333332
2020-12-06,8941.333333333334
2020-12-07,13643.979166666666
2020-12-08,13066.9375
2020-12-09,14514.703125
2020-12-10,24354.708333333332
2020-12-11,20917.322916666668
2020-12-12,16290.442708333334
2020-12-13,3703.7864583333335
2020-12-14,11782.286458333334
2020-12-15,19067.453125
2020-12-16,30750.75
2020-12-17,102954.3125
2020-12-18,98412.265625
2020-12-19,43579.963541666664
2020-12-20,13848.276041666666
2020-12-21,23464.671875
2020-12-22,27118.734375
2020-12-23,32715.364583333332
2020-12-24,36512.96875
2020-12-25,22486.973958333332
2020-12-26,14644.182291666666
2020-12-27,12870.635416666666
2020-12-28,14387.291666666666
2020-12-29,22888.65625
2020-12-30,17515.510416666668
2020-12-31,22459.145833333332
2021-01-01,8519.640625
2021-01-02,18718.921875
2021-01-03,19666.796875
2021-01-04,14343.984375
2021-01-05,21215.947916666668
2021-01-06,22351.765625
2021-01-07,27959.020833333332
2021-01-08,51723.109375
2021-01-09,63649.161458333336
2021-01-10,44798.796875
2021-01-11,56919.588541666664
2021-01-12,62796.692708333336
2021-01-13,62791.84375
2021-01-14,65582.796875
2021-01-15,65925.390625
2021-01-16,43282.546875
2021-01-17,44688.708333333336
2021-01-18,36964.348958333336
2021-01-19,40303.760416666664
2021-01-20,38079.833333333336
2021-01-21,60383.359375
2021-01-22,51836.088541666664
2021-01-23,43142.130208333336
2021-01-24,24731.208333333332
2021-01-25,36960.28125
2021-01-26,29735.817708333332
2021-01-27,27606.739583333332
2021-01-28,25924.052083333332
2021-01-29,56877.765625
2021-01-30,52196.234375
2021-01-31,29853.567708333332
2021-02-01,43201.432291666664
2021-02-02,46572.109375
2021-02-03,41184.989583333336
2021-02-04,47909.385416666664
2021-02-05,34641.072916666664
2021-02-06,35216.333333333336
2021-02-07,26215.203125
2021-02-08,41297.916666666664
2021-02-09,85617.625
2021-02-10,72049.984375
2021-02-11,90264.15625
2021-02-12,94581.22916666667
2021-02-13,75863.96875
2021-02-14,45664.963541666664
2021-02-15,42808.432291666664
2021-02-16,55641.65625
2021-02-17,65945.66145833333
2021-02-18,70367.36458333333
2021-02-19,75429.82291666667
2021-02-20,80334.10416666667
2021-02-21,73143.11979166667
2021-02-22,76651.45833333333
2021-02-23,101609.66666666667
2021-02-24,81459.88020833333
2021-02-25,74364.85416666667
2021-02-26,72799.61458333333
2021-02-27,55750.083333333336
2021-02-28,44059.338541666664
2021-03-01,54137.359375
2021-03-02,55549.989583333336
2021-03-03,52012.1875
2021-03-04,57595.625
2021-03-05,52152.09375
2021-03-06,38616.276041666664
2021-03-07,35131.260416666664
2021-03-08,36873.723958333336
2021-03-09,36294.427083333336
2021-03-10,41546.635416666664
2021-03-11,43373.947916666664
2021-03-12,35138.479166666664
2021-03-13,44062.989583333336
2021-03-14,23438.65625
2021-03-15,24062.453125
2021-03-16,27533.161458333332
2021-03-17,33762.755208333336
2021-03-18,40485.791666666664
2021-03-19,26845.942708333332
2021-03-20,20553.390625
2021-03-21,23981.604166666668
2021-03-22,33580.072916666664
2021-03-23,36781.682291666664
2021-03-24,40817.109375
2021-03-25,38016.869791666664
2021-03-26,42580.979166666664
2021-03-27,33929.5625
2021-03-28,35406.578125
2021-03-29,46547.239583333336
2021-03-30,43928.135416666664
2021-03-31,46598.036458333336
2021-04-01,46614.802083333336
2021-04-02,51940.822916666664
2021-04-03,47328.322916666664
2021-04-04,31872.265625
2021-04-05,34471.854166666664
2021-04-06,44202.447916666664
2021-04-07,40669.557291666664
2021-04-08,37929.661458333336
2021-04-09,42168.223958333336
2021-04-10,28762.208333333332
2021-04-11,30817.729166666668
2021-04-12,40137.046875
2021-04-13,50465.067708333336
2021-04-14,72707.94791666667
2021-04-15,55255.682291666664
2021-04-16,77408.38541666667
2021-04-17,115050.19270833333
2021-04-18,103625.125
2021-04-19,115046.703125
2021-04-20,117331.80729166667
2021-04-21,116260.59895833333
2021-04-22,116779.57291666667
2021-04-23,115984.72916666667
2021-04-24,80734.89583333333
2021-04-25,51063.317708333336
2021-04-26,51315.166666666664
2021-04-27,45673.4375
2021-04-28,39439.885416666664
2021-04-29,44109.369791666664
2021-04-30,39483.380208333336
2021-05-01,34842.229166666664
2021-05-02,23770.135416666668
2021-05-03,27060.578125
2021-05-04,25983.427083333332
2021-05-05,33189.09375
2021-05-06,33129.260416666664
2021-05-07,26530.411458333332
2021-05-08,22614.395833333332
2021-05-09,19563.036458333332
2021-05-10,18827.026041666668
2021-05-11,16865.411458333332
2021-05-12,11529.296875
2021-05-13,14731.536458333334
2021-05-14,25151.010416666668
2021-05-15,18410.244791666668
2021-05-16,11875.510416666666
2021-05-17,19697.583333333332
2021-05-18,32546.8125
2021-05-19,52586.270833333336
2021-05-20,66585.16145833333
2021-05-21,64777.265625
2021-05-22,48407.953125
2021-05-23,26109.953125
2021-05-24,24064.583333333332
2021-05-25,21836.015625
2021-05-26,22963.401041666668
2021-05-27,29301.875
2021-05-28,28754.083333333332
2021-05-29,22016.869791666668
2021-05-30,9790.354166666666
2021-05-31,7372.942708333333
2021-06-01,8708.578125
2021-06-02,5356.479166666667
2021-06-03,4836.328125
2021-06-04,4944.880208333333
2021-06-05,2362.671875
2021-06-06,1695.7291666666667
2021-06-07,4542.838541666667
2021-06-08,3384.5416666666665
2021-06-09,17302.260416666668
2021-06-10,33247.333333333336
2021-06-11,30835.984375
2021-06-12,20806.109375
2021-06-13,2241.609375
2021-06-14,9862.640625
2021-06-15,5335.265625
2021-06-16,7546.739583333333
2021-06-17,3012.7604166666665
2021-06-18,3505.2239583333335
2021-06-19,5153.380208333333
2021-06-20,7994.682291666667
2021-06-21,16682.427083333332
2021-06-22,25060.880208333332
2021-06-23,29762.421875
2021-06-24,18973.770833333332
2021-06-25,12842.276041666666
2021-06-26,8766.270833333334
2021-06-27,19159.703125
2021-06-28,47603.380208333336
2021-06-29,41615.338541666664
2021-06-30,50488.541666666664
2021-07-01,56956.046875
2021-07-02,49699.15625
2021-07-03,35633.369791666664
2021-07-04,15972.088541666666
2021-07-05,4055.9427083333335
2021-07-06,2443.6927083333335
2021-07-07,4545.333333333333
2021-07-08,3359.3541666666665
2021-07-09,4115.583333333333
2021-07-10,1576.796875
2021-07-11,2135.1666666666665
2021-07-12,4330.473958333333
2021-07-13,4560.182291666667
2021-07-14,2044.4791666666667
2021-07-15,3934.2135416666665
2021-07-16,2432.1041666666665
2021-07-17,1979.1302083333333
2021-07-18,1498.3229166666667
2021-07-19,2101.546875
2021-07-20,4288.036458333333
2021-07-21,2637.625
2021-07-22,1999.3177083333333
2021-07-23,2326.9479166666665
2021-07-24,1834.0208333333333
2021-07-25,1390.8333333333333
2021-07-26,4798.166666666667
2021-07-27,2233.671875
2021-07-28,2637.7864583333335
2021-07-29,2533.921875
2021-07-30,2115.5729166666665
2021-07-31,1521.0572916666667
2021-08-01,1766.2395833333333
2021-08-02,2574.6770833333335
2021-08-03,1957.703125
2021-08-04,5772.78125
2021-08-05,1883.8229166666667
2021-08-06,2614.8385416666665
2021-08-07,1348.9375
2021-08-08,1720.7916666666667
2021-08-09,3409.8854166666665
2021-08-10,2074.7708333333335
2021-08-11,4184.875
2021-08-12,2607.5
2021-08-13,6633.473958333333
2021-08-14,1628.6145833333333
2021-08-15,1239.3645833333333
2021-08-16,2618.2291666666665
2021-08-17,2507.3541666666665
2021-08-18,3739.171875
2021-08-19,3107.5520833333335
2021-08-20,6000.416666666667
2021-08-21,1808.796875
2021-08-22,2254.1354166666665
2021-08-23,1702.8645833333333
2021-08-24,4256.895833333333
2021-08-25,2396.140625
2021-08-26,2146.484375
2021-08-27,4345.510416666667
2021-08-28,2294.5677083333335
2021-08-29,1574.7239583333333
2021-08-30,3831.734375
2021-08-31,7965.291666666667
2021-09-01,11129.536458333334
2021-09-02,6222.895833333333
2021-09-03,4354.364583333333
2021-09-04,1721.2135416666667
2021-09-05,2308.2447916666665
2021-09-06,3719.90625
2021-09-07,5784.510416666667
2021-09-08,6401.776041666667
2021-09-09,6358.244791666667
2021-09-10,4478.265625
2021-09-11,3057.4375
2021-09-12,1930.3020833333333
2021-09-13,5454.505208333333
2021-09-14,4861.208333333333
2021-09-15,5808.677083333333
2021-09-16,7375.453125
2021-09-17,4143.6875
2021-09-18,2478.359375
2021-09-19,1696.2604166666667
2021-09-20,3456.84375
2021-09-21,8428.036458333334
2021-09-22,4753.536458333333
2021-09-23,2747.6875
2021-09-24,2697.6770833333335
2021-09-25,2120.9947916666665
2021-09-26,1697.9479166666667
2021-09-27,2489.4947916666665
2021-09-28,4827.46875
2021-09-29,6818.28125
2021-09-30,3017.6354166666665
2021-10-01,11318.145833333334
2021-10-02,2743.0104166666665
2021-10-03,2639.6770833333335
2021-10-04,3422.3802083333335
2021-10-05,5799.0
2021-10-06,18218.208333333332
2021-10-07,29671.0625
2021-10-08,13569.057291666666
2021-10-09,2965.7291666666665
2021-10-10,2064.4270833333335
2021-10-11,9240.875
2021-10-12,6233.96875
2021-10-13,2998.3125
2021-10-14,7800.692708333333
2021-10-15,11378.932291666666
2021-10-16,5798.359375
2021-10-17,1993.8229166666667
2021-10-18,5388.604166666667
2021-10-19,3857.84375
2021-10-20,12891.328125
2021-10-21,9568.770833333334
2021-10-22,2591.0104166666665
2021-10-23,2124.6770833333335
2021-10-24,1973.0416666666667
2021-10-25,2868.3697916666665
2021-10-26,4864.796875
2021-10-27,2962.3541666666665
2021-10-28,3523.78125
2021-10-29,4187.661458333333
2021-10-30,2722.3697916666665
2021-10-31,2282.3020833333335
2021-11-01,5663.463541666667
2021-11-02,6341.96875
2021-11-03,3922.6979166666665
2021-11-04,6929.067708333333
2021-11-05,4525.390625
2021-11-06,1809.4895833333333
2021-11-07,2190.6770833333335
2021-11-08,10897.354166666666
2021-11-09,12724.322916666666
2021-11-10,8290.744791666666
2021-11-11,3778.2291666666665
2021-11-12,4624.973958333333
2021-11-13,2396.6979166666665
2021-11-14,1857.4010416666667
2021-11-15,3724.8333333333335
2021-11-16,4414.645833333333
2021-11-17,3572.1875
2021-11-18,3980.3541666666665
2021-11-19,6085.088541666667
2021-11-20,3192.5520833333335
2021-11-21,2928.375
2021-11-22,3986.203125
2021-11-23,4683.729166666667
2021-11-24,4916.744791666667
2021-11-25,8174.234375
2021-11-26,4713.177083333333
2021-11-27,2088.4791666666665
2021-11-28,2173.3854166666665
2021-11-29,4278.604166666667
2021-11-30,7518.010416666667
2021-12-01,16954.921875
2021-12-02,11780.838541666666
2021-12-03,3047.6666666666665
2021-12-04,3204.859375
2021-12-05,5490.421875
2021-12-06,2084.1927083333335
2021-12-07,2730.6145833333335
2021-12-08,4791.03125
2021-12-09,5137.770833333333
2021-12-10,4180.609375
2021-12-11,2353.1302083333335
2021-12-12,1840.4375
2021-12-13,5278.604166666667
2021-12-14,4135.765625
2021-12-15,3159.9947916666665
2021-12-16,6516.083333333333
2021-12-17,9737.015625
2021-12-18,8630.244791666666
2021-12-19,1938.2552083333333
2021-12-20,4578.322916666667
2021-12-21,3575.1354166666665
2021-12-22,2975.0833333333335
2021-12-23,3875.4947916666665
2021-12-24,6913.973958333333
2021-12-25,6437.057291666667
2021-12-26,2836.5833333333335
2021-12-27,8872.036458333334
2021-12-28,12695.432291666666
2021-12-29,7927.609375
2021-12-30,13747.9375
2021-12-31,7188.328125
2022-01-01,1243.4270833333333
2022-01-02,2062.1770833333335
2022-01-03,4364.276041666667
2022-01-04,6185.276041666667
2022-01-05,5629.333333333333
2022-01-06,4772.34375
2022-01-07,4340.140625
2022-01-08,3187.1302083333335
2022-01-09,1634.3072916666667
2022-01-10,4456.302083333333
2022-01-11,4315.015625
2022-01-12,3495.7135416666665
2022-01-13,2778.578125
2022-01-14,2626.6510416666665
2022-01-15,2463.6197916666665
2022-01-16,1277.65625
2022-01-17,2913.6770833333335
2022-01-18,3491.4114583333335
2022-01-19,2449.6041666666665
2022-01-20,3372.9375
2022-01-21,5056.796875
2022-01-22,6539.885416666667
2022-01-23,1609.8020833333333
2022-01-24,4631.901041666667
2022-01-25,4776.385416666667
2022-01-26,7646.286458333333
2022-01-27,4247.151041666667
2022-01-28,4037.96875
2022-01-29,2758.453125
2022-01-30,3291.0833333333335
2022-01-31,5864.729166666667
2022-02-01,7264.442708333333
2022-02-02,3342.5
2022-02-03,2909.8489583333335
2022-02-04,13300.713541666666
2022-02-05,11602.458333333334
2022-02-06,2399.2604166666665
2022-02-07,9242.635416666666
2022-02-08,4467.390625
2022-02-09,6518.78125
2022-02-10,10651.041666666666
2022-02-11,9862.713541666666
2022-02-12,4446.609375
2022-02-13,1790.2916666666667
2022-02-14,3379.90625
2022-02-15,3379.96875
2022-02-16,2982.4166666666665
2022-02-17,3170.25
2022-02-18,3737.5
2022-02-19,2429.3854166666665
2022-02-20,1635.6979166666667
2022-02-21,5182.135416666667
2022-02-22,2133.65625
2022-02-23,2194.125
2022-02-24,4704.692708333333
2022-02-25,3031.421875
2022-02-26,2267.0
2022-02-27,1856.9010416666667
2022-02-28,3069.9375
2022-03-01,11482.0625
2022-03-02,12237.744791666666
2022-03-03,4149.958333333333
2022-03-04,4795.005208333333
2022-03-05,4076.921875
2022-03-06,1950.71875
2022-03-07,2443.7447916666665
2022-03-08,2944.796875
2022-03-09,9186.307291666666
2022-03-10,3284.0677083333335
2022-03-11,6366.932291666667
2022-03-12,2005.359375
2022-03-13,1813.53125
2022-03-14,3418.9322916666665
2022-03-15,3274.3385416666665
2022-03-16,3291.8697916666665
2022-03-17,2901.046875
2022-03-18,4093.0833333333335
2022-03-19,3073.6666666666665
2022-03-20,1890.1979166666667
2022-03-21,5628.75
2022-03-22,7153.09375
2022-03-23,4094.15625
2022-03-24,5492.729166666667
2022-03-25,4392.338541666667
2022-03-26,1944.1145833333333
2022-03-27,2656.3125
2022-03-28,3415.09375
2022-03-29,3534.46875
2022-03-30,6839.677083333333
2022-03-31,12112.927083333334
2022-04-01,6549.557291666667
2022-04-02,4084.2135416666665
2022-04-03,2635.2552083333335
2022-04-04,2506.2760416666665
2022-04-05,6090.630208333333
2022-04-06,3395.7083333333335
2022-04-07,5370.166666666667
2022-04-08,5680.510416666667
2022-04-09,1890.4479166666667
2022-04-10,1868.2604166666667
2022-04-11,4596.447916666667
2022-04-12,3730.828125
2022-04-13,6809.65625
2022-04-14,4196.942708333333
2022-04-15,2176.8802083333335
2022-04-16,2093.2760416666665
2022-04-17,1339.8229166666667
2022-04-18,4118.21875
2022-04-19,5948.994791666667
2022-04-20,2758.7916666666665
2022-04-21,3600.359375
2022-04-22,7410.40625
2022-04-23,2166.28125
2022-04-24,1440.96875
2022-04-25,4865.921875
2022-04-26,6121.921875
2022-04-27,2620.4322916666665
2022-04-28,6556.703125
2022-04-29,8236.119791666666
2022-04-30,2828.4479166666665
2022-05-01,1335.5181818181818
