DateTime,Mempool-Size
2016-06-14,21995935.986486487
2016-06-15,27900468.661458332
2016-06-16,26068008.489583332
2016-06-17,26257730.34375
2016-06-18,19171015.166666668
2016-06-19,4116124.453125
2016-06-20,5413569.4375
2016-06-21,4972063.697916667
2016-06-22,8497859.557291666
2016-06-23,12885136.463541666
2016-06-24,15023251.630208334
2016-06-25,8285190.505208333
2016-06-26,1544611.2708333333
2016-06-27,3177036.3177083335
2016-06-28,2700861.59375
2016-06-29,3176234.0052083335
2016-06-30,4231075.057291667
2016-07-01,3499888.3541666665
2016-07-02,2732693.2552083335
2016-07-03,2782468.2552083335
2016-07-04,2860771.546875
2016-07-05,4158129.1458333335
2016-07-06,2721312.0625
2016-07-07,2488086.4427083335
2016-07-08,2588977.203125
2016-07-09,2545839.0520833335
2016-07-10,2083075.7916666667
2016-07-11,2286646.6510416665
2016-07-12,3434484.5625
2016-07-13,5347299.53125
2016-07-14,3674075.3020833335
2016-07-15,3394318.6354166665
2016-07-16,2288621.9739583335
2016-07-17,2363693.4635416665
2016-07-18,3890401.1979166665
2016-07-19,4787503.3125
2016-07-20,4011545.046875
2016-07-21,3308627.1979166665
2016-07-22,4855131.744791667
2016-07-23,3774029.5729166665
2016-07-24,2634821.2916666665
2016-07-25,3504724.0052083335
2016-07-26,5336590.796875
2016-07-27,9055909.208333334
2016-07-28,5283815.40625
2016-07-29,3540060.234375
2016-07-30,9742523.489583334
2016-07-31,3403983.0416666665
2016-08-01,3609759.8385416665
2016-08-02,5110354.848958333
2016-08-03,3875637.75
2016-08-04,6525736.125
2016-08-05,6011246.260416667
2016-08-06,2488796.4791666665
2016-08-07,2435571.09375
2016-08-08,5912893.953125
2016-08-09,5265977.005208333
2016-08-10,4249156.458333333
2016-08-11,4248546.416666667
2016-08-12,3075675.3177083335
2016-08-13,1803203.2552083333
2016-08-14,1715307.0364583333
2016-08-15,5078276.65625
2016-08-16,6587438.057291667
2016-08-17,6096793.713541667
2016-08-18,2787575.1822916665
2016-08-19,3682234.5
2016-08-20,2300287.4166666665
2016-08-21,1617000.1875
2016-08-22,2662119.75
2016-08-23,3546844.5260416665
2016-08-24,2715693.0260416665
2016-08-25,6300147.651041667
2016-08-26,4063590.515625
2016-08-27,3080266.28125
2016-08-28,2358737.65625
2016-08-29,3174307.9739583335
2016-08-30,4987586.197916667
2016-08-31,3307003.9270833335
2016-09-01,3553354.4635416665
2016-09-02,2222098.6875
2016-09-03,3065774.4010416665
2016-09-04,1938944.7552083333
2016-09-05,6657878.515625
2016-09-06,3256660.5625
2016-09-07,2625177.65625
2016-09-08,3959987.140625
2016-09-09,3339691.78125
2016-09-10,2123521.078125
2016-09-11,1970651.65625
2016-09-12,2553118.2083333335
2016-09-13,3494510.1822916665
2016-09-14,2787013.4010416665
2016-09-15,3610434.5625
2016-09-16,5293492.557291667
2016-09-17,5737267.729166667
2016-09-18,2305655.7447916665
2016-09-19,4366055.8125
2016-09-20,3289915.2447916665
2016-09-21,2347990.1145833335
2016-09-22,2712496.671875
2016-09-23,2763648.4947916665
2016-09-24,2479744.4166666665
2016-09-25,1552971.2083333333
2016-09-26,2876959.1770833335
2016-09-27,2856199.6875
2016-09-28,3078945.0572916665
2016-09-29,3436643.9947916665
2016-09-30,3180072.328125
2016-10-01,2756047.9270833335
2016-10-02,3199031.6145833335
2016-10-03,4239110.026041667
2016-10-04,4986530.942708333
2016-10-05,4299436.90625
2016-10-06,3282514.4583333335
2016-10-07,3130788.4739583335
2016-10-08,2318811.390625
2016-10-09,1864424.8020833333
2016-10-10,7340379.958333333
2016-10-11,7683862.729166667
2016-10-12,4965015.302083333
2016-10-13,5308353.057291667
2016-10-14,5343566.0625
2016-10-15,4508396.40625
2016-10-16,2251406.421875
2016-10-17,6338992.026041667
2016-10-18,5611677.572916667
2016-10-19,5392713.203125
2016-10-20,10895623.135416666
2016-10-21,2585033.5677083335
2016-10-22,3059087.125
2016-10-23,3508807.453125
2016-10-24,4979640.911458333
2016-10-25,9096275.651041666
2016-10-26,23741047.932291668
2016-10-27,19424994.479166668
2016-10-28,2773709.734375
2016-10-29,3302200.7864583335
2016-10-30,2482118.359375
2016-10-31,4150352.0052083335
2016-11-01,3691387.4583333335
2016-11-02,6192986.786458333
2016-11-03,3390594.03125
2016-11-04,5894563.078125
2016-11-05,3527901.4322916665
2016-11-06,2460068.90625
2016-11-07,5320343.817708333
2016-11-08,4209639.895833333
2016-11-09,4746139.989583333
2016-11-10,2698718.3125
2016-11-11,2413314.65625
2016-11-12,3189946.59375
2016-11-13,3253041.0104166665
2016-11-14,3535004.2291666665
2016-11-15,3423415.0416666665
2016-11-16,2998073.0
2016-11-17,5172153.505208333
2016-11-18,5281443.911458333
2016-11-19,3495469.8072916665
2016-11-20,5004308.578125
2016-11-21,12429579.927083334
2016-11-22,28036883.739583332
2016-11-23,34602762.473958336
2016-11-24,40998790.125
2016-11-25,27389805.421875
2016-11-26,16127755.578125
2016-11-27,3868505.484375
2016-11-28,7436296.6875
2016-11-29,5323788.447916667
2016-11-30,7120948.067708333
2016-12-01,9769257.677083334
2016-12-02,25568573.625
2016-12-03,9882310.151041666
2016-12-04,5823113.760416667
2016-12-05,6641389.505208333
2016-12-06,13857574.286458334
2016-12-07,7397141.432291667
2016-12-08,4295430.828125
2016-12-09,6901946.223958333
2016-12-10,6347618.625
2016-12-11,3076891.703125
2016-12-12,5971611.921875
2016-12-13,5525696.729166667
2016-12-14,6469102.4375
2016-12-15,13626238.536458334
2016-12-16,13731688.03125
2016-12-17,10354967.807291666
2016-12-18,9710303.223958334
2016-12-19,7938631.036458333
2016-12-20,13366823.796875
2016-12-21,12932437.875
2016-12-22,8135065.973958333
2016-12-23,9151464.848958334
2016-12-24,10537607.098958334
2016-12-25,3108353.4010416665
2016-12-26,4086877.65625
2016-12-27,4351003.208333333
2016-12-28,4451988.140625
2016-12-29,5203715.260416667
2016-12-30,4279240.786458333
2016-12-31,3473604.6041666665
2017-01-01,3192907.421875
2017-01-02,8794070.739583334
2017-01-03,4632546.3125
2017-01-04,8295824.885416667
2017-01-05,18391247.583333332
2017-01-06,25224872.557291668
2017-01-07,18320593.713541668
2017-01-08,11135502.135416666
2017-01-09,10285334.015625
2017-01-10,15079576.234375
2017-01-11,11676934.984375
2017-01-12,8298560.416666667
2017-01-13,5105002.598958333
2017-01-14,3342968.9427083335
2017-01-15,2387826.3854166665
2017-01-16,4830970.328125
2017-01-17,5770036.171875
2017-01-18,4075845.6458333335
2017-01-19,3004238.109375
2017-01-20,2708721.9375
2017-01-21,2017823.984375
2017-01-22,2149993.3958333335
2017-01-23,8727013.109375
2017-01-24,31972496.822916668
2017-01-25,29612140.057291668
2017-01-26,11439870.328125
2017-01-27,3452946.3958333335
2017-01-28,5074769.546875
2017-01-29,6195476.739583333
2017-01-30,16384418.515625
2017-01-31,28512292.166666668
2017-02-01,18097346.380208332
2017-02-02,14267228.078125
2017-02-03,35824265.385416664
2017-02-04,22201585.395833332
2017-02-05,20643301.203125
2017-02-06,27333185.333333332
2017-02-07,43946026.161458336
2017-02-08,39303928.072916664
2017-02-09,32388680.838541668
2017-02-10,27766798.598958332
2017-02-11,17857112.802083332
2017-02-12,7017599.822916667
2017-02-13,9291949.541666666
2017-02-14,7828094.244791667
2017-02-15,13485316.0625
2017-02-16,16783057.026041668
2017-02-17,22310105.588541668
2017-02-18,19872987.828125
2017-02-19,13401466.901041666
2017-02-20,17154118.536458332
2017-02-21,35043027.729166664
2017-02-22,52754784.578125
2017-02-23,61139955.4375
2017-02-24,56638695.338541664
2017-02-25,42265766.151041664
2017-02-26,18108593.78125
2017-02-27,16656318.651041666
2017-02-28,35700063.276041664
2017-03-01,45619462.609375
2017-03-02,52885910.354166664
2017-03-03,64640477.088541664
2017-03-04,57665892.119791664
2017-03-05,51956309.921875
2017-03-06,54979809.302083336
2017-03-07,59984872.072916664
2017-03-08,56379040.078125
2017-03-09,51395102.96875
2017-03-10,49707223.182291664
2017-03-11,53962720.385416664
2017-03-12,35710714.895833336
2017-03-13,23894362.776041668
2017-03-14,24813495.651041668
2017-03-15,28359428.84375
2017-03-16,29465052.4375
2017-03-17,26756701.411458332
2017-03-18,13680482.03125
2017-03-19,6032791.53125
2017-03-20,6074190.901041667
2017-03-21,9168579.369791666
2017-03-22,9516178.166666666
2017-03-23,8470402.463541666
2017-03-24,2612672.703125
2017-03-25,4576978.385416667
2017-03-26,1016350.3229166666
2017-03-27,8285838.078125
2017-03-28,11457706.041666666
2017-03-29,15473550.520833334
2017-03-30,6347805.401041667
2017-03-31,8711841.473958334
2017-04-01,10915295.78125
2017-04-02,2186988.4375
2017-04-03,4875727.729166667
2017-04-04,15530995.125
2017-04-05,15331218.203125
2017-04-06,13173013.4375
2017-04-07,22794358.46875
2017-04-08,27289921.458333332
2017-04-09,4472907.182291667
2017-04-10,6318957.041666667
2017-04-11,9351649.635416666
2017-04-12,15922236.609375
2017-04-13,27912967.71875
2017-04-14,39899399.104166664
2017-04-15,20346606.890625
2017-04-16,5572854.072916667
2017-04-17,6052780.59375
2017-04-18,14604235.786458334
2017-04-19,17491857.072916668
2017-04-20,23993687.161458332
2017-04-21,23780001.166666668
2017-04-22,23777233.869791668
2017-04-23,17600086.364583332
2017-04-24,14013120.411458334
2017-04-25,31947659.010416668
2017-04-26,30566122.942708332
2017-04-27,32209406.786458332
2017-04-28,42568047.302083336
2017-04-29,29306454.182291668
2017-04-30,14396953.755208334
2017-05-01,13899985.317708334
2017-05-02,27517969.833333332
2017-05-03,41648930.578125
2017-05-04,55040284.489583336
2017-05-05,78788948.29166667
2017-05-06,74455117.18229167
2017-05-07,57109964.234375
2017-05-08,49800480.25
2017-05-09,59958412.265625
2017-05-10,89702405.07291667
2017-05-11,103858702.84375
2017-05-12,110121287.71354167
2017-05-13,102372718.11458333
2017-05-14,93299663.515625
2017-05-15,88295458.75
2017-05-16,107830156.80208333
2017-05-17,100123519.96875
2017-05-18,98171869.9375
2017-05-19,91835411.53125
2017-05-20,96005315.31770833
2017-05-21,100918871.453125
2017-05-22,109968527.88020833
2017-05-23,108705578.22395833
2017-05-24,107227715.28125
2017-05-25,103944861.75520833
2017-05-26,108304258.10416667
2017-05-27,103756434.453125
2017-05-28,97334192.53125
2017-05-29,92743199.72395833
2017-05-30,100582934.83854167
2017-05-31,98991656.58854167
2017-06-01,100246139.44791667
2017-06-02,101149724.89583333
2017-06-03,92420304.6875
2017-06-04,83855326.93229167
2017-06-05,67663358.203125
2017-06-06,68808394.71875
2017-06-07,70340173.24479167
2017-06-08,58575463.473958336
2017-06-09,54739486.885416664
2017-06-10,50269611.942708336
2017-06-11,48001076.333333336
2017-06-12,43965751.109375
2017-06-13,55652206.088541664
2017-06-14,60890056.114583336
2017-06-15,56997415.880208336
2017-06-16,46402864.8125
2017-06-17,40028171.645833336
2017-06-18,27573455.265625
2017-06-19,14130650.119791666
2017-06-20,15984578.203125
2017-06-21,27390099.041666668
2017-06-22,29140657.697916668
2017-06-23,16011332.947916666
2017-06-24,17138656.411458332
2017-06-25,12886969.869791666
2017-06-26,16824960.442708332
2017-06-27,18981537.609375
2017-06-28,15365199.453125
2017-06-29,20706794.010416668
2017-06-30,20857975.708333332
2017-07-01,7068651.536458333
2017-07-02,5610033.078125
2017-07-03,4397002.869791667
2017-07-04,9627419.119791666
2017-07-05,10762963.880208334
2017-07-06,20714987.640625
2017-07-07,18565077.994791668
2017-07-08,8429926.979166666
2017-07-09,5048875.078125
2017-07-10,8381885.354166667
2017-07-11,19529894.125
2017-07-12,15384175.744791666
2017-07-13,31094103.75
2017-07-14,30220674.78125
2017-07-15,35464081.354166664
2017-07-16,30092574.302083332
2017-07-17,31651372.739583332
2017-07-18,30235992.151041668
2017-07-19,34663978.854166664
2017-07-20,33920999.46875
2017-07-21,36498896.473958336
2017-07-22,20713408.416666668
2017-07-23,6556474.90625
2017-07-24,13101800.921875
2017-07-25,18128530.723958332
2017-07-26,22233423.078125
2017-07-27,7221605.828125
2017-07-28,3698890.2447916665
2017-07-29,5143316.932291667
2017-07-30,2164028.6041666665
2017-07-31,5997711.005208333
2017-08-01,4691923.828125
2017-08-02,8879136.541666666
2017-08-03,11365475.0
2017-08-04,23613449.661458332
2017-08-05,9461848.833333334
2017-08-06,2188364.7135416665
2017-08-07,28487220.359375
2017-08-08,36986271.916666664
2017-08-09,41416931.651041664
2017-08-10,46919824.854166664
2017-08-11,52254765.942708336
2017-08-12,23840710.244791668
2017-08-13,25052889.286458332
2017-08-14,38480384.630208336
2017-08-15,46368525.536458336
2017-08-16,60482784.901041664
2017-08-17,49186595.739583336
2017-08-18,48563116.421875
2017-08-19,48365669.385416664
2017-08-20,40935189.536458336
2017-08-21,55927758.369791664
2017-08-22,85097599.15625
2017-08-23,83441299.8125
2017-08-24,76446299.86979167
2017-08-25,95900167.30729167
2017-08-26,99118302.515625
2017-08-27,72527699.71875
2017-08-28,65454353.473958336
2017-08-29,33828614.572916664
2017-08-30,23635314.697916668
2017-08-31,21255990.911458332
2017-09-01,26835636.010416668
2017-09-02,7303234.416666667
2017-09-03,6661176.229166667
2017-09-04,9693861.994791666
2017-09-05,6037470.682291667
2017-09-06,7013269.197916667
2017-09-07,7782402.880208333
2017-09-08,7932159.510416667
2017-09-09,6133704.90625
2017-09-10,6523634.557291667
2017-09-11,7704302.390625
2017-09-12,4998511.848958333
2017-09-13,5364755.302083333
2017-09-14,11010421.651041666
2017-09-15,6377794.192708333
2017-09-16,4467211.916666667
2017-09-17,4885264.260416667
2017-09-18,16801808.859375
2017-09-19,12893239.3125
2017-09-20,11109685.619791666
2017-09-21,5662879.572916667
2017-09-22,6670262.213541667
2017-09-23,4885477.104166667
2017-09-24,5289812.015625
2017-09-25,11010800.333333334
2017-09-26,9353866.067708334
2017-09-27,7295471.057291667
2017-09-28,7148082.385416667
2017-09-29,6007180.640625
2017-09-30,7871533.447916667
2017-10-01,10555395.088541666
2017-10-02,14157025.453125
2017-10-03,10400551.828125
2017-10-04,11007644.1875
2017-10-05,14266760.875
2017-10-06,7341284.354166667
2017-10-07,9173549.994791666
2017-10-08,6239105.817708333
2017-10-09,9222213.78125
2017-10-10,10736477.276041666
2017-10-11,15694621.588541666
2017-10-12,10496262.552083334
2017-10-13,42653823.447916664
2017-10-14,30499612.203125
2017-10-15,9220362.760416666
2017-10-16,13163968.911458334
2017-10-17,10481734.244791666
2017-10-18,16012121.833333334
2017-10-19,24776527.526041668
2017-10-20,27203717.203125
2017-10-21,37036519.739583336
2017-10-22,34677791.432291664
2017-10-23,38396146.833333336
2017-10-24,43175647.322916664
2017-10-25,17303410.255208332
2017-10-26,3288013.0520833335
2017-10-27,28453039.640625
2017-10-28,40321015.880208336
2017-10-29,26869483.244791668
2017-10-30,24307806.838541668
2017-10-31,24072227.036458332
2017-11-01,43835822.734375
2017-11-02,46450064.145833336
2017-11-03,57855901.140625
2017-11-04,63895949.005208336
2017-11-05,43017789.010416664
2017-11-06,43477664.588541664
2017-11-07,49216216.744791664
2017-11-08,49265784.432291664
2017-11-09,63788633.333333336
2017-11-10,75786555.89583333
2017-11-11,104843908.88541667
2017-11-12,101331166.765625
2017-11-13,98374574.05208333
2017-11-14,104924852.640625
2017-11-15,103764233.44270833
2017-11-16,98351419.046875
2017-11-17,91794399.09375
2017-11-18,92901652.15625
2017-11-19,65770127.119791664
2017-11-20,63527306.776041664
2017-11-21,68747921.27604167
2017-11-22,66531848.234375
2017-11-23,70804380.796875
2017-11-24,68344058.140625
2017-11-25,61987729.546875
2017-11-26,59818385.901041664
2017-11-27,60082278.317708336
2017-11-28,77253045.16145833
2017-11-29,94134287.703125
2017-11-30,103860275.64583333
2017-12-01,98411942.33333333
2017-12-02,87629935.28125
2017-12-03,84147028.15625
2017-12-04,80979423.296875
2017-12-05,85733616.22395833
2017-12-06,99921485.328125
2017-12-07,99537298.64583333
2017-12-08,86267170.10416667
2017-12-09,76822623.64583333
2017-12-10,75038618.94270833
2017-12-11,117849506.47395833
2017-12-12,119831308.23958333
2017-12-13,114308798.29166667
2017-12-14,112713237.10416667
2017-12-15,107549624.20833333
2017-12-16,102683617.46875
2017-12-17,112986577.25
2017-12-18,111263467.44270833
2017-12-19,107105152.890625
2017-12-20,105401709.78645833
2017-12-21,106199101.359375
2017-12-22,101393870.67708333
2017-12-23,116434750.14583333
2017-12-24,118682112.27604167
2017-12-25,120081464.29166667
2017-12-26,115754630.890625
2017-12-27,114224979.4375
2017-12-28,112410205.765625
2017-12-29,112179465.72395833
2017-12-30,111167114.42708333
2017-12-31,104853269.97916667
2018-01-01,115189579.890625
2018-01-02,118380209.54166667
2018-01-03,115270183.97395833
2018-01-04,116345461.94270833
2018-01-05,109641403.52083333
2018-01-06,104876587.77604167
2018-01-07,107145117.10416667
2018-01-08,112889447.109375
2018-01-09,132438928.19270833
2018-01-10,135196883.984375
2018-01-11,136713285.515625
2018-01-12,133388993.05729167
2018-01-13,130185322.33333333
2018-01-14,124360217.52604167
2018-01-15,120124246.22916667
2018-01-16,55212844.166666664
2018-01-17,119412466.22916667
2018-01-18,113695005.20833333
2018-01-19,110591620.83854167
2018-01-20,101184054.59375
2018-01-21,109153895.95833333
2018-01-22,127296695.27604167
2018-01-23,118934836.515625
2018-01-24,120272551.40625
2018-01-25,114523149.6875
2018-01-26,102190346.109375
2018-01-27,82944028.859375
2018-01-28,79098038.28125
2018-01-29,55543280.197916664
2018-01-30,48986896.354166664
2018-01-31,51453597.984375
2018-02-01,49453119.651041664
2018-02-02,56214087.083333336
2018-02-03,44108995.041666664
2018-02-04,37586488.614583336
2018-02-05,17456362.989583332
2018-02-06,25212457.411458332
2018-02-07,28548506.453125
2018-02-08,20841982.625
2018-02-09,27675672.078125
2018-02-10,33649378.260416664
2018-02-11,26340253.802083332
2018-02-12,22873778.442708332
2018-02-13,24686103.614583332
2018-02-14,45197632.744791664
2018-02-15,10644494.953125
2018-02-16,8694839.979166666
2018-02-17,34269572.65625
2018-02-18,37722291.234375
2018-02-19,28940260.552083332
2018-02-20,15517739.0
2018-02-21,16106251.369791666
2018-02-22,5499427.380208333
2018-02-23,10952955.567708334
2018-02-24,62457407.786458336
2018-02-25,10421433.916666666
2018-02-26,35761071.505208336
2018-02-27,73097617.94270833
2018-02-28,34489690.630208336
2018-03-01,29108480.729166668
2018-03-02,6008952.90625
2018-03-03,33619487.479166664
2018-03-04,29294935.59375
2018-03-05,29397117.369791668
2018-03-06,23908185.078125
2018-03-07,21074802.010416668
2018-03-08,20149039.067708332
2018-03-09,16340329.109375
2018-03-10,14150220.234375
2018-03-11,10109769.713541666
2018-03-12,2595475.0729166665
2018-03-13,4892910.6875
2018-03-14,1006026.6927083334
2018-03-15,1285894.6979166667
2018-03-16,858160.5572916666
2018-03-17,513876.71875
2018-03-18,1157220.09375
2018-03-19,901360.4010416666
2018-03-20,1580921.25
2018-03-21,984672.0
2018-03-22,1311783.8020833333
2018-03-23,2563055.4166666665
2018-03-24,653483.5364583334
2018-03-25,1252024.53125
2018-03-26,2318134.59375
2018-03-27,3156031.421875
2018-03-28,1131276.4010416667
2018-03-29,898042.4322916666
2018-03-30,706226.3072916666
2018-03-31,1306019.3489583333
2018-04-01,584354.3541666666
2018-04-02,541424.1666666666
2018-04-03,1093100.3802083333
2018-04-04,1365481.7447916667
2018-04-05,819669.5208333334
2018-04-06,3253155.1875
2018-04-07,660710.5364583334
2018-04-08,398883.5833333333
2018-04-09,1495408.2864583333
2018-04-10,922687.3958333334
2018-04-11,980444.5625
2018-04-12,3145880.453125
2018-04-13,1883523.3177083333
2018-04-14,18158944.552083332
2018-04-15,5205960.119791667
2018-04-16,3272657.375
2018-04-17,2142633.703125
2018-04-18,788040.7135416666
2018-04-19,755555.75
2018-04-20,2056413.8802083333
2018-04-21,2072695.0208333333
2018-04-22,674949.2447916666
2018-04-23,1022669.9270833334
2018-04-24,2499278.859375
2018-04-25,6844924.65625
2018-04-26,1849715.25
2018-04-27,2993604.8697916665
2018-04-28,3654955.3177083335
2018-04-29,812425.2604166666
2018-04-30,995847.7239583334
2018-05-01,845503.90625
2018-05-02,1923236.4583333333
2018-05-03,6291919.557291667
2018-05-04,2776622.3020833335
2018-05-05,1201208.4270833333
2018-05-06,1472980.5208333333
2018-05-07,2620975.0625
2018-05-08,2409853.0416666665
2018-05-09,889010.7708333334
2018-05-10,872891.8177083334
2018-05-11,9402744.515625
2018-05-12,913902.0
2018-05-13,1101944.78125
2018-05-14,2682559.7864583335
2018-05-15,1743911.8802083333
2018-05-16,796733.4114583334
2018-05-17,2308553.484375
2018-05-18,2102543.8645833335
2018-05-19,553833.09375
2018-05-20,564345.4895833334
2018-05-21,1535869.171875
2018-05-22,1428425.953125
2018-05-23,979308.1770833334
2018-05-24,795497.9166666666
2018-05-25,1502305.3958333333
2018-05-26,456231.96875
2018-05-27,504569.9635416667
2018-05-28,1307938.2604166667
2018-05-29,2444069.4114583335
2018-05-30,655925.296875
2018-05-31,957711.4375
2018-06-01,1241944.375
2018-06-02,989490.34375
2018-06-03,11079912.5
2018-06-04,27403096.6875
2018-06-05,7964119.713541667
2018-06-06,14681733.96875
2018-06-07,41141265.28125
2018-06-08,4709737.479166667
2018-06-09,757965.15625
2018-06-10,1087254.7135416667
2018-06-11,1601863.6666666667
2018-06-12,12395975.369791666
2018-06-13,5015185.291666667
2018-06-14,1336782.0104166667
2018-06-15,1409213.84375
2018-06-16,451826.0625
2018-06-17,511002.9635416667
2018-06-18,927388.2135416666
2018-06-19,3042390.9010416665
2018-06-20,14204880.322916666
2018-06-21,687118.5104166666
2018-06-22,2070684.4114583333
2018-06-23,673061.1197916666
2018-06-24,503437.1197916667
2018-06-25,3118866.3541666665
2018-06-26,13020214.635416666
2018-06-27,16518360.125
2018-06-28,1140866.1614583333
2018-06-29,842954.4322916666
2018-06-30,3347618.6770833335
2018-07-01,838489.7708333334
2018-07-02,7181058.052083333
2018-07-03,24530686.4375
2018-07-04,4487442.765625
2018-07-05,1309351.9270833333
2018-07-06,861328.484375
2018-07-07,626850.609375
2018-07-08,764584.78125
2018-07-09,9706224.854166666
2018-07-10,4883520.583333333
2018-07-11,7524178.979166667
2018-07-12,36388131.786458336
2018-07-13,43265153.671875
2018-07-14,37417937.677083336
2018-07-15,3856557.4427083335
2018-07-16,2802099.09375
2018-07-17,3778766.0572916665
2018-07-18,8585529.338541666
2018-07-19,1554953.7708333333
2018-07-20,1728086.453125
2018-07-21,1076930.015625
2018-07-22,429936.4583333333
2018-07-23,2512663.296875
2018-07-24,2699793.3489583335
2018-07-25,4480197.697916667
2018-07-26,1417395.34375
2018-07-27,1546922.375
2018-07-28,1388287.46875
2018-07-29,781069.984375
2018-07-30,1983322.9270833333
2018-07-31,3507040.6510416665
2018-08-01,6518011.786458333
2018-08-02,1284209.40625
2018-08-03,2775561.140625
2018-08-04,559003.296875
2018-08-05,542390.5
2018-08-06,9546681.671875
2018-08-07,8778062.588541666
2018-08-08,1181538.8177083333
2018-08-09,3042528.328125
2018-08-10,1161893.8125
2018-08-11,783105.5989583334
2018-08-12,605163.125
2018-08-13,1727228.2083333333
2018-08-14,3114322.984375
2018-08-15,1121751.9166666667
2018-08-16,1590850.78125
2018-08-17,1400317.78125
2018-08-18,750645.7760416666
2018-08-19,895806.1458333334
2018-08-20,2461402.0104166665
2018-08-21,1695234.578125
2018-08-22,1329825.6510416667
2018-08-23,1194989.6041666667
2018-08-24,1582556.1614583333
2018-08-25,835233.6458333334
2018-08-26,702944.75
2018-08-27,2041832.5885416667
2018-08-28,4055358.5625
2018-08-29,1429494.2864583333
2018-08-30,2230334.0260416665
2018-08-31,1520187.2864583333
2018-09-01,1133205.8541666667
2018-09-02,782787.9635416666
2018-09-03,3322534.7708333335
2018-09-04,2881333.2552083335
2018-09-05,5947147.302083333
2018-09-06,2476819.75
2018-09-07,3449393.2916666665
2018-09-08,909512.5364583334
2018-09-09,730554.2447916666
2018-09-10,2053577.28125
2018-09-11,4588520.182291667
2018-09-12,1077641.1822916667
2018-09-13,1487860.4895833333
2018-09-14,11539834.875
2018-09-15,1802706.0364583333
2018-09-16,688904.0104166666
2018-09-17,1775057.7760416667
2018-09-18,1391607.8697916667
2018-09-19,1599252.71875
2018-09-20,1287737.2447916667
2018-09-21,2276440.796875
2018-09-22,1040355.1822916666
2018-09-23,731336.421875
2018-09-24,1029921.0520833334
2018-09-25,2088238.8541666667
2018-09-26,2283151.8020833335
2018-09-27,2487122.7239583335
2018-09-28,2369236.1354166665
2018-09-29,1042938.2552083334
2018-09-30,753522.484375
2018-10-01,1868945.625
2018-10-02,4553284.552083333
2018-10-03,1857809.1770833333
2018-10-04,1167024.7447916667
2018-10-05,6327072.895833333
2018-10-06,1364754.0416666667
2018-10-07,1905331.5989583333
2018-10-08,1695351.1927083333
2018-10-09,1675920.96875
2018-10-10,1668298.0104166667
2018-10-11,2114026.7864583335
2018-10-12,5494665.161458333
2018-10-13,1281502.4895833333
2018-10-14,1795058.3020833333
2018-10-15,2450165.3177083335
2018-10-16,3984237.015625
2018-10-17,3007677.4947916665
2018-10-18,2262354.1979166665
2018-10-19,3343628.921875
2018-10-20,1327034.984375
2018-10-21,1221430.8385416667
2018-10-22,3205895.203125
2018-10-23,3275726.6770833335
2018-10-24,4466015.864583333
2018-10-25,4016244.53125
2018-10-26,4044446.7395833335
2018-10-27,1992037.8802083333
2018-10-28,1240596.09375
2018-10-29,4983660.203125
2018-10-30,2015800.234375
2018-10-31,1985682.9635416667
2018-11-01,2197534.4270833335
2018-11-02,6277279.911458333
2018-11-03,1324617.171875
2018-11-04,3889985.8802083335
2018-11-05,4524089.927083333
2018-11-06,6803467.5625
2018-11-07,5120738.958333333
2018-11-08,4766099.104166667
2018-11-09,4285169.588541667
2018-11-10,3829130.0104166665
2018-11-11,1194598.265625
2018-11-12,2369483.25
2018-11-13,4781056.072916667
2018-11-14,8082513.640625
2018-11-15,8937997.432291666
2018-11-16,5717016.973958333
2018-11-17,1717264.171875
2018-11-18,2166907.5520833335
2018-11-19,10140917.703125
2018-11-20,25273244.395833332
2018-11-21,20586820.71875
2018-11-22,7810965.255208333
2018-11-23,3345810.3645833335
2018-11-24,2296046.9427083335
2018-11-25,2589082.15625
2018-11-26,5070869.75
2018-11-27,4820112.526041667
2018-11-28,6263549.885416667
2018-11-29,10283865.307291666
2018-11-30,9124699.671875
2018-12-01,3124031.7708333335
2018-12-02,1799537.8802083333
2018-12-03,6305388.052083333
2018-12-04,4362895.015625
2018-12-05,3154257.7447916665
2018-12-06,3086059.0208333335
2018-12-07,5434386.484375
2018-12-08,1957930.9322916667
2018-12-09,1484087.0520833333
2018-12-10,4806711.276041667
2018-12-11,4357009.140625
2018-12-12,4293501.552083333
2018-12-13,2728803.6927083335
2018-12-14,3407228.953125
2018-12-15,1444650.5572916667
2018-12-16,2382819.5208333335
2018-12-17,1955299.625
2018-12-18,5793907.109375
2018-12-19,3689488.484375
2018-12-20,3073779.8489583335
2018-12-21,2853639.9791666665
2018-12-22,1306721.1354166667
2018-12-23,1062305.5572916667
2018-12-24,2396404.0052083335
2018-12-25,1211149.1302083333
2018-12-26,1486137.8645833333
2018-12-27,1571123.5416666667
2018-12-28,1519955.359375
2018-12-29,2159144.7916666665
2018-12-30,992322.25
2018-12-31,1234752.9479166667
2019-01-01,894572.6666666666
2019-01-02,1722751.5833333333
2019-01-03,1827775.9270833333
2019-01-04,2492915.6302083335
2019-01-05,1125635.609375
2019-01-06,1389890.84375
2019-01-07,2187367.2083333335
2019-01-08,1359813.421875
2019-01-09,2373628.7864583335
2019-01-10,1738924.203125
2019-01-11,2439384.8802083335
2019-01-12,1190323.6510416667
2019-01-13,1530742.6979166667
2019-01-14,1629808.6614583333
2019-01-15,3281306.28125
2019-01-16,3428549.9322916665
2019-01-17,2911198.6770833335
2019-01-18,2062786.8020833333
2019-01-19,1348613.9791666667
2019-01-20,1062918.5260416667
2019-01-21,1190644.8229166667
2019-01-22,3097689.921875
2019-01-23,4792615.557291667
2019-01-24,2111985.0677083335
2019-01-25,2742764.5520833335
2019-01-26,1727230.8541666667
2019-01-27,1235689.734375
2019-01-28,4522704.932291667
2019-01-29,1527638.6927083333
2019-01-30,2525558.5
2019-01-31,1634374.0625
2019-02-01,2741011.2708333335
2019-02-02,1520594.4375
2019-02-03,1400928.359375
2019-02-04,1512956.0260416667
2019-02-05,1748894.2916666667
2019-02-06,2278051.2916666665
2019-02-07,1995666.3125
2019-02-08,3919227.859375
2019-02-09,1664690.359375
2019-02-10,1321414.484375
2019-02-11,10396713.671875
2019-02-12,15991012.854166666
2019-02-13,7093127.010416667
2019-02-14,2003596.125
2019-02-15,9732323.067708334
2019-02-16,2825353.7552083335
2019-02-17,1529757.4270833333
2019-02-18,3335751.6927083335
2019-02-19,6301388.552083333
2019-02-20,4445042.947916667
2019-02-21,6205231.697916667
2019-02-22,5316994.59375
2019-02-23,2284539.5260416665
2019-02-24,2578706.53125
2019-02-25,5647723.979166667
2019-02-26,3095928.0364583335
2019-02-27,3621757.0104166665
2019-02-28,4721823.005208333
2019-03-01,6426696.682291667
2019-03-02,3340687.3489583335
2019-03-03,2082169.3385416667
2019-03-04,4740168.40625
2019-03-05,2365570.1875
2019-03-06,5335178.260416667
2019-03-07,4258329.895833333
2019-03-08,2280721.4947916665
2019-03-09,1762738.3125
2019-03-10,1394551.640625
2019-03-11,3113376.125
2019-03-12,4314413.927083333
2019-03-13,6059248.703125
2019-03-14,2681616.3697916665
2019-03-15,1763851.2864583333
2019-03-16,922152.6302083334
2019-03-17,945280.6666666666
2019-03-18,1532831.2552083333
2019-03-19,1560992.578125
2019-03-20,3012063.9166666665
2019-03-21,3074185.765625
2019-03-22,1582139.7552083333
2019-03-23,788117.6666666666
2019-03-24,929581.390625
2019-03-25,2168468.4322916665
2019-03-26,7523835.671875
2019-03-27,11264181.244791666
2019-03-28,17245470.317708332
2019-03-29,19355859.359375
2019-03-30,16530734.026041666
2019-03-31,13936585.625
2019-04-01,21924181.75
2019-04-02,33190086.390625
2019-04-03,39465207.427083336
2019-04-04,43164175.213541664
2019-04-05,23436309.244791668
2019-04-06,10742657.776041666
2019-04-07,4469463.614583333
2019-04-08,7069189.390625
2019-04-09,8480759.786458334
2019-04-10,7296860.885416667
2019-04-11,6720486.828125
2019-04-12,3336549.3125
2019-04-13,2920862.9791666665
2019-04-14,3397541.890625
2019-04-15,5865786.265625
2019-04-16,9696072.291666666
2019-04-17,11085840.645833334
2019-04-18,12446456.291666666
2019-04-19,7847918.317708333
2019-04-20,13513045.572916666
2019-04-21,5196291.0
2019-04-22,8053150.78125
2019-04-23,20456730.197916668
2019-04-24,20742732.864583332
2019-04-25,12929635.442708334
2019-04-26,12003666.416666666
2019-04-27,4241798.807291667
2019-04-28,2088330.4479166667
2019-04-29,7827196.265625
2019-04-30,10408107.822916666
2019-05-01,3260604.5208333335
2019-05-02,2697508.1197916665
2019-05-03,7388547.9375
2019-05-04,4935228.270833333
2019-05-05,5407958.53125
2019-05-06,6214882.239583333
2019-05-07,10511389.666666666
2019-05-08,12598402.151041666
2019-05-09,13377133.125
2019-05-10,20055846.677083332
2019-05-11,22940355.932291668
2019-05-12,13909128.4375
2019-05-13,6777872.229166667
2019-05-14,14312960.979166666
2019-05-15,27192712.598958332
2019-05-16,40228629.65625
2019-05-17,41698633.28125
2019-05-18,27712175.109375
2019-05-19,4034060.4739583335
2019-05-20,6946706.401041667
2019-05-21,12195561.296875
2019-05-22,10720216.645833334
2019-05-23,6854254.848958333
2019-05-24,10886247.28125
2019-05-25,5379069.432291667
2019-05-26,1615805.0833333333
2019-05-27,7103530.208333333
2019-05-28,8310698.432291667
2019-05-29,3589344.0364583335
2019-05-30,9144692.651041666
2019-05-31,22297982.098958332
2019-06-01,15797685.890625
2019-06-02,7145194.583333333
2019-06-03,13001401.208333334
2019-06-04,16979565.411458332
2019-06-05,4959840.942708333
2019-06-06,2808878.0572916665
2019-06-07,6646492.328125
2019-06-08,3386733.1614583335
2019-06-09,1756899.4479166667
2019-06-10,3772991.6770833335
2019-06-11,9975503.864583334
2019-06-12,8827878.848958334
2019-06-13,12700784.546875
2019-06-14,15993713.927083334
2019-06-15,6289601.421875
2019-06-16,8969659.90625
2019-06-17,16335095.791666666
2019-06-18,15810799.114583334
2019-06-19,5929236.0625
2019-06-20,12945400.145833334
2019-06-21,23317748.354166668
2019-06-22,30485228.28125
2019-06-23,7270253.723958333
2019-06-24,5582806.182291667
2019-06-25,11944638.421875
2019-06-26,24049397.864583332
2019-06-27,44132059.0625
2019-06-28,36971964.307291664
2019-06-29,7080898.895833333
2019-06-30,1409737.203125
2019-07-01,10259632.270833334
2019-07-02,16339789.614583334
2019-07-03,4549712.713541667
2019-07-04,5454612.015625
2019-07-05,4267362.067708333
2019-07-06,1233619.8541666667
2019-07-07,1509156.5625
2019-07-08,6626038.697916667
2019-07-09,7877756.739583333
2019-07-10,17956193.661458332
2019-07-11,24262268.52631579
2019-07-12,14646797.333333334
2019-07-13,2164035.375
2019-07-14,2320737.34375
2019-07-15,5724699.6875
2019-07-16,1675480.953125
2019-07-17,16357014.385416666
2019-07-18,38765990.052083336
2019-07-19,43267141.7819149
2019-07-20,7716294.489583333
2019-07-21,2011926.1822916667
2019-07-22,3696611.1354166665
2019-07-23,3522993.4427083335
2019-07-24,4304957.020833333
2019-07-25,3305385.1197916665
2019-07-26,1727429.546875
2019-07-27,1376416.6041666667
2019-07-28,1056679.9166666667
2019-07-29,1777922.8072916667
2019-07-30,5816176.723958333
2019-07-31,2549004.296875
2019-08-01,3647066.03125
2019-08-02,2507906.0416666665
2019-08-03,1105209.3541666667
2019-08-04,1045560.703125
2019-08-05,5361222.578125
2019-08-06,3887998.1145833335
2019-08-07,6951208.572916667
2019-08-08,10865013.317708334
2019-08-09,3919121.5520833335
2019-08-10,1392744.4322916667
2019-08-11,928821.2604166666
2019-08-12,8205420.520833333
2019-08-13,8414872.145833334
2019-08-14,2232054.53125
2019-08-15,2997142.6979166665
2019-08-16,4703490.192708333
2019-08-17,1926691.3854166667
2019-08-18,1779761.0520833333
2019-08-19,2620450.4427083335
2019-08-20,3623536.328125
2019-08-21,5071184.729166667
2019-08-22,5324313.135416667
2019-08-23,2183963.859375
2019-08-24,1821692.5572916667
2019-08-25,1244372.3854166667
2019-08-26,5406814.703125
2019-08-27,3706944.328125
2019-08-28,4091813.65625
2019-08-29,2187723.7552083335
2019-08-30,2528589.6770833335
2019-08-31,1116796.8229166667
2019-09-01,1198293.0520833333
2019-09-02,3309532.8229166665
2019-09-03,3096847.3802083335
2019-09-04,6442863.072916667
2019-09-05,2819624.9947916665
2019-09-06,2819850.609375
2019-09-07,1404124.5260416667
2019-09-08,857106.1302083334
2019-09-09,3913132.703125
2019-09-10,1950824.3645833333
2019-09-11,2722989.1510416665
2019-09-12,1516257.484375
2019-09-13,3888156.2864583335
2019-09-14,1067992.6770833333
2019-09-15,2527124.6197916665
2019-09-16,5915496.614583333
2019-09-17,3616500.6822916665
2019-09-18,3462200.6666666665
2019-09-19,2258286.59375
2019-09-20,3211437.6458333335
2019-09-21,1242761.0208333333
2019-09-22,1017403.25
2019-09-23,9245105.625
2019-09-24,3951758.6614583335
2019-09-25,2652068.9895833335
2019-09-26,1636925.6041666667
2019-09-27,5430850.989583333
2019-09-28,1160432.4739583333
2019-09-29,1004538.140625
2019-09-30,6008748.9375
2019-10-01,2824371.015625
2019-10-02,1800259.3489583333
2019-10-03,3058428.0572916665
2019-10-04,1854638.03125
2019-10-05,1000000.4114583334
2019-10-06,1051813.0885416667
2019-10-07,1916250.0625
2019-10-08,1718228.5625
2019-10-09,5272286.96875
2019-10-10,1662732.2708333333
2019-10-11,2061085.109375
2019-10-12,1240336.7447916667
2019-10-13,1299659.3489583333
2019-10-14,4173932.2239583335
2019-10-15,1865556.5625
2019-10-16,2274581.390625
2019-10-17,3394864.0
2019-10-18,2202760.3958333335
2019-10-19,1376156.4114583333
2019-10-20,854893.109375
2019-10-21,1171660.1666666667
2019-10-22,2689617.1979166665
2019-10-23,1644264.09375
2019-10-24,4783506.848958333
2019-10-25,5959592.348958333
2019-10-26,5698368.234375
2019-10-27,3781292.2135416665
2019-10-28,4658544.270833333
2019-10-29,3032193.046875
2019-10-30,2181580.15625
2019-10-31,3597992.4375
2019-11-01,6078834.802083333
2019-11-02,1521948.3125
2019-11-03,1945557.1666666667
2019-11-04,4492972.9375
2019-11-05,3524630.9583333335
2019-11-06,5187714.614583333
2019-11-07,4411573.182291667
2019-11-08,3941631.6614583335
2019-11-09,2129273.8229166665
2019-11-10,1157606.2083333333
2019-11-11,1719786.5260416667
2019-11-12,4576410.28125
2019-11-13,5558928.348958333
2019-11-14,1825693.4322916667
2019-11-15,64534464.921875
2019-11-16,62955998.364583336
2019-11-17,20500959.947916668
2019-11-18,5151590.6875
2019-11-19,5475695.432291667
2019-11-20,2018538.3333333333
2019-11-21,3884607.2604166665
2019-11-22,6423297.119791667
2019-11-23,1067024.0364583333
2019-11-24,1518497.09375
2019-11-25,9141917.697916666
2019-11-26,15747904.890625
2019-11-27,3618479.4375
2019-11-28,1492633.2604166667
2019-11-29,5788698.921875
2019-11-30,1738867.5833333333
2019-12-01,1031968.0
2019-12-02,2426504.78125
2019-12-03,1497022.6614583333
2019-12-04,1348646.546875
2019-12-05,1469241.7395833333
2019-12-06,2876088.171875
2019-12-07,1106727.3072916667
2019-12-08,827388.4791666666
2019-12-09,3959433.0416666665
2019-12-10,2941314.4635416665
2019-12-11,3050213.359375
2019-12-12,2605297.0677083335
2019-12-13,1521868.28125
2019-12-14,1086669.4114583333
2019-12-15,2640417.7239583335
2019-12-16,2246623.8489583335
2019-12-17,8234153.255208333
2019-12-18,4191511.7395833335
2019-12-19,2255075.7239583335
2019-12-20,1443830.3072916667
2019-12-21,825763.6822916666
2019-12-22,843539.3645833334
2019-12-23,2984145.3854166665
2019-12-24,2292494.8385416665
2019-12-25,1035091.9322916666
2019-12-26,1155636.140625
2019-12-27,1288972.625
2019-12-28,1169162.2760416667
2019-12-29,754730.4427083334
2019-12-30,1225809.5729166667
2019-12-31,2261684.3333333335
2020-01-01,582890.4427083334
2020-01-02,1364773.1197916667
2020-01-03,1209111.9114583333
2020-01-04,996056.734375
2020-01-05,854997.1614583334
2020-01-06,4030594.8229166665
2020-01-07,1860417.53125
2020-01-08,5766798.369791667
2020-01-09,2590483.1458333335
2020-01-10,2115614.9739583335
2020-01-11,1048490.3854166666
2020-01-12,965338.875
2020-01-13,4755597.973958333
2020-01-14,6241772.520833333
2020-01-15,2983983.2760416665
2020-01-16,1551292.3229166667
2020-01-17,3060255.4114583335
2020-01-18,2198785.0364583335
2020-01-19,1700845.984375
2020-01-20,1463771.84375
2020-01-21,4015498.0885416665
2020-01-22,2282189.671875
2020-01-23,1687616.8333333333
2020-01-24,4465223.119791667
2020-01-25,1659118.4635416667
2020-01-26,1414925.1875
2020-01-27,6617249.244791667
2020-01-28,3843485.3541666665
2020-01-29,2419968.2135416665
2020-01-30,3131312.1458333335
2020-01-31,3675779.6666666665
2020-02-01,3171877.21875
2020-02-02,2238632.6041666665
2020-02-03,3502053.1510416665
2020-02-04,5165676.8125
2020-02-05,1872950.0364583333
2020-02-06,10982286.067708334
2020-02-07,16522111.338541666
2020-02-08,2757856.5052083335
2020-02-09,1190942.03125
2020-02-10,7420927.692708333
2020-02-11,7876165.359375
2020-02-12,10697806.308510639
2020-02-13,7083490.401041667
2020-02-14,6175986.776041667
2020-02-15,2608012.2604166665
2020-02-16,1354284.8854166667
2020-02-17,2035385.8541666667
2020-02-18,3025634.921875
2020-02-19,3646555.796875
2020-02-20,5627637.869791667
2020-02-21,2609746.703125
2020-02-22,1343886.0208333333
2020-02-23,1199753.9947916667
2020-02-24,3962301.984375
2020-02-25,3868687.578125
2020-02-26,4967234.036458333
2020-02-27,3039499.9947916665
2020-02-28,1671062.4583333333
2020-02-29,1784792.8645833333
2020-03-01,850093.1979166666
2020-03-02,4776531.317708333
2020-03-03,4316301.177083333
2020-03-04,12036699.140625
2020-03-05,2209347.7447916665
2020-03-06,5270671.989583333
2020-03-07,1067379.3125
2020-03-08,969658.6510416666
2020-03-09,4921190.822916667
2020-03-10,5808498.145833333
2020-03-11,8068021.651041667
2020-03-12,11579484.151041666
2020-03-13,22005310.77840909
2020-03-14,7120572.421875
2020-03-15,2727108.7552083335
2020-03-16,8239804.557291667
2020-03-17,9613031.385416666
2020-03-18,8404416.729166666
2020-03-19,9403928.484375
2020-03-20,15067909.583333334
2020-03-21,4023548.6302083335
2020-03-22,1187514.7135416667
2020-03-23,6424794.411458333
2020-03-24,3089820.7239583335
2020-03-25,10568134.723404255
2020-03-26,6711062.213541667
2020-03-27,4423811.677083333
2020-03-28,1546414.6979166667
2020-03-29,837789.8229166666
2020-03-30,2470269.359375
2020-03-31,3046761.7552083335
2020-04-01,3124853.4270833335
2020-04-02,3275279.6666666665
2020-04-03,6700235.494791667
2020-04-04,7049610.859375
2020-04-05,1540649.6302083333
2020-04-06,6187235.390625
2020-04-07,5696921.5
2020-04-08,2919838.296875
2020-04-09,6561116.53125
2020-04-10,1630573.484375
2020-04-11,1159200.46875
2020-04-12,1189900.203125
2020-04-13,1246596.8020833333
2020-04-14,4285663.640625
2020-04-15,4932996.338541667
2020-04-16,2402606.6614583335
2020-04-17,10016231.609375
2020-04-18,3675973.3229166665
2020-04-19,1227977.5989583333
2020-04-20,2900103.8854166665
2020-04-21,2349455.1614583335
2020-04-22,15102539.984375
2020-04-23,28252634.78125
2020-04-24,22103825.255208332
2020-04-25,17485065.557291668
2020-04-26,3833697.140625
2020-04-27,4916113.4375
2020-04-28,3874240.1041666665
2020-04-29,9284876.713541666
2020-04-30,56314108.583333336
2020-05-01,62941693.520833336
2020-05-02,33284690.973958332
2020-05-03,6810601.989583333
2020-05-04,4415697.484375
2020-05-05,7390051.5625
2020-05-06,5941101.166666667
2020-05-07,16996839.265625
2020-05-08,38352152.328125
2020-05-09,52275288.255208336
2020-05-10,27446326.28125
2020-05-11,13194830.708333334
2020-05-12,17813824.182291668
2020-05-13,27704624.744791668
2020-05-14,54550645.541666664
2020-05-15,67104669.302083336
2020-05-16,57385033.385416664
2020-05-17,59729810.916666664
2020-05-18,64713333.770833336
2020-05-19,77006252.72916667
2020-05-20,86547343.95833333
2020-05-21,80628761.28645833
2020-05-22,86281429.421875
2020-05-23,85025633.234375
2020-05-24,71004591.20833333
2020-05-25,61934412.942708336
2020-05-26,58321109.796875
2020-05-27,47387488.895833336
2020-05-28,38417153.072916664
2020-05-29,28482149.713541668
2020-05-30,8524120.427083334
2020-05-31,1405606.9322916667
2020-06-01,6903710.5625
2020-06-02,14802387.083333334
2020-06-03,18944202.744791668
2020-06-04,6094431.390625
2020-06-05,2056778.0885416667
2020-06-06,1267265.4010416667
2020-06-07,1636470.4895833333
2020-06-08,8731325.557291666
2020-06-09,4618255.677083333
2020-06-10,5654181.223958333
2020-06-11,13353638.661458334
2020-06-12,17147750.65625
2020-06-13,2278522.1927083335
2020-06-14,795813.015625
2020-06-15,8404429.088541666
2020-06-16,8183503.9375
2020-06-17,7550160.3125
2020-06-18,8974709.817708334
2020-06-19,10187528.557291666
2020-06-20,2327631.84375
2020-06-21,1218414.90625
2020-06-22,14785694.708333334
2020-06-23,23752287.40625
2020-06-24,18507703.5625
2020-06-25,12935601.598958334
2020-06-26,5654225.432291667
2020-06-27,3398713.2708333335
2020-06-28,2469671.1458333335
2020-06-29,8336385.359375
2020-06-30,10162308.625
2020-07-01,11824513.927083334
2020-07-02,5928941.703125
2020-07-03,9438675.15625
2020-07-04,1943064.203125
2020-07-05,1356276.78125
2020-07-06,3811675.375
2020-07-07,6078490.744791667
2020-07-08,8375996.786458333
2020-07-09,7612238.770833333
2020-07-10,6453974.734375
2020-07-11,2353744.0989583335
2020-07-12,1510488.5572916667
2020-07-13,13387012.015625
2020-07-14,24781314.9375
2020-07-15,19706796.557291668
2020-07-16,24304428.864583332
2020-07-17,37467597.604166664
2020-07-18,41711173.390625
2020-07-19,35185907.697916664
2020-07-20,34412766.947916664
2020-07-21,47980616.619791664
2020-07-22,60671800.369791664
2020-07-23,70484420.03645833
2020-07-24,70867405.91666667
2020-07-25,50065079.114583336
2020-07-26,37010670.239583336
2020-07-27,32988561.979166668
2020-07-28,55114812.182291664
2020-07-29,51203834.921875
2020-07-30,56525168.864583336
2020-07-31,65306462.338541664
2020-08-01,66291048.791666664
2020-08-02,53797419.5625
2020-08-03,41904456.229166664
2020-08-04,33367038.0
2020-08-05,37686741.817708336
2020-08-06,45718980.682291664
2020-08-07,43901984.088541664
2020-08-08,34241921.026041664
2020-08-09,8891765.9375
2020-08-10,13452614.401041666
2020-08-11,14413701.869791666
2020-08-12,10571818.53125
2020-08-13,7592163.90625
2020-08-14,10702607.9375
2020-08-15,6304162.395833333
2020-08-16,2185199.8229166665
2020-08-17,11733099.53125
2020-08-18,31498588.307291668
2020-08-19,32479165.567708332
2020-08-20,23138717.895833332
2020-08-21,22349343.526041668
2020-08-22,26895704.984375
2020-08-23,6454591.239583333
2020-08-24,20326124.5625
2020-08-25,30077765.828125
2020-08-26,33423562.453125
2020-08-27,42870864.604166664
2020-08-28,39415251.369791664
2020-08-29,24788157.369791668
2020-08-30,13668717.567708334
2020-08-31,10064817.375
2020-09-01,21568719.59375
2020-09-02,22954330.755208332
2020-09-03,37490401.557291664
2020-09-04,54532864.697916664
2020-09-05,51269311.046875
2020-09-06,22450056.109375
2020-09-07,6311372.15625
2020-09-08,3700138.9479166665
2020-09-09,6726339.510416667
2020-09-10,13633029.265625
2020-09-11,13951557.546875
2020-09-12,2193946.5520833335
2020-09-13,1625574.5625
2020-09-14,2552330.9322916665
2020-09-15,13364488.557291666
2020-09-16,8034878.796875
2020-09-17,3627363.2239583335
2020-09-18,8572060.666666666
2020-09-19,4999050.859375
2020-09-20,2080726.7604166667
2020-09-21,13579040.369791666
2020-09-22,24558923.0
2020-09-23,36219026.854166664
2020-09-24,30820782.114583332
2020-09-25,24522892.114583332
2020-09-26,14936737.005208334
2020-09-27,1625141.9270833333
2020-09-28,10586350.989583334
2020-09-29,16874309.208333332
2020-09-30,17342551.338541668
2020-10-01,28543797.96875
2020-10-02,44075030.005208336
2020-10-03,31119139.052083332
2020-10-04,4047149.0364583335
2020-10-05,12032272.875
2020-10-06,16376959.354166666
2020-10-07,17120298.473958332
2020-10-08,8517651.057291666
2020-10-09,17206687.026041668
2020-10-10,10957766.270833334
2020-10-11,1937723.1041666667
2020-10-12,11871690.416666666
2020-10-13,12912953.395833334
2020-10-14,6667639.546875
2020-10-15,6731551.677083333
2020-10-16,6485665.791666667
2020-10-17,2828249.0104166665
2020-10-18,5325032.723958333
2020-10-19,10269707.125
2020-10-20,13684701.291666666
2020-10-21,23704529.166666668
2020-10-22,34875225.432291664
2020-10-23,43872299.979166664
2020-10-24,32082315.380208332
2020-10-25,19016655.848958332
2020-10-26,21646823.5
2020-10-27,51328097.723958336
2020-10-28,66117019.307291664
2020-10-29,63172337.385416664
2020-10-30,65521060.114583336
2020-10-31,68076100.78125
2020-11-01,50391362.255208336
2020-11-02,67498487.09375
2020-11-03,67752954.41145833
2020-11-04,62141440.0625
2020-11-05,66509300.145833336
2020-11-06,75226646.08854167
2020-11-07,61360468.098958336
2020-11-08,41137568.572916664
2020-11-09,16562161.442708334
2020-11-10,6691426.15625
2020-11-11,5760405.005208333
2020-11-12,6056381.989583333
2020-11-13,5608536.619791667
2020-11-14,5072803.744791667
2020-11-15,7203279.182291667
2020-11-16,8940823.203125
2020-11-17,9033621.0625
2020-11-18,6738168.848958333
2020-11-19,16702236.145833334
2020-11-20,8933960.125
2020-11-21,2589178.6354166665
2020-11-22,1957278.7135416667
2020-11-23,8872927.578125
2020-11-24,27301824.140625
2020-11-25,33971496.286458336
2020-11-26,38985866.963541664
2020-11-27,35653145.854166664
2020-11-28,16842700.348958332
2020-11-29,3596158.171875
2020-11-30,19144099.802083332
2020-12-01,34780923.328125
2020-12-02,45428326.4375
2020-12-03,41623838.427083336
2020-12-04,44958775.5
2020-12-05,31415191.348958332
2020-12-06,16871655.609375
2020-12-07,8650137.197916666
2020-12-08,8339015.270833333
2020-12-09,12595842.541666666
2020-12-10,22500822.369791668
2020-12-11,20039090.072916668
2020-12-12,19338748.375
2020-12-13,3174133.2239583335
2020-12-14,7575563.114583333
2020-12-15,11543108.197916666
2020-12-16,20011963.458333332
2020-12-17,63348262.057291664
2020-12-18,57972347.895833336
2020-12-19,41781147.109375
2020-12-20,26484031.776041668
2020-12-21,35461059.859375
2020-12-22,39023879.166666664
2020-12-23,55470682.223958336
2020-12-24,60984095.786458336
2020-12-25,54151958.6875
2020-12-26,40340365.666666664
2020-12-27,37906049.59375
2020-12-28,45793253.994791664
2020-12-29,52289074.588541664
2020-12-30,47399568.109375
2020-12-31,53237983.416666664
2021-01-01,30645713.052083332
2021-01-02,17275095.041666668
2021-01-03,17663175.765625
2021-01-04,15808025.385416666
2021-01-05,24630431.546875
2021-01-06,30320517.1875
2021-01-07,39796234.463541664
2021-01-08,66025389.671875
2021-01-09,86263279.79166667
2021-01-10,81196165.53645833
2021-01-11,88063492.9375
2021-01-12,83494227.90104167
2021-01-13,89030782.31770833
2021-01-14,84309840.73958333
2021-01-15,86163336.17708333
2021-01-16,74846822.140625
2021-01-17,89813214.88020833
2021-01-18,78404277.31770833
2021-01-19,80114247.36979167
2021-01-20,84631057.671875
2021-01-21,85995944.18229167
2021-01-22,90735816.43229167
2021-01-23,95429167.77083333
2021-01-24,66371107.442708336
2021-01-25,74867497.328125
2021-01-26,67967005.65104167
2021-01-27,67727059.46875
2021-01-28,67690283.14583333
2021-01-29,81075247.875
2021-01-30,71721291.42708333
2021-01-31,73212520.50520833
2021-02-01,84698813.67708333
2021-02-02,79539091.46875
2021-02-03,79639864.70833333
2021-02-04,76477061.890625
2021-02-05,74727124.73958333
2021-02-06,78360608.09895833
2021-02-07,75843631.90104167
2021-02-08,75112124.14583333
2021-02-09,80694046.16666667
2021-02-10,75607117.88541667
2021-02-11,80702681.66145833
2021-02-12,81422167.22395833
2021-02-13,81569613.46354167
2021-02-14,81595194.99479167
2021-02-15,81866986.26041667
2021-02-16,84055315.765625
2021-02-17,82733871.19270833
2021-02-18,81417465.23958333
2021-02-19,76275243.05729167
2021-02-20,79057468.78125
2021-02-21,78879504.98958333
2021-02-22,76414084.75
2021-02-23,74239161.11979167
2021-02-24,73419020.54166667
2021-02-25,80783707.78125
2021-02-26,82132067.28645833
2021-02-27,81522146.71354167
2021-02-28,82036974.57291667
2021-03-01,82752339.34375
2021-03-02,82113636.83854167
2021-03-03,81588002.74479167
2021-03-04,82592414.11458333
2021-03-05,83072947.79166667
2021-03-06,84243324.05729167
2021-03-07,91825026.48958333
2021-03-08,92137722.14583333
2021-03-09,90526568.52083333
2021-03-10,90078893.734375
2021-03-11,84228169.984375
2021-03-12,77437086.296875
2021-03-13,77182362.90625
2021-03-14,78018669.69791667
2021-03-15,77171352.53125
2021-03-16,79920461.08333333
2021-03-17,82164046.36458333
2021-03-18,77626378.109375
2021-03-19,79109873.09375
2021-03-20,78773885.9375
2021-03-21,80367738.02083333
2021-03-22,88539132.16145833
2021-03-23,88335660.93229167
2021-03-24,88163948.00520833
2021-03-25,98330092.65625
2021-03-26,107879020.22395833
2021-03-27,102942603.57291667
2021-03-28,88324090.76041667
2021-03-29,83559452.70833333
2021-03-30,84708355.05729167
2021-03-31,84863121.296875
2021-04-01,85190407.890625
2021-04-02,86435650.38020833
2021-04-03,84831018.484375
2021-04-04,79911064.94791667
2021-04-05,82596894.078125
2021-04-06,87463947.8125
2021-04-07,87848108.19270833
2021-04-08,85009121.05729167
2021-04-09,83946355.41666667
2021-04-10,81225914.85416667
2021-04-11,83500099.55208333
2021-04-12,82117375.03125
2021-04-13,82008345.98958333
2021-04-14,81558427.52604167
2021-04-15,81782627.73958333
2021-04-16,82252022.82291667
2021-04-17,71540194.84895833
2021-04-18,70599015.71354167
2021-04-19,73099556.06770833
2021-04-20,71836510.03125
2021-04-21,74889097.59375
2021-04-22,74063481.921875
2021-04-23,73194265.703125
2021-04-24,75360089.83854167
2021-04-25,78061868.16666667
2021-04-26,83861338.79166667
2021-04-27,84898012.66145833
2021-04-28,86386525.09375
2021-04-29,86257228.05208333
2021-04-30,83172022.55729167
2021-05-01,89473988.58333333
2021-05-02,80549006.65625
2021-05-03,82064034.27604167
2021-05-04,67184302.84895833
2021-05-05,70025609.0
2021-05-06,64966940.994791664
2021-05-07,51841288.8125
2021-05-08,76043509.07291667
2021-05-09,53349021.546875
2021-05-10,41541821.828125
2021-05-11,31295964.932291668
2021-05-12,26233642.015625
2021-05-13,34027914.015625
2021-05-14,42500732.098958336
2021-05-15,43353754.197916664
2021-05-16,32284087.630208332
2021-05-17,47114331.510416664
2021-05-18,58580713.619791664
2021-05-19,75059354.984375
2021-05-20,80309768.30729167
2021-05-21,81076626.921875
2021-05-22,76246952.77604167
2021-05-23,71348851.75520833
2021-05-24,67915376.94791667
2021-05-25,65361032.760416664
2021-05-26,82246641.66145833
2021-05-27,73285055.09375
2021-05-28,69023349.515625
2021-05-29,60360255.171875
2021-05-30,24956759.515625
2021-05-31,20617635.03125
2021-06-01,26258995.104166668
2021-06-02,7985286.390625
2021-06-03,6740670.630208333
2021-06-04,4206380.84375
2021-06-05,1693044.3072916667
2021-06-06,1878571.5677083333
2021-06-07,6959795.651041667
2021-06-08,7776979.973958333
2021-06-09,10488280.119791666
2021-06-10,21437478.354166668
2021-06-11,26574591.098958332
2021-06-12,22141736.994791668
2021-06-13,2179894.6145833335
2021-06-14,9588516.71875
2021-06-15,5314552.875
2021-06-16,4225431.989583333
2021-06-17,1399880.6197916667
2021-06-18,1718618.3333333333
2021-06-19,3892192.96875
2021-06-20,23667155.046875
2021-06-21,17150492.671875
2021-06-22,24245937.026041668
2021-06-23,27904794.619791668
2021-06-24,24778406.46875
2021-06-25,18006234.807291668
2021-06-26,10425518.375
2021-06-27,13247771.333333334
2021-06-28,32924643.140625
2021-06-29,35242774.161458336
2021-06-30,44139006.015625
2021-07-01,59843010.015625
2021-07-02,54124391.411458336
2021-07-03,44518532.229166664
2021-07-04,19896849.317708332
2021-07-05,3446039.2291666665
2021-07-06,2547050.265625
2021-07-07,2545990.1770833335
2021-07-08,1672703.5052083333
2021-07-09,3114388.921875
2021-07-10,1000551.1510416666
2021-07-11,1836086.34375
2021-07-12,2022800.1822916667
2021-07-13,2459798.2916666665
2021-07-14,981047.5677083334
2021-07-15,3851839.0104166665
2021-07-16,1076988.8854166667
2021-07-17,926613.625
2021-07-18,1554025.7552083333
2021-07-19,1207885.59375
2021-07-20,9360291.869791666
2021-07-21,3746698.2083333335
2021-07-22,1145233.375
2021-07-23,1104480.5729166667
2021-07-24,896563.78125
2021-07-25,780020.4427083334
2021-07-26,2787488.4635416665
2021-07-27,1181109.3020833333
2021-07-28,1336426.015625
2021-07-29,1403809.6197916667
2021-07-30,1025186.640625
2021-07-31,718413.28125
2021-08-01,1214003.1614583333
2021-08-02,3504423.140625
2021-08-03,1092473.1927083333
2021-08-04,3893978.65625
2021-08-05,974963.046875
2021-08-06,1527301.9166666667
2021-08-07,708670.328125
2021-08-08,954413.5572916666
2021-08-09,2606156.5416666665
2021-08-10,1066573.4010416667
2021-08-11,2171298.15625
2021-08-12,1295869.2604166667
2021-08-13,3796467.7239583335
2021-08-14,703327.1041666666
2021-08-15,1255921.5885416667
2021-08-16,2371470.796875
2021-08-17,5950203.786458333
2021-08-18,5981027.369791667
2021-08-19,2318218.6510416665
2021-08-20,3727073.265625
2021-08-21,1122574.4010416667
2021-08-22,1387622.578125
2021-08-23,994518.4895833334
2021-08-24,2392372.046875
2021-08-25,1057104.0572916667
2021-08-26,990150.65625
2021-08-27,2199284.8645833335
2021-08-28,1177497.2552083333
2021-08-29,1091899.78125
2021-08-30,3431952.8854166665
2021-08-31,4297130.604166667
2021-09-01,6842415.333333333
2021-09-02,3385861.875
2021-09-03,2444374.0572916665
2021-09-04,803953.3489583334
2021-09-05,1053634.1458333333
2021-09-06,2843485.0885416665
2021-09-07,3584375.28125
2021-09-08,3096922.9166666665
2021-09-09,2755582.0260416665
2021-09-10,4264077.859375
2021-09-11,2271558.3489583335
2021-09-12,877211.2239583334
2021-09-13,3058572.4270833335
2021-09-14,2359296.2760416665
2021-09-15,5098259.0625
2021-09-16,10512290.4375
2021-09-17,2709641.1302083335
2021-09-18,1109314.203125
2021-09-19,761858.0208333334
2021-09-20,4890468.536458333
2021-09-21,3573128.4427083335
2021-09-22,2031498.1614583333
2021-09-23,1237730.8072916667
2021-09-24,2401187.25
2021-09-25,825421.5520833334
2021-09-26,1054843.4739583333
2021-09-27,1622577.296875
2021-09-28,2458073.6614583335
2021-09-29,8146274.473958333
2021-09-30,4748988.265625
2021-10-01,8202895.510416667
2021-10-02,2047662.5
2021-10-03,1274785.6927083333
2021-10-04,2946085.3333333335
2021-10-05,4534713.21875
2021-10-06,9077163.057291666
2021-10-07,21302263.302083332
2021-10-08,11113504.255208334
2021-10-09,4844712.286458333
2021-10-10,957711.2552083334
2021-10-11,8213652.223958333
2021-10-12,4411279.411458333
2021-10-13,1520543.2864583333
2021-10-14,4737571.463541667
2021-10-15,5451779.078125
2021-10-16,3044443.7604166665
2021-10-17,1401146.4479166667
2021-10-18,3778760.0989583335
2021-10-19,2495059.8125
2021-10-20,10090073.708333334
2021-10-21,10754349.28125
2021-10-22,1232845.609375
2021-10-23,1067082.2604166667
2021-10-24,895383.9427083334
2021-10-25,1959645.6041666667
2021-10-26,3476145.6458333335
2021-10-27,1531364.796875
2021-10-28,1970951.15625
2021-10-29,1933150.9739583333
2021-10-30,1501323.953125
2021-10-31,2264504.0833333335
2021-11-01,5631864.911458333
2021-11-02,6705191.796875
2021-11-03,2137678.640625
2021-11-04,4309496.21875
2021-11-05,2781677.3125
2021-11-06,784208.0885416666
2021-11-07,1593862.875
2021-11-08,13156498.90625
2021-11-09,20939726.203125
2021-11-10,6366564.385416667
2021-11-11,2310318.5625
2021-11-12,2118161.0677083335
2021-11-13,1042514.078125
2021-11-14,850081.4739583334
2021-11-15,2868426.3385416665
2021-11-16,2000618.2135416667
2021-11-17,2531124.3385416665
2021-11-18,2369803.5416666665
2021-11-19,2784442.1302083335
2021-11-20,1417883.8333333333
2021-11-21,2621612.4947916665
2021-11-22,3349098.3958333335
2021-11-23,1841642.671875
2021-11-24,2182241.296875
2021-11-25,3511879.515625
2021-11-26,2667377.9583333335
2021-11-27,827129.4947916666
2021-11-28,1827716.796875
2021-11-29,2276059.8072916665
2021-11-30,5350560.213541667
2021-12-01,26422608.625
2021-12-02,18333810.0
2021-12-03,1794072.828125
2021-12-04,1517734.1770833333
2021-12-05,4257581.536458333
2021-12-06,1220867.390625
2021-12-07,1664168.9375
2021-12-08,15453405.098958334
2021-12-09,16816185.057291668
2021-12-10,1793954.4739583333
2021-12-11,1016144.5260416666
2021-12-12,685147.4166666666
2021-12-13,2973947.3802083335
2021-12-14,1570268.515625
2021-12-15,3710312.4739583335
2021-12-16,3065025.7604166665
2021-12-17,14558122.046875
2021-12-18,5339436.463541667
2021-12-19,712634.046875
2021-12-20,2753410.4166666665
2021-12-21,1535957.65625
2021-12-22,2026244.5833333333
2021-12-23,1993734.0885416667
2021-12-24,24775475.75
2021-12-25,10349931.927083334
2021-12-26,1448124.4427083333
2021-12-27,8962988.057291666
2021-12-28,17826999.114583332
2021-12-29,8188429.645833333
2021-12-30,12788974.442708334
2021-12-31,9294871.947916666
2022-01-01,552430.625
2022-01-02,918445.109375
2022-01-03,2878880.828125
2022-01-04,2790653.8697916665
2022-01-05,3093620.3697916665
2022-01-06,2353902.84375
2022-01-07,4425878.765625
2022-01-08,1659105.5885416667
2022-01-09,712250.15625
2022-01-10,4526350.328125
2022-01-11,1875310.9114583333
2022-01-12,1952462.609375
2022-01-13,1531115.6822916667
2022-01-14,1492230.7916666667
2022-01-15,1145915.3333333333
2022-01-16,612706.0364583334
2022-01-17,2758554.765625
2022-01-18,2198895.5729166665
2022-01-19,1472059.703125
2022-01-20,2186083.453125
2022-01-21,3702127.625
2022-01-22,5129480.411458333
2022-01-23,837219.5833333334
2022-01-24,2699905.0572916665
2022-01-25,2226044.2135416665
2022-01-26,4551506.239583333
2022-01-27,2130795.7864583335
2022-01-28,1903949.5729166667
2022-01-29,1439061.8229166667
2022-01-30,3942321.1875
2022-01-31,10863281.53125
2022-02-01,5326500.692708333
2022-02-02,2161661.6614583335
2022-02-03,1466585.7916666667
2022-02-04,13033662.666666666
2022-02-05,22476684.557291668
2022-02-06,2453425.78125
2022-02-07,5141868.786458333
2022-02-08,3956915.7395833335
2022-02-09,9137923.296875
2022-02-10,18387788.572916668
2022-02-11,43961832.421875
2022-02-12,30954042.088541668
2022-02-13,839394.625
2022-02-14,2027227.8645833333
2022-02-15,2212810.0520833335
2022-02-16,1426195.3333333333
2022-02-17,1830504.921875
2022-02-18,2394810.6979166665
2022-02-19,1185067.6302083333
2022-02-20,786093.2552083334
2022-02-21,4541697.697916667
2022-02-22,1023763.9010416666
2022-02-23,1002096.3541666666
2022-02-24,3004869.234375
2022-02-25,1566962.4427083333
2022-02-26,1241226.84375
2022-02-27,957465.546875
2022-02-28,1818161.3385416667
2022-03-01,6888553.21875
2022-03-02,10865983.015625
2022-03-03,2537866.8802083335
2022-03-04,3346650.96875
2022-03-05,2098878.8854166665
2022-03-06,1031229.3072916666
2022-03-07,1378345.9479166667
2022-03-08,1790836.390625
2022-03-09,7244229.182291667
2022-03-10,2023208.0885416667
2022-03-11,3273779.25
2022-03-12,932217.2239583334
2022-03-13,871090.0833333334
2022-03-14,1813271.9947916667
2022-03-15,2031820.5677083333
2022-03-16,1908702.15625
2022-03-17,1889249.2708333333
2022-03-18,2604208.046875
2022-03-19,1724459.4739583333
2022-03-20,903226.9479166666
2022-03-21,2925180.0364583335
2022-03-22,5720978.682291667
2022-03-23,2286995.890625
2022-03-24,2698515.8385416665
2022-03-25,2318831.5520833335
2022-03-26,886890.6927083334
2022-03-27,1303168.9791666667
2022-03-28,1813278.7916666667
2022-03-29,1787315.2916666667
2022-03-30,4000140.953125
2022-03-31,7189993.729166667
2022-04-01,5519838.010416667
2022-04-02,3241516.2135416665
2022-04-03,1311128.40625
2022-04-04,1355149.4895833333
2022-04-05,3628371.65625
2022-04-06,1852156.1510416667
2022-04-07,2829903.6979166665
2022-04-08,2978158.484375
2022-04-09,893513.734375
2022-04-10,832392.4635416666
2022-04-11,2621750.0729166665
2022-04-12,1790662.1197916667
2022-04-13,4177890.7083333335
2022-04-14,2216488.2552083335
2022-04-15,1023526.0208333334
2022-04-16,987092.2916666666
2022-04-17,656247.671875
2022-04-18,2686500.8645833335
2022-04-19,4450079.640625
2022-04-20,1399632.21875
2022-04-21,2440487.8020833335
2022-04-22,4409789.755208333
2022-04-23,1038733.390625
2022-04-24,674482.0625
2022-04-25,3396863.6875
2022-04-26,3622195.875
2022-04-27,1248015.8802083333
2022-04-28,5348487.75
2022-04-29,5931987.078125
2022-04-30,1912984.0416666667
2022-05-01,680569.3272727273
