DateTime,Number-of-Transactions
2009-01-17,109.0
2009-01-18,108.0
2009-01-19,117.0
2009-01-20,115.0
2009-01-21,105.0
2009-01-22,90.0
2009-01-23,86.0
2009-01-24,202.0
2009-01-25,192.0
2009-01-26,97.0
2009-01-27,98.0
2009-01-28,112.0
2009-01-29,122.0
2009-01-30,117.0
2009-01-31,139.0
2009-02-01,114.0
2009-02-02,129.0
2009-02-03,155.0
2009-02-04,119.0
2009-02-05,126.0
2009-02-06,122.0
2009-02-07,133.0
2009-02-08,133.0
2009-02-09,135.0
2009-02-10,120.0
2009-02-11,135.0
2009-02-12,119.0
2009-02-13,124.0
2009-02-14,136.0
2009-02-15,131.0
2009-02-16,123.0
2009-02-17,117.0
2009-02-18,118.0
2009-02-19,125.0
2009-02-20,122.0
2009-02-21,114.0
2009-02-22,125.0
2009-02-23,108.0
2009-02-24,106.0
2009-02-25,105.0
2009-02-26,107.0
2009-02-27,116.0
2009-02-28,100.0
2009-03-01,105.0
2009-03-02,108.0
2009-03-03,107.0
2009-03-04,106.0
2009-03-05,113.0
2009-03-06,117.0
2009-03-07,109.0
2009-03-08,118.0
2009-03-09,108.0
2009-03-10,107.0
2009-03-11,114.0
2009-03-12,119.0
2009-03-13,114.0
2009-03-14,110.0
2009-03-15,123.0
2009-03-16,122.0
2009-03-17,114.0
2009-03-18,116.0
2009-03-19,122.0
2009-03-20,119.0
2009-03-21,51.0
2009-03-22,120.0
2009-03-23,130.0
2009-03-24,105.0
2009-03-25,117.0
2009-03-26,118.0
2009-03-27,106.0
2009-03-28,122.0
2009-03-29,116.0
2009-03-30,120.0
2009-03-31,111.0
2009-04-01,114.0
2009-04-02,115.0
2009-04-03,116.0
2009-04-04,113.0
2009-04-05,132.0
2009-04-06,109.0
2009-04-07,100.0
2009-04-08,105.0
2009-04-09,99.0
2009-04-10,108.0
2009-04-11,121.0
2009-04-12,120.0
2009-04-13,116.0
2009-04-14,124.0
2009-04-15,113.0
2009-04-16,123.0
2009-04-17,112.0
2009-04-18,130.0
2009-04-19,120.0
2009-04-20,121.0
2009-04-21,124.0
2009-04-22,121.0
2009-04-23,75.0
2009-04-24,115.0
2009-04-25,118.0
2009-04-26,114.0
2009-04-27,104.0
2009-04-28,117.0
2009-04-29,129.0
2009-04-30,131.0
2009-05-01,121.0
2009-05-02,128.0
2009-05-03,109.0
2009-05-04,129.0
2009-05-05,136.0
2009-05-06,135.0
2009-05-07,122.0
2009-05-08,108.0
2009-05-09,77.0
2009-05-10,85.0
2009-05-11,121.0
2009-05-12,130.0
2009-05-13,116.0
2009-05-14,142.0
2009-05-15,137.0
2009-05-16,119.0
2009-05-17,127.0
2009-05-18,118.0
2009-05-19,86.0
2009-05-20,120.0
2009-05-21,82.0
2009-05-22,62.0
2009-05-23,31.0
2009-05-24,100.0
2009-05-25,109.0
2009-05-26,125.0
2009-05-27,119.0
2009-05-28,95.0
2009-05-29,107.0
2009-05-30,109.0
2009-05-31,97.0
2009-06-01,72.0
2009-06-02,110.0
2009-06-03,72.0
2009-06-04,65.0
2009-06-05,31.0
2009-06-06,27.0
2009-06-07,16.0
2009-06-08,82.0
2009-06-09,91.0
2009-06-10,82.0
2009-06-11,89.0
2009-06-12,86.0
2009-06-13,78.0
2009-06-14,72.0
2009-06-15,84.0
2009-06-16,71.0
2009-06-17,79.0
2009-06-18,80.0
2009-06-19,87.0
2009-06-20,78.0
2009-06-21,81.0
2009-06-22,77.0
2009-06-23,76.0
2009-06-24,97.0
2009-06-25,69.0
2009-06-26,90.0
2009-06-27,84.0
2009-06-28,47.0
2009-06-29,84.0
2009-06-30,86.0
2009-07-01,75.0
2009-07-02,84.0
2009-07-03,82.0
2009-07-04,89.0
2009-07-05,79.0
2009-07-06,84.0
2009-07-07,69.0
2009-07-08,74.0
2009-07-09,86.0
2009-07-10,81.0
2009-07-11,83.0
2009-07-12,77.0
2009-07-13,78.0
2009-07-14,69.0
2009-07-15,45.0
2009-07-16,71.0
2009-07-17,48.0
2009-07-18,4.0
2009-07-19,69.0
2009-07-20,71.0
2009-07-21,82.0
2009-07-22,61.0
2009-07-23,75.0
2009-07-24,73.0
2009-07-25,33.0
2009-07-26,20.0
2009-07-27,74.0
2009-07-28,41.0
2009-07-29,21.0
2009-07-30,15.0
2009-07-31,17.0
2009-08-01,28.0
2009-08-02,23.0
2009-08-03,12.0
2009-08-04,81.0
2009-08-05,87.0
2009-08-06,90.0
2009-08-07,81.0
2009-08-08,80.0
2009-08-09,101.0
2009-08-10,75.0
2009-08-11,70.0
2009-08-12,63.0
2009-08-13,85.0
2009-08-14,63.0
2009-08-15,26.0
2009-08-16,20.0
2009-08-17,17.0
2009-08-18,9.0
2009-08-19,18.0
2009-08-20,23.0
2009-08-21,13.0
2009-08-22,7.0
2009-08-23,15.0
2009-08-24,15.0
2009-08-25,51.0
2009-08-26,50.0
2009-08-27,29.0
2009-08-28,75.0
2009-08-29,78.0
2009-08-30,98.0
2009-08-31,87.0
2009-09-01,79.0
2009-09-02,65.0
2009-09-03,62.0
2009-09-04,64.0
2009-09-05,76.0
2009-09-06,68.0
2009-09-07,79.0
2009-09-08,69.0
2009-09-09,54.0
2009-09-10,67.0
2009-09-11,67.0
2009-09-12,69.0
2009-09-13,75.0
2009-09-14,74.0
2009-09-15,45.0
2009-09-16,72.0
2009-09-17,85.0
2009-09-18,78.0
2009-09-19,74.0
2009-09-20,78.0
2009-09-21,70.0
2009-09-22,27.0
2009-09-23,35.0
2009-09-24,97.0
2009-09-25,93.0
2009-09-26,100.0
2009-09-27,88.0
2009-09-28,85.0
2009-09-29,90.0
2009-09-30,85.0
2009-10-01,82.0
2009-10-02,73.0
2009-10-03,58.0
2009-10-04,53.0
2009-10-05,55.0
2009-10-06,46.0
2009-10-07,59.0
2009-10-08,70.0
2009-10-09,77.0
2009-10-10,79.0
2009-10-11,74.0
2009-10-12,59.0
2009-10-13,57.0
2009-10-14,69.0
2009-10-15,71.0
2009-10-16,61.0
2009-10-17,57.0
2009-10-18,75.0
2009-10-19,112.0
2009-10-20,96.0
2009-10-21,81.0
2009-10-22,91.0
2009-10-23,89.0
2009-10-24,63.0
2009-10-25,76.0
2009-10-26,71.0
2009-10-27,65.0
2009-10-28,67.0
2009-10-29,47.0
2009-10-30,60.0
2009-10-31,46.0
2009-11-01,25.0
2009-11-02,33.0
2009-11-03,62.0
2009-11-04,64.0
2009-11-05,58.0
2009-11-06,61.0
2009-11-07,69.0
2009-11-08,73.0
2009-11-09,64.0
2009-11-10,78.0
2009-11-11,73.0
2009-11-12,66.0
2009-11-13,83.0
2009-11-14,79.0
2009-11-15,96.0
2009-11-16,97.0
2009-11-17,92.0
2009-11-18,79.0
2009-11-19,72.0
2009-11-20,86.0
2009-11-21,73.0
2009-11-22,106.0
2009-11-23,96.0
2009-11-24,93.0
2009-11-25,90.0
2009-11-26,84.0
2009-11-27,74.0
2009-11-28,71.0
2009-11-29,60.0
2009-11-30,75.0
2009-12-01,74.0
2009-12-02,94.0
2009-12-03,88.0
2009-12-04,36.0
2009-12-05,65.0
2009-12-06,105.0
2009-12-07,112.0
2009-12-08,107.0
2009-12-09,109.0
2009-12-10,104.0
2009-12-11,112.0
2009-12-12,112.0
2009-12-13,114.0
2009-12-14,107.0
2009-12-15,112.0
2009-12-16,137.0
2009-12-17,172.0
2009-12-18,225.0
2009-12-19,199.0
2009-12-20,175.0
2009-12-21,176.0
2009-12-22,162.0
2009-12-23,154.0
2009-12-24,154.0
2009-12-25,150.0
2009-12-26,174.0
2009-12-27,168.0
2009-12-28,137.0
2009-12-29,171.0
2009-12-30,141.0
2009-12-31,138.0
2010-01-01,133.0
2010-01-02,127.0
2010-01-03,186.0
2010-01-04,183.0
2010-01-05,198.0
2010-01-06,163.0
2010-01-07,154.0
2010-01-08,153.0
2010-01-09,151.0
2010-01-10,190.0
2010-01-11,159.0
2010-01-12,161.0
2010-01-13,166.0
2010-01-14,145.0
2010-01-15,142.0
2010-01-16,126.0
2010-01-17,131.0
2010-01-18,126.0
2010-01-19,124.0
2010-01-20,158.0
2010-01-21,184.0
2010-01-22,136.0
2010-01-23,162.0
2010-01-24,155.0
2010-01-25,215.0
2010-01-26,201.0
2010-01-27,166.0
2010-01-28,179.0
2010-01-29,201.0
2010-01-30,214.0
2010-01-31,167.0
2010-02-01,193.0
2010-02-02,146.0
2010-02-03,272.0
2010-02-04,234.0
2010-02-05,227.0
2010-02-06,206.0
2010-02-07,222.0
2010-02-08,208.0
2010-02-09,210.0
2010-02-10,173.0
2010-02-11,174.0
2010-02-12,188.0
2010-02-13,235.0
2010-02-14,219.0
2010-02-15,185.0
2010-02-16,201.0
2010-02-17,250.0
2010-02-18,215.0
2010-02-19,195.0
2010-02-20,210.0
2010-02-21,227.0
2010-02-22,265.0
2010-02-23,251.0
2010-02-24,177.0
2010-02-25,158.0
2010-02-26,176.0
2010-02-27,175.0
2010-02-28,159.0
2010-03-01,199.0
2010-03-02,193.0
2010-03-03,158.0
2010-03-04,188.0
2010-03-05,173.0
2010-03-06,183.0
2010-03-07,183.0
2010-03-08,130.0
2010-03-09,148.0
2010-03-10,169.0
2010-03-11,136.0
2010-03-12,123.0
2010-03-13,154.0
2010-03-14,127.0
2010-03-15,140.0
2010-03-16,129.0
2010-03-17,139.0
2010-03-18,149.0
2010-03-19,162.0
2010-03-20,204.0
2010-03-21,190.0
2010-03-22,186.0
2010-03-23,220.0
2010-03-24,182.0
2010-03-25,202.0
2010-03-26,213.0
2010-03-27,184.0
2010-03-28,192.0
2010-03-29,207.0
2010-03-30,221.0
2010-03-31,214.0
2010-04-01,179.0
2010-04-02,161.0
2010-04-03,166.0
2010-04-04,183.0
2010-04-05,181.0
2010-04-06,174.0
2010-04-07,204.0
2010-04-08,195.0
2010-04-09,224.0
2010-04-10,298.0
2010-04-11,265.0
2010-04-12,247.0
2010-04-13,209.0
2010-04-14,223.0
2010-04-15,290.0
2010-04-16,234.0
2010-04-17,250.0
2010-04-18,3351.0
2010-04-19,276.0
2010-04-20,243.0
2010-04-21,251.0
2010-04-22,199.0
2010-04-23,200.0
2010-04-24,202.0
2010-04-25,205.0
2010-04-26,211.0
2010-04-27,233.0
2010-04-28,227.0
2010-04-29,180.0
2010-04-30,170.0
2010-05-01,210.0
2010-05-02,180.0
2010-05-03,188.0
2010-05-04,177.0
2010-05-05,162.0
2010-05-06,177.0
2010-05-07,158.0
2010-05-08,182.0
2010-05-09,183.0
2010-05-10,157.0
2010-05-11,131.0
2010-05-12,158.0
2010-05-13,167.0
2010-05-14,153.0
2010-05-15,113.0
2010-05-16,134.0
2010-05-17,177.0
2010-05-18,223.0
2010-05-19,207.0
2010-05-20,237.0
2010-05-21,235.0
2010-05-22,226.0
2010-05-23,309.0
2010-05-24,250.0
2010-05-25,254.0
2010-05-26,287.0
2010-05-27,267.0
2010-05-28,277.0
2010-05-29,239.0
2010-05-30,200.0
2010-05-31,194.0
2010-06-01,183.0
2010-06-02,194.0
2010-06-03,235.0
2010-06-04,173.0
2010-06-05,190.0
2010-06-06,200.0
2010-06-07,209.0
2010-06-08,223.0
2010-06-09,220.0
2010-06-10,217.0
2010-06-11,247.0
2010-06-12,213.0
2010-06-13,238.0
2010-06-14,258.0
2010-06-15,269.0
2010-06-16,192.0
2010-06-17,204.0
2010-06-18,193.0
2010-06-19,214.0
2010-06-20,228.0
2010-06-21,242.0
2010-06-22,227.0
2010-06-23,257.0
2010-06-24,240.0
2010-06-25,210.0
2010-06-26,201.0
2010-06-27,234.0
2010-06-28,230.0
2010-06-29,264.0
2010-06-30,273.0
2010-07-01,283.0
2010-07-02,242.0
2010-07-03,286.0
2010-07-04,224.0
2010-07-05,251.0
2010-07-06,209.0
2010-07-07,218.0
2010-07-08,223.0
2010-07-09,268.0
2010-07-10,240.0
2010-07-11,353.0
2010-07-12,2300.0
2010-07-13,1479.0
2010-07-14,6132.0
2010-07-15,1329.0
2010-07-16,1182.0
2010-07-17,408.0
2010-07-18,420.0
2010-07-19,528.0
2010-07-20,594.0
2010-07-21,463.0
2010-07-22,397.0
2010-07-23,411.0
2010-07-24,894.0
2010-07-25,1823.0
2010-07-26,467.0
2010-07-27,426.0
2010-07-28,1951.0
2010-07-29,1867.0
2010-07-30,325.0
2010-07-31,295.0
2010-08-01,364.0
2010-08-02,398.0
2010-08-03,648.0
2010-08-04,439.0
2010-08-05,515.0
2010-08-06,359.0
2010-08-07,273.0
2010-08-08,391.0
2010-08-09,424.0
2010-08-10,340.0
2010-08-11,412.0
2010-08-12,392.0
2010-08-13,516.0
2010-08-14,434.0
2010-08-15,315.0
2010-08-16,453.0
2010-08-17,318.0
2010-08-18,377.0
2010-08-19,325.0
2010-08-20,423.0
2010-08-21,342.0
2010-08-22,366.0
2010-08-23,369.0
2010-08-24,379.0
2010-08-25,365.0
2010-08-26,368.0
2010-08-27,294.0
2010-08-28,339.0
2010-08-29,260.0
2010-08-30,329.0
2010-08-31,441.0
2010-09-01,380.0
2010-09-02,321.0
2010-09-03,319.0
2010-09-04,274.0
2010-09-05,311.0
2010-09-06,278.0
2010-09-07,282.0
2010-09-08,339.0
2010-09-09,324.0
2010-09-10,360.0
2010-09-11,305.0
2010-09-12,379.0
2010-09-13,436.0
2010-09-14,424.0
2010-09-15,430.0
2010-09-16,438.0
2010-09-17,361.0
2010-09-18,399.0
2010-09-19,355.0
2010-09-20,465.0
2010-09-21,810.0
2010-09-22,673.0
2010-09-23,655.0
2010-09-24,501.0
2010-09-25,532.0
2010-09-26,400.0
2010-09-27,603.0
2010-09-28,491.0
2010-09-29,975.0
2010-09-30,365.0
2010-10-01,584.0
2010-10-02,501.0
2010-10-03,377.0
2010-10-04,407.0
2010-10-05,371.0
2010-10-06,407.0
2010-10-07,340.0
2010-10-08,363.0
2010-10-09,401.0
2010-10-10,363.0
2010-10-11,342.0
2010-10-12,352.0
2010-10-13,364.0
2010-10-14,367.0
2010-10-15,328.0
2010-10-16,441.0
2010-10-17,457.0
2010-10-18,579.0
2010-10-19,924.0
2010-10-20,713.0
2010-10-21,552.0
2010-10-22,602.0
2010-10-23,517.0
2010-10-24,552.0
2010-10-25,410.0
2010-10-26,518.0
2010-10-27,568.0
2010-10-28,486.0
2010-10-29,467.0
2010-10-30,426.0
2010-10-31,307.0
2010-11-01,351.0
2010-11-02,286.0
2010-11-03,347.0
2010-11-04,342.0
2010-11-05,442.0
2010-11-06,394.0
2010-11-07,451.0
2010-11-08,515.0
2010-11-09,409.0
2010-11-10,397.0
2010-11-11,395.0
2010-11-12,286.0
2010-11-13,343.0
2010-11-14,416.0
2010-11-15,4871.0
2010-11-16,9105.0
2010-11-17,435.0
2010-11-18,1494.0
2010-11-19,9632.0
2010-11-20,9731.0
2010-11-21,10044.0
2010-11-22,343.0
2010-11-23,341.0
2010-11-24,3936.0
2010-11-25,4983.0
2010-11-26,1314.0
2010-11-27,445.0
2010-11-28,454.0
2010-11-29,454.0
2010-11-30,454.0
2010-12-01,512.0
2010-12-02,460.0
2010-12-03,384.0
2010-12-04,418.0
2010-12-05,434.0
2010-12-06,465.0
2010-12-07,573.0
2010-12-08,523.0
2010-12-09,486.0
2010-12-10,373.0
2010-12-11,550.0
2010-12-12,643.0
2010-12-13,646.0
2010-12-14,637.0
2010-12-15,658.0
2010-12-16,531.0
2010-12-17,462.0
2010-12-18,499.0
2010-12-19,551.0
2010-12-20,932.0
2010-12-21,630.0
2010-12-22,659.0
2010-12-23,519.0
2010-12-24,531.0
2010-12-25,634.0
2010-12-26,584.0
2010-12-27,526.0
2010-12-28,661.0
2010-12-29,513.0
2010-12-30,593.0
2010-12-31,555.0
2011-01-01,659.0
2011-01-02,569.0
2011-01-03,1128.0
2011-01-04,979.0
2011-01-05,1310.0
2011-01-06,694.0
2011-01-07,1020.0
2011-01-08,1436.0
2011-01-09,1223.0
2011-01-10,1312.0
2011-01-11,1362.0
2011-01-12,1162.0
2011-01-13,1266.0
2011-01-14,1262.0
2011-01-15,962.0
2011-01-16,931.0
2011-01-17,830.0
2011-01-18,818.0
2011-01-19,917.0
2011-01-20,924.0
2011-01-21,1166.0
2011-01-22,1422.0
2011-01-23,1081.0
2011-01-24,1319.0
2011-01-25,889.0
2011-01-26,1005.0
2011-01-27,841.0
2011-01-28,1081.0
2011-01-29,1347.0
2011-01-30,2592.0
2011-01-31,1393.0
2011-02-01,1013.0
2011-02-02,896.0
2011-02-03,789.0
2011-02-04,954.0
2011-02-05,832.0
2011-02-06,909.0
2011-02-07,892.0
2011-02-08,846.0
2011-02-09,1227.0
2011-02-10,2034.0
2011-02-11,2355.0
2011-02-12,1912.0
2011-02-13,1822.0
2011-02-14,2006.0
2011-02-15,2224.0
2011-02-16,2090.0
2011-02-17,2250.0
2011-02-18,2056.0
2011-02-19,1583.0
2011-02-20,1939.0
2011-02-21,1970.0
2011-02-22,2196.0
2011-02-23,2263.0
2011-02-24,2109.0
2011-02-25,2060.0
2011-02-26,1952.0
2011-02-27,2269.0
2011-02-28,1720.0
2011-03-01,2729.0
2011-03-02,2009.0
2011-03-03,3204.0
2011-03-04,1982.0
2011-03-05,2048.0
2011-03-06,2031.0
2011-03-07,1926.0
2011-03-08,2440.0
2011-03-09,1834.0
2011-03-10,1661.0
2011-03-11,1884.0
2011-03-12,2956.0
2011-03-13,2711.0
2011-03-14,2643.0
2011-03-15,2854.0
2011-03-16,3183.0
2011-03-17,3367.0
2011-03-18,2371.0
2011-03-19,3189.0
2011-03-20,4076.0
2011-03-21,5855.0
2011-03-22,2238.0
2011-03-23,4570.0
2011-03-24,2164.0
2011-03-25,1999.0
2011-03-26,3335.0
2011-03-27,2463.0
2011-03-28,2931.0
2011-03-29,2718.0
2011-03-30,1756.0
2011-03-31,2095.0
2011-04-01,1579.0
2011-04-02,1772.0
2011-04-03,1805.0
2011-04-04,2309.0
2011-04-05,2119.0
2011-04-06,1864.0
2011-04-07,1677.0
2011-04-08,1767.0
2011-04-09,1733.0
2011-04-10,1744.0
2011-04-11,1943.0
2011-04-12,2077.0
2011-04-13,2371.0
2011-04-14,2881.0
2011-04-15,2018.0
2011-04-16,2154.0
2011-04-17,2257.0
2011-04-18,3035.0
2011-04-19,3598.0
2011-04-20,2969.0
2011-04-21,1915.0
2011-04-22,2097.0
2011-04-23,2310.0
2011-04-24,2273.0
2011-04-25,2592.0
2011-04-26,3455.0
2011-04-27,4580.0
2011-04-28,3035.0
2011-04-29,3534.0
2011-04-30,4473.0
2011-05-01,3949.0
2011-05-02,3095.0
2011-05-03,2935.0
2011-05-04,2800.0
2011-05-05,3464.0
2011-05-06,3290.0
2011-05-07,3887.0
2011-05-08,2898.0
2011-05-09,3516.0
2011-05-10,3151.0
2011-05-11,3090.0
2011-05-12,3361.0
2011-05-13,4064.0
2011-05-14,4414.0
2011-05-15,3770.0
2011-05-16,4349.0
2011-05-17,4464.0
2011-05-18,5581.0
2011-05-19,4663.0
2011-05-20,4795.0
2011-05-21,4964.0
2011-05-22,5282.0
2011-05-23,5745.0
2011-05-24,5865.0
2011-05-25,6258.0
2011-05-26,6967.0
2011-05-27,4853.0
2011-05-28,5013.0
2011-05-29,4753.0
2011-05-30,5337.0
2011-05-31,6063.0
2011-06-01,6540.0
2011-06-02,7136.0
2011-06-03,8441.0
2011-06-04,8811.0
2011-06-05,8592.0
2011-06-06,9703.0
2011-06-07,9002.0
2011-06-08,11815.0
2011-06-09,12176.0
2011-06-10,11269.0
2011-06-11,10897.0
2011-06-12,12440.0
2011-06-13,11246.0
2011-06-14,14158.0
2011-06-15,12605.0
2011-06-16,12746.0
2011-06-17,11296.0
2011-06-18,11563.0
2011-06-19,11472.0
2011-06-20,11225.0
2011-06-21,9704.0
2011-06-22,11519.0
2011-06-23,10418.0
2011-06-24,10922.0
2011-06-25,9693.0
2011-06-26,9985.0
2011-06-27,11751.0
2011-06-28,10719.0
2011-06-29,10002.0
2011-06-30,9636.0
2011-07-01,10603.0
2011-07-02,8018.0
2011-07-03,8364.0
2011-07-04,9604.0
2011-07-05,8965.0
2011-07-06,10519.0
2011-07-07,9180.0
2011-07-08,8528.0
2011-07-09,7851.0
2011-07-10,8392.0
2011-07-11,10523.0
2011-07-12,8147.0
2011-07-13,9193.0
2011-07-14,8716.0
2011-07-15,8148.0
2011-07-16,8726.0
2011-07-17,8379.0
2011-07-18,8976.0
2011-07-19,9185.0
2011-07-20,8863.0
2011-07-21,8163.0
2011-07-22,8991.0
2011-07-23,7415.0
2011-07-24,8219.0
2011-07-25,9485.0
2011-07-26,8370.0
2011-07-27,7995.0
2011-07-28,8119.0
2011-07-29,7315.0
2011-07-30,6209.0
2011-07-31,8099.0
2011-08-01,8195.0
2011-08-02,8817.0
2011-08-03,7737.0
2011-08-04,8307.0
2011-08-05,7360.0
2011-08-06,6834.0
2011-08-07,6710.0
2011-08-08,7267.0
2011-08-09,9219.0
2011-08-10,8335.0
2011-08-11,7596.0
2011-08-12,7165.0
2011-08-13,7398.0
2011-08-14,7471.0
2011-08-15,8379.0
2011-08-16,9640.0
2011-08-17,7722.0
2011-08-18,7415.0
2011-08-19,7614.0
2011-08-20,7191.0
2011-08-21,7667.0
2011-08-22,7815.0
2011-08-23,7277.0
2011-08-24,7367.0
2011-08-25,7241.0
2011-08-26,7421.0
2011-08-27,6361.0
2011-08-28,5589.0
2011-08-29,8094.0
2011-08-30,7804.0
2011-08-31,7292.0
2011-09-01,7203.0
2011-09-02,7026.0
2011-09-03,5925.0
2011-09-04,7258.0
2011-09-05,7039.0
2011-09-06,7830.0
2011-09-07,7090.0
2011-09-08,6497.0
2011-09-09,7376.0
2011-09-10,5993.0
2011-09-11,6443.0
2011-09-12,6575.0
2011-09-13,6519.0
2011-09-14,6200.0
2011-09-15,6474.0
2011-09-16,6209.0
2011-09-17,5454.0
2011-09-18,5986.0
2011-09-19,6653.0
2011-09-20,8145.0
2011-09-21,7684.0
2011-09-22,6139.0
2011-09-23,6328.0
2011-09-24,5728.0
2011-09-25,5722.0
2011-09-26,5639.0
2011-09-27,6101.0
2011-09-28,6017.0
2011-09-29,5589.0
2011-09-30,5865.0
2011-10-01,5374.0
2011-10-02,5035.0
2011-10-03,6521.0
2011-10-04,5809.0
2011-10-05,5771.0
2011-10-06,5912.0
2011-10-07,5674.0
2011-10-08,5402.0
2011-10-09,5457.0
2011-10-10,5882.0
2011-10-11,5930.0
2011-10-12,5949.0
2011-10-13,4984.0
2011-10-14,6111.0
2011-10-15,5579.0
2011-10-16,4981.0
2011-10-17,5781.0
2011-10-18,4863.0
2011-10-19,5130.0
2011-10-20,4649.0
2011-10-21,5206.0
2011-10-22,5114.0
2011-10-23,5608.0
2011-10-24,5934.0
2011-10-25,5226.0
2011-10-26,5272.0
2011-10-27,4677.0
2011-10-28,5118.0
2011-10-29,5698.0
2011-10-30,4878.0
2011-10-31,5182.0
2011-11-01,5777.0
2011-11-02,5991.0
2011-11-03,6253.0
2011-11-04,6540.0
2011-11-05,5928.0
2011-11-06,5034.0
2011-11-07,5496.0
2011-11-08,5994.0
2011-11-09,6448.0
2011-11-10,6541.0
2011-11-11,4733.0
2011-11-12,5487.0
2011-11-13,5374.0
2011-11-14,5908.0
2011-11-15,6106.0
2011-11-16,6048.0
2011-11-17,4959.0
2011-11-18,5169.0
2011-11-19,4724.0
2011-11-20,5125.0
2011-11-21,4770.0
2011-11-22,5491.0
2011-11-23,5598.0
2011-11-24,5018.0
2011-11-25,5486.0
2011-11-26,4752.0
2011-11-27,5061.0
2011-11-28,5930.0
2011-11-29,6431.0
2011-11-30,6840.0
2011-12-01,6352.0
2011-12-02,6318.0
2011-12-03,5631.0
2011-12-04,5385.0
2011-12-05,6237.0
2011-12-06,7978.0
2011-12-07,6135.0
2011-12-08,5820.0
2011-12-09,5588.0
2011-12-10,5678.0
2011-12-11,5261.0
2011-12-12,4862.0
2011-12-13,5406.0
2011-12-14,5692.0
2011-12-15,4850.0
2011-12-16,5334.0
2011-12-17,4823.0
2011-12-18,4632.0
2011-12-19,5844.0
2011-12-20,6295.0
2011-12-21,5577.0
2011-12-22,5859.0
2011-12-23,5682.0
2011-12-24,4658.0
2011-12-25,5286.0
2011-12-26,5641.0
2011-12-27,5211.0
2011-12-28,5000.0
2011-12-29,5212.0
2011-12-30,5051.0
2011-12-31,5137.0
2012-01-01,5001.0
2012-01-02,5410.0
2012-01-03,5773.0
2012-01-04,5731.0
2012-01-05,6994.0
2012-01-06,6644.0
2012-01-07,5905.0
2012-01-08,6404.0
2012-01-09,6112.0
2012-01-10,6677.0
2012-01-11,7139.0
2012-01-12,6696.0
2012-01-13,6847.0
2012-01-14,6807.0
2012-01-15,6312.0
2012-01-16,6965.0
2012-01-17,6761.0
2012-01-18,6647.0
2012-01-19,6902.0
2012-01-20,6780.0
2012-01-21,6366.0
2012-01-22,5325.0
2012-01-23,6100.0
2012-01-24,7268.0
2012-01-25,7961.0
2012-01-26,6598.0
2012-01-27,6337.0
2012-01-28,5910.0
2012-01-29,6426.0
2012-01-30,6153.0
2012-01-31,6925.0
2012-02-01,6502.0
2012-02-02,7164.0
2012-02-03,7050.0
2012-02-04,7237.0
2012-02-05,6774.0
2012-02-06,6136.0
2012-02-07,7012.0
2012-02-08,7024.0
2012-02-09,7488.0
2012-02-10,8456.0
2012-02-11,7679.0
2012-02-12,7030.0
2012-02-13,7992.0
2012-02-14,9489.0
2012-02-15,9337.0
2012-02-16,9537.0
2012-02-17,6778.0
2012-02-18,6516.0
2012-02-19,5958.0
2012-02-20,6339.0
2012-02-21,6420.0
2012-02-22,7194.0
2012-02-23,8014.0
2012-02-24,6930.0
2012-02-25,6306.0
2012-02-26,5821.0
2012-02-27,6735.0
2012-02-28,6725.0
2012-02-29,6719.0
2012-03-01,6811.0
2012-03-02,7645.0
2012-03-03,5187.0
2012-03-04,6591.0
2012-03-05,6979.0
2012-03-06,6368.0
2012-03-07,6635.0
2012-03-08,6637.0
2012-03-09,6502.0
2012-03-10,5370.0
2012-03-11,5223.0
2012-03-12,6141.0
2012-03-13,7395.0
2012-03-14,6895.0
2012-03-15,6284.0
2012-03-16,6935.0
2012-03-17,6876.0
2012-03-18,6039.0
2012-03-19,6652.0
2012-03-20,6834.0
2012-03-21,7000.0
2012-03-22,6587.0
2012-03-23,6156.0
2012-03-24,6371.0
2012-03-25,6216.0
2012-03-26,6619.0
2012-03-27,6666.0
2012-03-28,7239.0
2012-03-29,7518.0
2012-03-30,6828.0
2012-03-31,6192.0
2012-04-01,5563.0
2012-04-02,6472.0
2012-04-03,7739.0
2012-04-04,7143.0
2012-04-05,7028.0
2012-04-06,6699.0
2012-04-07,6080.0
2012-04-08,5915.0
2012-04-09,6617.0
2012-04-10,8468.0
2012-04-11,7858.0
2012-04-12,8290.0
2012-04-13,7223.0
2012-04-14,7845.0
2012-04-15,7371.0
2012-04-16,8577.0
2012-04-17,7805.0
2012-04-18,8580.0
2012-04-19,7900.0
2012-04-20,8285.0
2012-04-21,7201.0
2012-04-22,6354.0
2012-04-23,7104.0
2012-04-24,7660.0
2012-04-25,7557.0
2012-04-26,10099.0
2012-04-27,7195.0
2012-04-28,7427.0
2012-04-29,7729.0
2012-04-30,9413.0
2012-05-01,10208.0
2012-05-02,9978.0
2012-05-03,14002.0
2012-05-04,14098.0
2012-05-05,12998.0
2012-05-06,11150.0
2012-05-07,18247.0
2012-05-08,17719.0
2012-05-09,17245.0
2012-05-10,11782.0
2012-05-11,19061.0
2012-05-12,18326.0
2012-05-13,14737.0
2012-05-14,28349.0
2012-05-15,22235.0
2012-05-16,18078.0
2012-05-17,16935.0
2012-05-18,24481.0
2012-05-19,35404.0
2012-05-20,31460.0
2012-05-21,31604.0
2012-05-22,23480.0
2012-05-23,27432.0
2012-05-24,26589.0
2012-05-25,28999.0
2012-05-26,23279.0
2012-05-27,26447.0
2012-05-28,29888.0
2012-05-29,29816.0
2012-05-30,25580.0
2012-05-31,21013.0
2012-06-01,27069.0
2012-06-02,12800.0
2012-06-03,33601.0
2012-06-04,45938.0
2012-06-05,44364.0
2012-06-06,15937.0
2012-06-07,33203.0
2012-06-08,23897.0
2012-06-09,33050.0
2012-06-10,40721.0
2012-06-11,32531.0
2012-06-12,18243.0
2012-06-13,56794.0
2012-06-14,61938.0
2012-06-15,54986.0
2012-06-16,43282.0
2012-06-17,43909.0
2012-06-18,39071.0
2012-06-19,35962.0
2012-06-20,32246.0
2012-06-21,26782.0
2012-06-22,23565.0
2012-06-23,22303.0
2012-06-24,22392.0
2012-06-25,28713.0
2012-06-26,30235.0
2012-06-27,30875.0
2012-06-28,26522.0
2012-06-29,22877.0
2012-06-30,22618.0
2012-07-01,19276.0
2012-07-02,25147.0
2012-07-03,22667.0
2012-07-04,23164.0
2012-07-05,21643.0
2012-07-06,23916.0
2012-07-07,25615.0
2012-07-08,20799.0
2012-07-09,25129.0
2012-07-10,35080.0
2012-07-11,31250.0
2012-07-12,24303.0
2012-07-13,24556.0
2012-07-14,22787.0
2012-07-15,26345.0
2012-07-16,31379.0
2012-07-17,35201.0
2012-07-18,32588.0
2012-07-19,31035.0
2012-07-20,36794.0
2012-07-21,34593.0
2012-07-22,34860.0
2012-07-23,32698.0
2012-07-24,28369.0
2012-07-25,27327.0
2012-07-26,30707.0
2012-07-27,27155.0
2012-07-28,35230.0
2012-07-29,34483.0
2012-07-30,34395.0
2012-07-31,41507.0
2012-08-01,30538.0
2012-08-02,33211.0
2012-08-03,27780.0
2012-08-04,29010.0
2012-08-05,33283.0
2012-08-06,35400.0
2012-08-07,29603.0
2012-08-08,40168.0
2012-08-09,29942.0
2012-08-10,28375.0
2012-08-11,33139.0
2012-08-12,34636.0
2012-08-13,48872.0
2012-08-14,34506.0
2012-08-15,52969.0
2012-08-16,46477.0
2012-08-17,40554.0
2012-08-18,37162.0
2012-08-19,36951.0
2012-08-20,35837.0
2012-08-21,42415.0
2012-08-22,37874.0
2012-08-23,31818.0
2012-08-24,32275.0
2012-08-25,33439.0
2012-08-26,29520.0
2012-08-27,33096.0
2012-08-28,29838.0
2012-08-29,34209.0
2012-08-30,33914.0
2012-08-31,40624.0
2012-09-01,40774.0
2012-09-02,33588.0
2012-09-03,38238.0
2012-09-04,39946.0
2012-09-05,41135.0
2012-09-06,42790.0
2012-09-07,33483.0
2012-09-08,31173.0
2012-09-09,31464.0
2012-09-10,33632.0
2012-09-11,38225.0
2012-09-12,28096.0
2012-09-13,29025.0
2012-09-14,36118.0
2012-09-15,27248.0
2012-09-16,28415.0
2012-09-17,24446.0
2012-09-18,32821.0
2012-09-19,32231.0
2012-09-20,31282.0
2012-09-21,30347.0
2012-09-22,22014.0
2012-09-23,27999.0
2012-09-24,29190.0
2012-09-25,24177.0
2012-09-26,32413.0
2012-09-27,28347.0
2012-09-28,32768.0
2012-09-29,23992.0
2012-09-30,20668.0
2012-10-01,24727.0
2012-10-02,32878.0
2012-10-03,26669.0
2012-10-04,31955.0
2012-10-05,37031.0
2012-10-06,32672.0
2012-10-07,34726.0
2012-10-08,38211.0
2012-10-09,35450.0
2012-10-10,31226.0
2012-10-11,27684.0
2012-10-12,28693.0
2012-10-13,33090.0
2012-10-14,27414.0
2012-10-15,30998.0
2012-10-16,34533.0
2012-10-17,31813.0
2012-10-18,28257.0
2012-10-19,25096.0
2012-10-20,30699.0
2012-10-21,40833.0
2012-10-22,43154.0
2012-10-23,32031.0
2012-10-24,32194.0
2012-10-25,26998.0
2012-10-26,21927.0
2012-10-27,16313.0
2012-10-28,17965.0
2012-10-29,21500.0
2012-10-30,31058.0
2012-10-31,27444.0
2012-11-01,23638.0
2012-11-02,28990.0
2012-11-03,23899.0
2012-11-04,24304.0
2012-11-05,32184.0
2012-11-06,31986.0
2012-11-07,36480.0
2012-11-08,32415.0
2012-11-09,25157.0
2012-11-10,27109.0
2012-11-11,23555.0
2012-11-12,23903.0
2012-11-13,27131.0
2012-11-14,29901.0
2012-11-15,37604.0
2012-11-16,39446.0
2012-11-17,32538.0
2012-11-18,34136.0
2012-11-19,36772.0
2012-11-20,37009.0
2012-11-21,39066.0
2012-11-22,30900.0
2012-11-23,32347.0
2012-11-24,29718.0
2012-11-25,36736.0
2012-11-26,35898.0
2012-11-27,27632.0
2012-11-28,37256.0
2012-11-29,37423.0
2012-11-30,29758.0
2012-12-01,33492.0
2012-12-02,20606.0
2012-12-03,21659.0
2012-12-04,32356.0
2012-12-05,33744.0
2012-12-06,37163.0
2012-12-07,32145.0
2012-12-08,33174.0
2012-12-09,32059.0
2012-12-10,36221.0
2012-12-11,36779.0
2012-12-12,36736.0
2012-12-13,42515.0
2012-12-14,39014.0
2012-12-15,32365.0
2012-12-16,35476.0
2012-12-17,41040.0
2012-12-18,49812.0
2012-12-19,44765.0
2012-12-20,35922.0
2012-12-21,44580.0
2012-12-22,51258.0
2012-12-23,36738.0
2012-12-24,36111.0
2012-12-25,28743.0
2012-12-26,36586.0
2012-12-27,43787.0
2012-12-28,47105.0
2012-12-29,38110.0
2012-12-30,45447.0
2012-12-31,30064.0
2013-01-01,31896.0
2013-01-02,39433.0
2013-01-03,42309.0
2013-01-04,48589.0
2013-01-05,39596.0
2013-01-06,33026.0
2013-01-07,40288.0
2013-01-08,38624.0
2013-01-09,43190.0
2013-01-10,52539.0
2013-01-11,52749.0
2013-01-12,45671.0
2013-01-13,49441.0
2013-01-14,44560.0
2013-01-15,45022.0
2013-01-16,53629.0
2013-01-17,48100.0
2013-01-18,49139.0
2013-01-19,56170.0
2013-01-20,41371.0
2013-01-21,40441.0
2013-01-22,43752.0
2013-01-23,46678.0
2013-01-24,46221.0
2013-01-25,48511.0
2013-01-26,52366.0
2013-01-27,55413.0
2013-01-28,52180.0
2013-01-29,51703.0
2013-01-30,41219.0
2013-01-31,51633.0
2013-02-01,59382.0
2013-02-02,54465.0
2013-02-03,61164.0
2013-02-04,55005.0
2013-02-05,53420.0
2013-02-06,42555.0
2013-02-07,61237.0
2013-02-08,60921.0
2013-02-09,57750.0
2013-02-10,56443.0
2013-02-11,57594.0
2013-02-12,58551.0
2013-02-13,59090.0
2013-02-14,50928.0
2013-02-15,55647.0
2013-02-16,51433.0
2013-02-17,49635.0
2013-02-18,50374.0
2013-02-19,54519.0
2013-02-20,59748.0
2013-02-21,55916.0
2013-02-22,62171.0
2013-02-23,57886.0
2013-02-24,57164.0
2013-02-25,67144.0
2013-02-26,63438.0
2013-02-27,60949.0
2013-02-28,63021.0
2013-03-01,64535.0
2013-03-02,55825.0
2013-03-03,54459.0
2013-03-04,64044.0
2013-03-05,56868.0
2013-03-06,62760.0
2013-03-07,66770.0
2013-03-08,55857.0
2013-03-09,55546.0
2013-03-10,73844.0
2013-03-11,59289.0
2013-03-12,48484.0
2013-03-13,56690.0
2013-03-14,58069.0
2013-03-15,62776.0
2013-03-16,34187.0
2013-03-17,35348.0
2013-03-18,43485.0
2013-03-19,46108.0
2013-03-20,46276.0
2013-03-21,55564.0
2013-03-22,60584.0
2013-03-23,52914.0
2013-03-24,51335.0
2013-03-25,48993.0
2013-03-26,49061.0
2013-03-27,53207.0
2013-03-28,60989.0
2013-03-29,62259.0
2013-03-30,59196.0
2013-03-31,43986.0
2013-04-01,52770.0
2013-04-02,63276.0
2013-04-03,63941.0
2013-04-04,66892.0
2013-04-05,61373.0
2013-04-06,51718.0
2013-04-07,63541.0
2013-04-08,61680.0
2013-04-09,66979.0
2013-04-10,63881.0
2013-04-11,68407.0
2013-04-12,58690.0
2013-04-13,53517.0
2013-04-14,55471.0
2013-04-15,54496.0
2013-04-16,67785.0
2013-04-17,56706.0
2013-04-18,46631.0
2013-04-19,59528.0
2013-04-20,48302.0
2013-04-21,44224.0
2013-04-22,47194.0
2013-04-23,61668.0
2013-04-24,65023.0
2013-04-25,62566.0
2013-04-26,55264.0
2013-04-27,44369.0
2013-04-28,41879.0
2013-04-29,51776.0
2013-04-30,47599.0
2013-05-01,55327.0
2013-05-02,55429.0
2013-05-03,51180.0
2013-05-04,50493.0
2013-05-05,50332.0
2013-05-06,53340.0
2013-05-07,56735.0
2013-05-08,50439.0
2013-05-09,66774.0
2013-05-10,67881.0
2013-05-11,73402.0
2013-05-12,65428.0
2013-05-13,60998.0
2013-05-14,66470.0
2013-05-15,64171.0
2013-05-16,61158.0
2013-05-17,58731.0
2013-05-18,52215.0
2013-05-19,47820.0
2013-05-20,48821.0
2013-05-21,53942.0
2013-05-22,51990.0
2013-05-23,59789.0
2013-05-24,55401.0
2013-05-25,51280.0
2013-05-26,40722.0
2013-05-27,52758.0
2013-05-28,57070.0
2013-05-29,55060.0
2013-05-30,57426.0
2013-05-31,54346.0
2013-06-01,54311.0
2013-06-02,49947.0
2013-06-03,55874.0
2013-06-04,57622.0
2013-06-05,56560.0
2013-06-06,54638.0
2013-06-07,52188.0
2013-06-08,48218.0
2013-06-09,44471.0
2013-06-10,45000.0
2013-06-11,49663.0
2013-06-12,45907.0
2013-06-13,43193.0
2013-06-14,50172.0
2013-06-15,35826.0
2013-06-16,42966.0
2013-06-17,45943.0
2013-06-18,46017.0
2013-06-19,47031.0
2013-06-20,52515.0
2013-06-21,47027.0
2013-06-22,44594.0
2013-06-23,38507.0
2013-06-24,44245.0
2013-06-25,44629.0
2013-06-26,45627.0
2013-06-27,46128.0
2013-06-28,49552.0
2013-06-29,36545.0
2013-06-30,30953.0
2013-07-01,39128.0
2013-07-02,39650.0
2013-07-03,35531.0
2013-07-04,35292.0
2013-07-05,37037.0
2013-07-06,33372.0
2013-07-07,30356.0
2013-07-08,39629.0
2013-07-09,40832.0
2013-07-10,39238.0
2013-07-11,43434.0
2013-07-12,48260.0
2013-07-13,37970.0
2013-07-14,34933.0
2013-07-15,36754.0
2013-07-16,39392.0
2013-07-17,40643.0
2013-07-18,41170.0
2013-07-19,36759.0
2013-07-20,33702.0
2013-07-21,35456.0
2013-07-22,39979.0
2013-07-23,38432.0
2013-07-24,42361.0
2013-07-25,42530.0
2013-07-26,36622.0
2013-07-27,37643.0
2013-07-28,37302.0
2013-07-29,41812.0
2013-07-30,42133.0
2013-07-31,49524.0
2013-08-01,50904.0
2013-08-02,51681.0
2013-08-03,45746.0
2013-08-04,42946.0
2013-08-05,51001.0
2013-08-06,54369.0
2013-08-07,57606.0
2013-08-08,58022.0
2013-08-09,49658.0
2013-08-10,51695.0
2013-08-11,38422.0
2013-08-12,50228.0
2013-08-13,53080.0
2013-08-14,51660.0
2013-08-15,58129.0
2013-08-16,71119.0
2013-08-17,56546.0
2013-08-18,56397.0
2013-08-19,71314.0
2013-08-20,63228.0
2013-08-21,60531.0
2013-08-22,66812.0
2013-08-23,55195.0
2013-08-24,51817.0
2013-08-25,44447.0
2013-08-26,56093.0
2013-08-27,62187.0
2013-08-28,64747.0
2013-08-29,58992.0
2013-08-30,62603.0
2013-08-31,47505.0
2013-09-01,46598.0
2013-09-02,51266.0
2013-09-03,52163.0
2013-09-04,52979.0
2013-09-05,60730.0
2013-09-06,60850.0
2013-09-07,51967.0
2013-09-08,46452.0
2013-09-09,57676.0
2013-09-10,53283.0
2013-09-11,49210.0
2013-09-12,52300.0
2013-09-13,44834.0
2013-09-14,43560.0
2013-09-15,53672.0
2013-09-16,51885.0
2013-09-17,67931.0
2013-09-18,60551.0
2013-09-19,59815.0
2013-09-20,58994.0
2013-09-21,52498.0
2013-09-22,50903.0
2013-09-23,65328.0
2013-09-24,62592.0
2013-09-25,54548.0
2013-09-26,57545.0
2013-09-27,46920.0
2013-09-28,42580.0
2013-09-29,41181.0
2013-09-30,47156.0
2013-10-01,57171.0
2013-10-02,61964.0
2013-10-03,59551.0
2013-10-04,51940.0
2013-10-05,45479.0
2013-10-06,42857.0
2013-10-07,44547.0
2013-10-08,45461.0
2013-10-09,50343.0
2013-10-10,56853.0
2013-10-11,51922.0
2013-10-12,49474.0
2013-10-13,51304.0
2013-10-14,57452.0
2013-10-15,55826.0
2013-10-16,50826.0
2013-10-17,46870.0
2013-10-18,59661.0
2013-10-19,55311.0
2013-10-20,49418.0
2013-10-21,60451.0
2013-10-22,65048.0
2013-10-23,55314.0
2013-10-24,63634.0
2013-10-25,57471.0
2013-10-26,47747.0
2013-10-27,43691.0
2013-10-28,51104.0
2013-10-29,49930.0
2013-10-30,48446.0
2013-10-31,58181.0
2013-11-01,45371.0
2013-11-02,39181.0
2013-11-03,35947.0
2013-11-04,45523.0
2013-11-05,51597.0
2013-11-06,55008.0
2013-11-07,60535.0
2013-11-08,59223.0
2013-11-09,55204.0
2013-11-10,57538.0
2013-11-11,57405.0
2013-11-12,58307.0
2013-11-13,64870.0
2013-11-14,69413.0
2013-11-15,60914.0
2013-11-16,47175.0
2013-11-17,51323.0
2013-11-18,79032.0
2013-11-19,92907.0
2013-11-20,77558.0
2013-11-21,71822.0
2013-11-22,76947.0
2013-11-23,72545.0
2013-11-24,60861.0
2013-11-25,71793.0
2013-11-26,83383.0
2013-11-27,95531.0
2013-11-28,98921.0
2013-11-29,90084.0
2013-11-30,73890.0
2013-12-01,73442.0
2013-12-02,75570.0
2013-12-03,77667.0
2013-12-04,79624.0
2013-12-05,83283.0
2013-12-06,72099.0
2013-12-07,67712.0
2013-12-08,47477.0
2013-12-09,63625.0
2013-12-10,67623.0
2013-12-11,67305.0
2013-12-12,58219.0
2013-12-13,60059.0
2013-12-14,54113.0
2013-12-15,52308.0
2013-12-16,69382.0
2013-12-17,67740.0
2013-12-18,81510.0
2013-12-19,70278.0
2013-12-20,65083.0
2013-12-21,56083.0
2013-12-22,52897.0
2013-12-23,54267.0
2013-12-24,55865.0
2013-12-25,55428.0
2013-12-26,51276.0
2013-12-27,52674.0
2013-12-28,48009.0
2013-12-29,51325.0
2013-12-30,55613.0
2013-12-31,48847.0
2014-01-01,43070.0
2014-01-02,54770.0
2014-01-03,60980.0
2014-01-04,52052.0
2014-01-05,58662.0
2014-01-06,67358.0
2014-01-07,62911.0
2014-01-08,61439.0
2014-01-09,59031.0
2014-01-10,54166.0
2014-01-11,55856.0
2014-01-12,50537.0
2014-01-13,53461.0
2014-01-14,57378.0
2014-01-15,61612.0
2014-01-16,56703.0
2014-01-17,59026.0
2014-01-18,51573.0
2014-01-19,48005.0
2014-01-20,63003.0
2014-01-21,72577.0
2014-01-22,65835.0
2014-01-23,63576.0
2014-01-24,65600.0
2014-01-25,53864.0
2014-01-26,53582.0
2014-01-27,64374.0
2014-01-28,65762.0
2014-01-29,59682.0
2014-01-30,60799.0
2014-01-31,60269.0
2014-02-01,54838.0
2014-02-02,52483.0
2014-02-03,57600.0
2014-02-04,69799.0
2014-02-05,67529.0
2014-02-06,70160.0
2014-02-07,70514.0
2014-02-08,65009.0
2014-02-09,56579.0
2014-02-10,66850.0
2014-02-11,67229.0
2014-02-12,62126.0
2014-02-13,67339.0
2014-02-14,74889.0
2014-02-15,61896.0
2014-02-16,57531.0
2014-02-17,60853.0
2014-02-18,65408.0
2014-02-19,70142.0
2014-02-20,71144.0
2014-02-21,69390.0
2014-02-22,58549.0
2014-02-23,60198.0
2014-02-24,73796.0
2014-02-25,80082.0
2014-02-26,71897.0
2014-02-27,72138.0
2014-02-28,70290.0
2014-03-01,63402.0
2014-03-02,56635.0
2014-03-03,81264.0
2014-03-04,84600.0
2014-03-05,72392.0
2014-03-06,70527.0
2014-03-07,72345.0
2014-03-08,64590.0
2014-03-09,62161.0
2014-03-10,70884.0
2014-03-11,76204.0
2014-03-12,76339.0
2014-03-13,72805.0
2014-03-14,70615.0
2014-03-15,60308.0
2014-03-16,59332.0
2014-03-17,66396.0
2014-03-18,54142.0
2014-03-19,73804.0
2014-03-20,71002.0
2014-03-21,73091.0
2014-03-22,66673.0
2014-03-23,57811.0
2014-03-24,70983.0
2014-03-25,71883.0
2014-03-26,68315.0
2014-03-27,71719.0
2014-03-28,67079.0
2014-03-29,53250.0
2014-03-30,56467.0
2014-03-31,65448.0
2014-04-01,64136.0
2014-04-02,66862.0
2014-04-03,67075.0
2014-04-04,65692.0
2014-04-05,55795.0
2014-04-06,50010.0
2014-04-07,65810.0
2014-04-08,67841.0
2014-04-09,65153.0
2014-04-10,68027.0
2014-04-11,65732.0
2014-04-12,47740.0
2014-04-13,51168.0
2014-04-14,70219.0
2014-04-15,72809.0
2014-04-16,68594.0
2014-04-17,65190.0
2014-04-18,56996.0
2014-04-19,53515.0
2014-04-20,49043.0
2014-04-21,58110.0
2014-04-22,78042.0
2014-04-23,73954.0
2014-04-24,72694.0
2014-04-25,72650.0
2014-04-26,52175.0
2014-04-27,52629.0
2014-04-28,64546.0
2014-04-29,65038.0
2014-04-30,63657.0
2014-05-01,59658.0
2014-05-02,59981.0
2014-05-03,54157.0
2014-05-04,51769.0
2014-05-05,67763.0
2014-05-06,77228.0
2014-05-07,69825.0
2014-05-08,68937.0
2014-05-09,66293.0
2014-05-10,56416.0
2014-05-11,52590.0
2014-05-12,74418.0
2014-05-13,69357.0
2014-05-14,69808.0
2014-05-15,74893.0
2014-05-16,65433.0
2014-05-17,53511.0
2014-05-18,49912.0
2014-05-19,64094.0
2014-05-20,71520.0
2014-05-21,68905.0
2014-05-22,73343.0
2014-05-23,72810.0
2014-05-24,52872.0
2014-05-25,57566.0
2014-05-26,67007.0
2014-05-27,68524.0
2014-05-28,72338.0
2014-05-29,65362.0
2014-05-30,65127.0
2014-05-31,52172.0
2014-06-01,55222.0
2014-06-02,64434.0
2014-06-03,69655.0
2014-06-04,65094.0
2014-06-05,66945.0
2014-06-06,62342.0
2014-06-07,51210.0
2014-06-08,48308.0
2014-06-09,59875.0
2014-06-10,63316.0
2014-06-11,62827.0
2014-06-12,64744.0
2014-06-13,64739.0
2014-06-14,53596.0
2014-06-15,53916.0
2014-06-16,68262.0
2014-06-17,70077.0
2014-06-18,63888.0
2014-06-19,62454.0
2014-06-20,57381.0
2014-06-21,51173.0
2014-06-22,50104.0
2014-06-23,60216.0
2014-06-24,64883.0
2014-06-25,64397.0
2014-06-26,61432.0
2014-06-27,62966.0
2014-06-28,54392.0
2014-06-29,49922.0
2014-06-30,69403.0
2014-07-01,69443.0
2014-07-02,66728.0
2014-07-03,62849.0
2014-07-04,59494.0
2014-07-05,49954.0
2014-07-06,52139.0
2014-07-07,64686.0
2014-07-08,70117.0
2014-07-09,68518.0
2014-07-10,64605.0
2014-07-11,59077.0
2014-07-12,53454.0
2014-07-13,52417.0
2014-07-14,62761.0
2014-07-15,72316.0
2014-07-16,65571.0
2014-07-17,66233.0
2014-07-18,64062.0
2014-07-19,59553.0
2014-07-20,52001.0
2014-07-21,64190.0
2014-07-22,66858.0
2014-07-23,66883.0
2014-07-24,66276.0
2014-07-25,61498.0
2014-07-26,56333.0
2014-07-27,51991.0
2014-07-28,64744.0
2014-07-29,61607.0
2014-07-30,66153.0
2014-07-31,69761.0
2014-08-01,67915.0
2014-08-02,54989.0
2014-08-03,53621.0
2014-08-04,67847.0
2014-08-05,72823.0
2014-08-06,80402.0
2014-08-07,69913.0
2014-08-08,68262.0
2014-08-09,60634.0
2014-08-10,57913.0
2014-08-11,75575.0
2014-08-12,76982.0
2014-08-13,75738.0
2014-08-14,79082.0
2014-08-15,73193.0
2014-08-16,67974.0
2014-08-17,60223.0
2014-08-18,72758.0
2014-08-19,74740.0
2014-08-20,73842.0
2014-08-21,73164.0
2014-08-22,66998.0
2014-08-23,57593.0
2014-08-24,56695.0
2014-08-25,69894.0
2014-08-26,72660.0
2014-08-27,74581.0
2014-08-28,68628.0
2014-08-29,68614.0
2014-08-30,61214.0
2014-08-31,57755.0
2014-09-01,70383.0
2014-09-02,71909.0
2014-09-03,71868.0
2014-09-04,70810.0
2014-09-05,68038.0
2014-09-06,63369.0
2014-09-07,60352.0
2014-09-08,75766.0
2014-09-09,81812.0
2014-09-10,72558.0
2014-09-11,66026.0
2014-09-12,68384.0
2014-09-13,61246.0
2014-09-14,67655.0
2014-09-15,78666.0
2014-09-16,87234.0
2014-09-17,80305.0
2014-09-18,77364.0
2014-09-19,69437.0
2014-09-20,63482.0
2014-09-21,59800.0
2014-09-22,73289.0
2014-09-23,77283.0
2014-09-24,74974.0
2014-09-25,78523.0
2014-09-26,72555.0
2014-09-27,62973.0
2014-09-28,62605.0
2014-09-29,77924.0
2014-09-30,78006.0
2014-10-01,78779.0
2014-10-02,72059.0
2014-10-03,75121.0
2014-10-04,66632.0
2014-10-05,67330.0
2014-10-06,78049.0
2014-10-07,79069.0
2014-10-08,78818.0
2014-10-09,82789.0
2014-10-10,81058.0
2014-10-11,65020.0
2014-10-12,63509.0
2014-10-13,77942.0
2014-10-14,81364.0
2014-10-15,76257.0
2014-10-16,75737.0
2014-10-17,70839.0
2014-10-18,66477.0
2014-10-19,63255.0
2014-10-20,82700.0
2014-10-21,81651.0
2014-10-22,79987.0
2014-10-23,80638.0
2014-10-24,77906.0
2014-10-25,72515.0
2014-10-26,70762.0
2014-10-27,83977.0
2014-10-28,87980.0
2014-10-29,93667.0
2014-10-30,92622.0
2014-10-31,85703.0
2014-11-01,69591.0
2014-11-02,77170.0
2014-11-03,90351.0
2014-11-04,87617.0
2014-11-05,89460.0
2014-11-06,93387.0
2014-11-07,84866.0
2014-11-08,72717.0
2014-11-09,72212.0
2014-11-10,88994.0
2014-11-11,85618.0
2014-11-12,95579.0
2014-11-13,92958.0
2014-11-14,86307.0
2014-11-15,73242.0
2014-11-16,76009.0
2014-11-17,88354.0
2014-11-18,87524.0
2014-11-19,85271.0
2014-11-20,89388.0
2014-11-21,82179.0
2014-11-22,74725.0
2014-11-23,77283.0
2014-11-24,85807.0
2014-11-25,86134.0
2014-11-26,85111.0
2014-11-27,84682.0
2014-11-28,85912.0
2014-11-29,79098.0
2014-11-30,85013.0
2014-12-01,97623.0
2014-12-02,99419.0
2014-12-03,99348.0
2014-12-04,98348.0
2014-12-05,90900.0
2014-12-06,81230.0
2014-12-07,74792.0
2014-12-08,90746.0
2014-12-09,90220.0
2014-12-10,88798.0
2014-12-11,84005.0
2014-12-12,81297.0
2014-12-13,76207.0
2014-12-14,79703.0
2014-12-15,94459.0
2014-12-16,101064.0
2014-12-17,98444.0
2014-12-18,95207.0
2014-12-19,95405.0
2014-12-20,86901.0
2014-12-21,78963.0
2014-12-22,96511.0
2014-12-23,99469.0
2014-12-24,82347.0
2014-12-25,67918.0
2014-12-26,76198.0
2014-12-27,76814.0
2014-12-28,75715.0
2014-12-29,83447.0
2014-12-30,85049.0
2014-12-31,77411.0
2015-01-01,59344.0
2015-01-02,79287.0
2015-01-03,82227.0
2015-01-04,85694.0
2015-01-05,95585.0
2015-01-06,87821.0
2015-01-07,89916.0
2015-01-08,107132.0
2015-01-09,102275.0
2015-01-10,104874.0
2015-01-11,90630.0
2015-01-12,98969.0
2015-01-13,102309.0
2015-01-14,104765.0
2015-01-15,120390.0
2015-01-16,104699.0
2015-01-17,90499.0
2015-01-18,83186.0
2015-01-19,98485.0
2015-01-20,98925.0
2015-01-21,96959.0
2015-01-22,93698.0
2015-01-23,92011.0
2015-01-24,83557.0
2015-01-25,86558.0
2015-01-26,108181.0
2015-01-27,99393.0
2015-01-28,85232.0
2015-01-29,90879.0
2015-01-30,81199.0
2015-01-31,86312.0
2015-02-01,78994.0
2015-02-02,85987.0
2015-02-03,91793.0
2015-02-04,90814.0
2015-02-05,86567.0
2015-02-06,85705.0
2015-02-07,85699.0
2015-02-08,82679.0
2015-02-09,104758.0
2015-02-10,102975.0
2015-02-11,97048.0
2015-02-12,87427.0
2015-02-13,113660.0
2015-02-14,98773.0
2015-02-15,85267.0
2015-02-16,104632.0
2015-02-17,102988.0
2015-02-18,105719.0
2015-02-19,94552.0
2015-02-20,98714.0
2015-02-21,87827.0
2015-02-22,84942.0
2015-02-23,101515.0
2015-02-24,105125.0
2015-02-25,105394.0
2015-02-26,100817.0
2015-02-27,101474.0
2015-02-28,89632.0
2015-03-01,88728.0
2015-03-02,104937.0
2015-03-03,110981.0
2015-03-04,98529.0
2015-03-05,101115.0
2015-03-06,93869.0
2015-03-07,91505.0
2015-03-08,87527.0
2015-03-09,105536.0
2015-03-10,105541.0
2015-03-11,100765.0
2015-03-12,97095.0
2015-03-13,96036.0
2015-03-14,89511.0
2015-03-15,84934.0
2015-03-16,105218.0
2015-03-17,99561.0
2015-03-18,99607.0
2015-03-19,106297.0
2015-03-20,103532.0
2015-03-21,92836.0
2015-03-22,90586.0
2015-03-23,106019.0
2015-03-24,92927.0
2015-03-25,97138.0
2015-03-26,101181.0
2015-03-27,99491.0
2015-03-28,87374.0
2015-03-29,90516.0
2015-03-30,106355.0
2015-03-31,115111.0
2015-04-01,119343.0
2015-04-02,112070.0
2015-04-03,104546.0
2015-04-04,89651.0
2015-04-05,95023.0
2015-04-06,107449.0
2015-04-07,108714.0
2015-04-08,110751.0
2015-04-09,116620.0
2015-04-10,112826.0
2015-04-11,99429.0
2015-04-12,86999.0
2015-04-13,115407.0
2015-04-14,110150.0
2015-04-15,107606.0
2015-04-16,99046.0
2015-04-17,102755.0
2015-04-18,97709.0
2015-04-19,91134.0
2015-04-20,116746.0
2015-04-21,112502.0
2015-04-22,111878.0
2015-04-23,109838.0
2015-04-24,108776.0
2015-04-25,98465.0
2015-04-26,92999.0
2015-04-27,113775.0
2015-04-28,113193.0
2015-04-29,117260.0
2015-04-30,112958.0
2015-05-01,99560.0
2015-05-02,95102.0
2015-05-03,84602.0
2015-05-04,104000.0
2015-05-05,115348.0
2015-05-06,111733.0
2015-05-07,111125.0
2015-05-08,109145.0
2015-05-09,94716.0
2015-05-10,89409.0
2015-05-11,111374.0
2015-05-12,110101.0
2015-05-13,108858.0
2015-05-14,101584.0
2015-05-15,105160.0
2015-05-16,90686.0
2015-05-17,87162.0
2015-05-18,98578.0
2015-05-19,107346.0
2015-05-20,106888.0
2015-05-21,98302.0
2015-05-22,102770.0
2015-05-23,86279.0
2015-05-24,94044.0
2015-05-25,106086.0
2015-05-26,108384.0
2015-05-27,108089.0
2015-05-28,110980.0
2015-05-29,124052.0
2015-05-30,127801.0
2015-05-31,98784.0
2015-06-01,128696.0
2015-06-02,128207.0
2015-06-03,127600.0
2015-06-04,118346.0
2015-06-05,110201.0
2015-06-06,92696.0
2015-06-07,83627.0
2015-06-08,108173.0
2015-06-09,121638.0
2015-06-10,131279.0
2015-06-11,120624.0
2015-06-12,126945.0
2015-06-13,105843.0
2015-06-14,103036.0
2015-06-15,129389.0
2015-06-16,121541.0
2015-06-17,133122.0
2015-06-18,124929.0
2015-06-19,125222.0
2015-06-20,102012.0
2015-06-21,96654.0
2015-06-22,119345.0
2015-06-23,125560.0
2015-06-24,113093.0
2015-06-25,111468.0
2015-06-26,116432.0
2015-06-27,106004.0
2015-06-28,99145.0
2015-06-29,124180.0
2015-06-30,155869.0
2015-07-01,144112.0
2015-07-02,142153.0
2015-07-03,129719.0
2015-07-04,104582.0
2015-07-05,115084.0
2015-07-06,174070.0
2015-07-07,190747.0
2015-07-08,201747.0
2015-07-09,191163.0
2015-07-10,193020.0
2015-07-11,186200.0
2015-07-12,208685.0
2015-07-13,159695.0
2015-07-14,122618.0
2015-07-15,115570.0
2015-07-16,114387.0
2015-07-17,116906.0
2015-07-18,130695.0
2015-07-19,120887.0
2015-07-20,125258.0
2015-07-21,133785.0
2015-07-22,131259.0
2015-07-23,109620.0
2015-07-24,109918.0
2015-07-25,100544.0
2015-07-26,92776.0
2015-07-27,115226.0
2015-07-28,118350.0
2015-07-29,143200.0
2015-07-30,123577.0
2015-07-31,147503.0
2015-08-01,147481.0
2015-08-02,103600.0
2015-08-03,119844.0
2015-08-04,132547.0
2015-08-05,133758.0
2015-08-06,134838.0
2015-08-07,111345.0
2015-08-08,101512.0
2015-08-09,90534.0
2015-08-10,116841.0
2015-08-11,114741.0
2015-08-12,117898.0
2015-08-13,117507.0
2015-08-14,111255.0
2015-08-15,94944.0
2015-08-16,89498.0
2015-08-17,115049.0
2015-08-18,119798.0
2015-08-19,120151.0
2015-08-20,118230.0
2015-08-21,113792.0
2015-08-22,105665.0
2015-08-23,94529.0
2015-08-24,125368.0
2015-08-25,121973.0
2015-08-26,122852.0
2015-08-27,119917.0
2015-08-28,120547.0
2015-08-29,107489.0
2015-08-30,98339.0
2015-08-31,127260.0
2015-09-01,130410.0
2015-09-02,150066.0
2015-09-03,128682.0
2015-09-04,103973.0
2015-09-05,124218.0
2015-09-06,106293.0
2015-09-07,125467.0
2015-09-08,125379.0
2015-09-09,126457.0
2015-09-10,124951.0
2015-09-11,180002.0
2015-09-12,137740.0
2015-09-13,146048.0
2015-09-14,166715.0
2015-09-15,162999.0
2015-09-16,167269.0
2015-09-17,259279.0
2015-09-18,161504.0
2015-09-19,114851.0
2015-09-20,109158.0
2015-09-21,131679.0
2015-09-22,136784.0
2015-09-23,131400.0
2015-09-24,125367.0
2015-09-25,128166.0
2015-09-26,115622.0
2015-09-27,108749.0
2015-09-28,138570.0
2015-09-29,140664.0
2015-09-30,139848.0
2015-10-01,134327.0
2015-10-02,139746.0
2015-10-03,119567.0
2015-10-04,103531.0
2015-10-05,125548.0
2015-10-06,144510.0
2015-10-07,134931.0
2015-10-08,140348.0
2015-10-09,114644.0
2015-10-10,127005.0
2015-10-11,104550.0
2015-10-12,134410.0
2015-10-13,134878.0
2015-10-14,141985.0
2015-10-15,153495.0
2015-10-16,143286.0
2015-10-17,135911.0
2015-10-18,119706.0
2015-10-19,143969.0
2015-10-20,146349.0
2015-10-21,150199.0
2015-10-22,147402.0
2015-10-23,143468.0
2015-10-24,140128.0
2015-10-25,131488.0
2015-10-26,116400.0
2015-10-27,153740.0
2015-10-28,160175.0
2015-10-29,161062.0
2015-10-30,166695.0
2015-10-31,155400.0
2015-11-01,152488.0
2015-11-02,172108.0
2015-11-03,186362.0
2015-11-04,204198.0
2015-11-05,182809.0
2015-11-06,166893.0
2015-11-07,151497.0
2015-11-08,132550.0
2015-11-09,159836.0
2015-11-10,161962.0
2015-11-11,158929.0
2015-11-12,157847.0
2015-11-13,154827.0
2015-11-14,150474.0
2015-11-15,143369.0
2015-11-16,158316.0
2015-11-17,156688.0
2015-11-18,165269.0
2015-11-19,154483.0
2015-11-20,155774.0
2015-11-21,151035.0
2015-11-22,129659.0
2015-11-23,145272.0
2015-11-24,152324.0
2015-11-25,151861.0
2015-11-26,164671.0
2015-11-27,160235.0
2015-11-28,165676.0
2015-11-29,129850.0
2015-11-30,182648.0
2015-12-01,178112.0
2015-12-02,183523.0
2015-12-03,164774.0
2015-12-04,173586.0
2015-12-05,186194.0
2015-12-06,179712.0
2015-12-07,192830.0
2015-12-08,195221.0
2015-12-09,220323.0
2015-12-10,212036.0
2015-12-11,210259.0
2015-12-12,204141.0
2015-12-13,189914.0
2015-12-14,231477.0
2015-12-15,223998.0
2015-12-16,220420.0
2015-12-17,216297.0
2015-12-18,213847.0
2015-12-19,213876.0
2015-12-20,193847.0
2015-12-21,229444.0
2015-12-22,222717.0
2015-12-23,221075.0
2015-12-24,210228.0
2015-12-25,180383.0
2015-12-26,179363.0
2015-12-27,160271.0
2015-12-28,173129.0
2015-12-29,184618.0
2015-12-30,176447.0
2015-12-31,155362.0
2016-01-01,124092.0
2016-01-02,149038.0
2016-01-03,142608.0
2016-01-04,181354.0
2016-01-05,182371.0
2016-01-06,172090.0
2016-01-07,190234.0
2016-01-08,181407.0
2016-01-09,179968.0
2016-01-10,161317.0
2016-01-11,191196.0
2016-01-12,194874.0
2016-01-13,188131.0
2016-01-14,183182.0
2016-01-15,183642.0
2016-01-16,191300.0
2016-01-17,204128.0
2016-01-18,213905.0
2016-01-19,186858.0
2016-01-20,209071.0
2016-01-21,222743.0
2016-01-22,213683.0
2016-01-23,190400.0
2016-01-24,201425.0
2016-01-25,222150.0
2016-01-26,230523.0
2016-01-27,229677.0
2016-01-28,225025.0
2016-01-29,224394.0
2016-01-30,194794.0
2016-01-31,176045.0
2016-02-01,222398.0
2016-02-02,241722.0
2016-02-03,191224.0
2016-02-04,200661.0
2016-02-05,225488.0
2016-02-06,224156.0
2016-02-07,212190.0
2016-02-08,224755.0
2016-02-09,231240.0
2016-02-10,235527.0
2016-02-11,220934.0
2016-02-12,202527.0
2016-02-13,184675.0
2016-02-14,186088.0
2016-02-15,220349.0
2016-02-16,215940.0
2016-02-17,227235.0
2016-02-18,212979.0
2016-02-19,217436.0
2016-02-20,215728.0
2016-02-21,206617.0
2016-02-22,237696.0
2016-02-23,244748.0
2016-02-24,224927.0
2016-02-25,216290.0
2016-02-26,203635.0
2016-02-27,182177.0
2016-02-28,233436.0
2016-02-29,265320.0
2016-03-01,277094.0
2016-03-02,270206.0
2016-03-03,221652.0
2016-03-04,207485.0
2016-03-05,234992.0
2016-03-06,161739.0
2016-03-07,183255.0
2016-03-08,200298.0
2016-03-09,190388.0
2016-03-10,188726.0
2016-03-11,189816.0
2016-03-12,168013.0
2016-03-13,149803.0
2016-03-14,191341.0
2016-03-15,202426.0
2016-03-16,211992.0
2016-03-17,208319.0
2016-03-18,206022.0
2016-03-19,177478.0
2016-03-20,178143.0
2016-03-21,199006.0
2016-03-22,205208.0
2016-03-23,186808.0
2016-03-24,190094.0
2016-03-25,172309.0
2016-03-26,159049.0
2016-03-27,160266.0
2016-03-28,196080.0
2016-03-29,197409.0
2016-03-30,201028.0
2016-03-31,206476.0
2016-04-01,211922.0
2016-04-02,183503.0
2016-04-03,178429.0
2016-04-04,208929.0
2016-04-05,216176.0
2016-04-06,219290.0
2016-04-07,218463.0
2016-04-08,214191.0
2016-04-09,196441.0
2016-04-10,186954.0
2016-04-11,230040.0
2016-04-12,240206.0
2016-04-13,223506.0
2016-04-14,227928.0
2016-04-15,212178.0
2016-04-16,182004.0
2016-04-17,192428.0
2016-04-18,220395.0
2016-04-19,226511.0
2016-04-20,216780.0
2016-04-21,212795.0
2016-04-22,210976.0
2016-04-23,185216.0
2016-04-24,183155.0
2016-04-25,217564.0
2016-04-26,250744.0
2016-04-27,239435.0
2016-04-28,247957.0
2016-04-29,261884.0
2016-04-30,215712.0
2016-05-01,191430.0
2016-05-02,223785.0
2016-05-03,235609.0
2016-05-04,233691.0
2016-05-05,229573.0
2016-05-06,233232.0
2016-05-07,202062.0
2016-05-08,189025.0
2016-05-09,226449.0
2016-05-10,245721.0
2016-05-11,234412.0
2016-05-12,228409.0
2016-05-13,232146.0
2016-05-14,211280.0
2016-05-15,200171.0
2016-05-16,239809.0
2016-05-17,238626.0
2016-05-18,235083.0
2016-05-19,219145.0
2016-05-20,209396.0
2016-05-21,191461.0
2016-05-22,184348.0
2016-05-23,222754.0
2016-05-24,246517.0
2016-05-25,247841.0
2016-05-26,220091.0
2016-05-27,215296.0
2016-05-28,193054.0
2016-05-29,178742.0
2016-05-30,211368.0
2016-05-31,215249.0
2016-06-01,234384.0
2016-06-02,231099.0
2016-06-03,234669.0
2016-06-04,196665.0
2016-06-05,189802.0
2016-06-06,221171.0
2016-06-07,231016.0
2016-06-08,229933.0
2016-06-09,236353.0
2016-06-10,228367.0
2016-06-11,213159.0
2016-06-12,210711.0
2016-06-13,251354.0
2016-06-14,246829.0
2016-06-15,259202.0
2016-06-16,267870.0
2016-06-17,253752.0
2016-06-18,235317.0
2016-06-19,218298.0
2016-06-20,249334.0
2016-06-21,248164.0
2016-06-22,235641.0
2016-06-23,241300.0
2016-06-24,237625.0
2016-06-25,206919.0
2016-06-26,181348.0
2016-06-27,217029.0
2016-06-28,212607.0
2016-06-29,224112.0
2016-06-30,231960.0
2016-07-01,205801.0
2016-07-02,198875.0
2016-07-03,177127.0
2016-07-04,213900.0
2016-07-05,214959.0
2016-07-06,214691.0
2016-07-07,215548.0
2016-07-08,210701.0
2016-07-09,185405.0
2016-07-10,162608.0
2016-07-11,218089.0
2016-07-12,219034.0
2016-07-13,216503.0
2016-07-14,217695.0
2016-07-15,216081.0
2016-07-16,182192.0
2016-07-17,171013.0
2016-07-18,222835.0
2016-07-19,222146.0
2016-07-20,227429.0
2016-07-21,217606.0
2016-07-22,221404.0
2016-07-23,195796.0
2016-07-24,183890.0
2016-07-25,239715.0
2016-07-26,237673.0
2016-07-27,235603.0
2016-07-28,234863.0
2016-07-29,231414.0
2016-07-30,199484.0
2016-07-31,192254.0
2016-08-01,225049.0
2016-08-02,251098.0
2016-08-03,241782.0
2016-08-04,231835.0
2016-08-05,228244.0
2016-08-06,195669.0
2016-08-07,192414.0
2016-08-08,235295.0
2016-08-09,231400.0
2016-08-10,244740.0
2016-08-11,254515.0
2016-08-12,232973.0
2016-08-13,214569.0
2016-08-14,200174.0
2016-08-15,202896.0
2016-08-16,254431.0
2016-08-17,238003.0
2016-08-18,239541.0
2016-08-19,246095.0
2016-08-20,208224.0
2016-08-21,184904.0
2016-08-22,228373.0
2016-08-23,239021.0
2016-08-24,235130.0
2016-08-25,234009.0
2016-08-26,226767.0
2016-08-27,191098.0
2016-08-28,174489.0
2016-08-29,225282.0
2016-08-30,252002.0
2016-08-31,225360.0
2016-09-01,237466.0
2016-09-02,225856.0
2016-09-03,182204.0
2016-09-04,183244.0
2016-09-05,227683.0
2016-09-06,232118.0
2016-09-07,250809.0
2016-09-08,227006.0
2016-09-09,220534.0
2016-09-10,193320.0
2016-09-11,180391.0
2016-09-12,208649.0
2016-09-13,239886.0
2016-09-14,231800.0
2016-09-15,233488.0
2016-09-16,211128.0
2016-09-17,215529.0
2016-09-18,191603.0
2016-09-19,223540.0
2016-09-20,244315.0
2016-09-21,239216.0
2016-09-22,231227.0
2016-09-23,223187.0
2016-09-24,208650.0
2016-09-25,195642.0
2016-09-26,230769.0
2016-09-27,240335.0
2016-09-28,234995.0
2016-09-29,242730.0
2016-09-30,250943.0
2016-10-01,213930.0
2016-10-02,194823.0
2016-10-03,256665.0
2016-10-04,264662.0
2016-10-05,266811.0
2016-10-06,274486.0
2016-10-07,266324.0
2016-10-08,250672.0
2016-10-09,210548.0
2016-10-10,222996.0
2016-10-11,263565.0
2016-10-12,233440.0
2016-10-13,229703.0
2016-10-14,239724.0
2016-10-15,210448.0
2016-10-16,197876.0
2016-10-17,237232.0
2016-10-18,251521.0
2016-10-19,199083.0
2016-10-20,270380.0
2016-10-21,265355.0
2016-10-22,216708.0
2016-10-23,191578.0
2016-10-24,226980.0
2016-10-25,237030.0
2016-10-26,223316.0
2016-10-27,326388.0
2016-10-28,250876.0
2016-10-29,229689.0
2016-10-30,207982.0
2016-10-31,241778.0
2016-11-01,246650.0
2016-11-02,268418.0
2016-11-03,271998.0
2016-11-04,248043.0
2016-11-05,238215.0
2016-11-06,225786.0
2016-11-07,274281.0
2016-11-08,296060.0
2016-11-09,270095.0
2016-11-10,271374.0
2016-11-11,254619.0
2016-11-12,228886.0
2016-11-13,219657.0
2016-11-14,270506.0
2016-11-15,280352.0
2016-11-16,289789.0
2016-11-17,277460.0
2016-11-18,275925.0
2016-11-19,249760.0
2016-11-20,243591.0
2016-11-21,285793.0
2016-11-22,285635.0
2016-11-23,276924.0
2016-11-24,328538.0
2016-11-25,315387.0
2016-11-26,277608.0
2016-11-27,237389.0
2016-11-28,298530.0
2016-11-29,289650.0
2016-11-30,292654.0
2016-12-01,239682.0
2016-12-02,315478.0
2016-12-03,287988.0
2016-12-04,245650.0
2016-12-05,278001.0
2016-12-06,319762.0
2016-12-07,310754.0
2016-12-08,282711.0
2016-12-09,268815.0
2016-12-10,250241.0
2016-12-11,229933.0
2016-12-12,268662.0
2016-12-13,291757.0
2016-12-14,286328.0
2016-12-15,282685.0
2016-12-16,279361.0
2016-12-17,238130.0
2016-12-18,235789.0
2016-12-19,282129.0
2016-12-20,296473.0
2016-12-21,325677.0
2016-12-22,314644.0
2016-12-23,304997.0
2016-12-24,240820.0
2016-12-25,197364.0
2016-12-26,244914.0
2016-12-27,296546.0
2016-12-28,305394.0
2016-12-29,304605.0
2016-12-30,286818.0
2016-12-31,250273.0
2017-01-01,180502.0
2017-01-02,290951.0
2017-01-03,301664.0
2017-01-04,328642.0
2017-01-05,288501.0
2017-01-06,346405.0
2017-01-07,282060.0
2017-01-08,260101.0
2017-01-09,269947.0
2017-01-10,323888.0
2017-01-11,303058.0
2017-01-12,295125.0
2017-01-13,272747.0
2017-01-14,242269.0
2017-01-15,235999.0
2017-01-16,267640.0
2017-01-17,292697.0
2017-01-18,297100.0
2017-01-19,300605.0
2017-01-20,298377.0
2017-01-21,263562.0
2017-01-22,236886.0
2017-01-23,235530.0
2017-01-24,278177.0
2017-01-25,304727.0
2017-01-26,313755.0
2017-01-27,263332.0
2017-01-28,246395.0
2017-01-29,241627.0
2017-01-30,247408.0
2017-01-31,307683.0
2017-02-01,350560.0
2017-02-02,259559.0
2017-02-03,323563.0
2017-02-04,284778.0
2017-02-05,292101.0
2017-02-06,230027.0
2017-02-07,325268.0
2017-02-08,308316.0
2017-02-09,346544.0
2017-02-10,301789.0
2017-02-11,262686.0
2017-02-12,237744.0
2017-02-13,288290.0
2017-02-14,315084.0
2017-02-15,294786.0
2017-02-16,283203.0
2017-02-17,319767.0
2017-02-18,286143.0
2017-02-19,251721.0
2017-02-20,282728.0
2017-02-21,279090.0
2017-02-22,282194.0
2017-02-23,325913.0
2017-02-24,343805.0
2017-02-25,326521.0
2017-02-26,265203.0
2017-02-27,284555.0
2017-02-28,325414.0
2017-03-01,315883.0
2017-03-02,329428.0
2017-03-03,337310.0
2017-03-04,265780.0
2017-03-05,280739.0
2017-03-06,287731.0
2017-03-07,327902.0
2017-03-08,297108.0
2017-03-09,303632.0
2017-03-10,308482.0
2017-03-11,280681.0
2017-03-12,221110.0
2017-03-13,273079.0
2017-03-14,310395.0
2017-03-15,292434.0
2017-03-16,327034.0
2017-03-17,292196.0
2017-03-18,263530.0
2017-03-19,269336.0
2017-03-20,277033.0
2017-03-21,288055.0
2017-03-22,316593.0
2017-03-23,287871.0
2017-03-24,289521.0
2017-03-25,242975.0
2017-03-26,221915.0
2017-03-27,232291.0
2017-03-28,294001.0
2017-03-29,283931.0
2017-03-30,288788.0
2017-03-31,259403.0
2017-04-01,255871.0
2017-04-02,244203.0
2017-04-03,288141.0
2017-04-04,256015.0
2017-04-05,316555.0
2017-04-06,290465.0
2017-04-07,295463.0
2017-04-08,226959.0
2017-04-09,238286.0
2017-04-10,273384.0
2017-04-11,307893.0
2017-04-12,278093.0
2017-04-13,228679.0
2017-04-14,290208.0
2017-04-15,270705.0
2017-04-16,211829.0
2017-04-17,245184.0
2017-04-18,303091.0
2017-04-19,310104.0
2017-04-20,267915.0
2017-04-21,330354.0
2017-04-22,268712.0
2017-04-23,245039.0
2017-04-24,222671.0
2017-04-25,325387.0
2017-04-26,334471.0
2017-04-27,297884.0
2017-04-28,305271.0
2017-04-29,341319.0
2017-04-30,281489.0
2017-05-01,294786.0
2017-05-02,333161.0
2017-05-03,295149.0
2017-05-04,354737.0
2017-05-05,267193.0
2017-05-06,363022.0
2017-05-07,316011.0
2017-05-08,365096.0
2017-05-09,332879.0
2017-05-10,311391.0
2017-05-11,294743.0
2017-05-12,317698.0
2017-05-13,329266.0
2017-05-14,369098.0
2017-05-15,329229.0
2017-05-16,233977.0
2017-05-17,317527.0
2017-05-18,288904.0
2017-05-19,319502.0
2017-05-20,352805.0
2017-05-21,326057.0
2017-05-22,327868.0
2017-05-23,367710.0
2017-05-24,338642.0
2017-05-25,350114.0
2017-05-26,333340.0
2017-05-27,331914.0
2017-05-28,308143.0
2017-05-29,321638.0
2017-05-30,347961.0
2017-05-31,321634.0
2017-06-01,319709.0
2017-06-02,271539.0
2017-06-03,305320.0
2017-06-04,266044.0
2017-06-05,289930.0
2017-06-06,297416.0
2017-06-07,339720.0
2017-06-08,307377.0
2017-06-09,282184.0
2017-06-10,254993.0
2017-06-11,222892.0
2017-06-12,269098.0
2017-06-13,291776.0
2017-06-14,287644.0
2017-06-15,293141.0
2017-06-16,269937.0
2017-06-17,236554.0
2017-06-18,209359.0
2017-06-19,269774.0
2017-06-20,269438.0
2017-06-21,280203.0
2017-06-22,269685.0
2017-06-23,259938.0
2017-06-24,227127.0
2017-06-25,180719.0
2017-06-26,261906.0
2017-06-27,259737.0
2017-06-28,279811.0
2017-06-29,231054.0
2017-06-30,267360.0
2017-07-01,221856.0
2017-07-02,196539.0
2017-07-03,253244.0
2017-07-04,255483.0
2017-07-05,237008.0
2017-07-06,225106.0
2017-07-07,243614.0
2017-07-08,220835.0
2017-07-09,188124.0
2017-07-10,251722.0
2017-07-11,265759.0
2017-07-12,257138.0
2017-07-13,245895.0
2017-07-14,227903.0
2017-07-15,221851.0
2017-07-16,203165.0
2017-07-17,230315.0
2017-07-18,260575.0
2017-07-19,253768.0
2017-07-20,230199.0
2017-07-21,268443.0
2017-07-22,223358.0
2017-07-23,181031.0
2017-07-24,240072.0
2017-07-25,244036.0
2017-07-26,237853.0
2017-07-27,225369.0
2017-07-28,247207.0
2017-07-29,211134.0
2017-07-30,184145.0
2017-07-31,231012.0
2017-08-01,131875.0
2017-08-02,209321.0
2017-08-03,213017.0
2017-08-04,235792.0
2017-08-05,239771.0
2017-08-06,199627.0
2017-08-07,249002.0
2017-08-08,275574.0
2017-08-09,260955.0
2017-08-10,257965.0
2017-08-11,284001.0
2017-08-12,260521.0
2017-08-13,263310.0
2017-08-14,255362.0
2017-08-15,311002.0
2017-08-16,274866.0
2017-08-17,347319.0
2017-08-18,312250.0
2017-08-19,266832.0
2017-08-20,210852.0
2017-08-21,236772.0
2017-08-22,196283.0
2017-08-23,315734.0
2017-08-24,203805.0
2017-08-25,208169.0
2017-08-26,226485.0
2017-08-27,261891.0
2017-08-28,223771.0
2017-08-29,281116.0
2017-08-30,271466.0
2017-08-31,280724.0
2017-09-01,283670.0
2017-09-02,236811.0
2017-09-03,195289.0
2017-09-04,269280.0
2017-09-05,277948.0
2017-09-06,276225.0
2017-09-07,256374.0
2017-09-08,279488.0
2017-09-09,217890.0
2017-09-10,193240.0
2017-09-11,253492.0
2017-09-12,256230.0
2017-09-13,263320.0
2017-09-14,268068.0
2017-09-15,292079.0
2017-09-16,228257.0
2017-09-17,197683.0
2017-09-18,218204.0
2017-09-19,282917.0
2017-09-20,235723.0
2017-09-21,255257.0
2017-09-22,227615.0
2017-09-23,203861.0
2017-09-24,185277.0
2017-09-25,226603.0
2017-09-26,263648.0
2017-09-27,257961.0
2017-09-28,275976.0
2017-09-29,254438.0
2017-09-30,212678.0
2017-10-01,203653.0
2017-10-02,295002.0
2017-10-03,282132.0
2017-10-04,232826.0
2017-10-05,273243.0
2017-10-06,283699.0
2017-10-07,231226.0
2017-10-08,238385.0
2017-10-09,296946.0
2017-10-10,303101.0
2017-10-11,292459.0
2017-10-12,293164.0
2017-10-13,309819.0
2017-10-14,293140.0
2017-10-15,283473.0
2017-10-16,314725.0
2017-10-17,334438.0
2017-10-18,329579.0
2017-10-19,356985.0
2017-10-20,312409.0
2017-10-21,312257.0
2017-10-22,289131.0
2017-10-23,316096.0
2017-10-24,347220.0
2017-10-25,315415.0
2017-10-26,265827.0
2017-10-27,246692.0
2017-10-28,207066.0
2017-10-29,334025.0
2017-10-30,316077.0
2017-10-31,277535.0
2017-11-01,351529.0
2017-11-02,341474.0
2017-11-03,277598.0
2017-11-04,294121.0
2017-11-05,251728.0
2017-11-06,271029.0
2017-11-07,335636.0
2017-11-08,301346.0
2017-11-09,341281.0
2017-11-10,271745.0
2017-11-11,197081.0
2017-11-12,183519.0
2017-11-13,309299.0
2017-11-14,271995.0
2017-11-15,321788.0
2017-11-16,310396.0
2017-11-17,306617.0
2017-11-18,270874.0
2017-11-19,264855.0
2017-11-20,336204.0
2017-11-21,371091.0
2017-11-22,312033.0
2017-11-23,352207.0
2017-11-24,305735.0
2017-11-25,336689.0
2017-11-26,329677.0
2017-11-27,379256.0
2017-11-28,365977.0
2017-11-29,398090.0
2017-11-30,384386.0
2017-12-01,412908.0
2017-12-02,326354.0
2017-12-03,353044.0
2017-12-04,400686.0
2017-12-05,405709.0
2017-12-06,443587.0
2017-12-07,374917.0
2017-12-08,385092.0
2017-12-09,403399.0
2017-12-10,341420.0
2017-12-11,368598.0
2017-12-12,372977.0
2017-12-13,424579.0
2017-12-14,490644.0
2017-12-15,405676.0
2017-12-16,364222.0
2017-12-17,391910.0
2017-12-18,394239.0
2017-12-19,378622.0
2017-12-20,370277.0
2017-12-21,335482.0
2017-12-22,380648.0
2017-12-23,308211.0
2017-12-24,279523.0
2017-12-25,228926.0
2017-12-26,247440.0
2017-12-27,307642.0
2017-12-28,305053.0
2017-12-29,353824.0
2017-12-30,344407.0
2017-12-31,290422.0
2018-01-01,241757.0
2018-01-02,340980.0
2018-01-03,395963.0
2018-01-04,425008.0
2018-01-05,342707.0
2018-01-06,358847.0
2018-01-07,368187.0
2018-01-08,345672.0
2018-01-09,360265.0
2018-01-10,347393.0
2018-01-11,337959.0
2018-01-12,300091.0
2018-01-13,265735.0
2018-01-14,235045.0
2018-01-15,273623.0
2018-01-16,303725.0
2018-01-17,315771.0
2018-01-18,309495.0
2018-01-19,243619.0
2018-01-20,240611.0
2018-01-21,215622.0
2018-01-22,245562.0
2018-01-23,271936.0
2018-01-24,250423.0
2018-01-25,236580.0
2018-01-26,220459.0
2018-01-27,193578.0
2018-01-28,213446.0
2018-01-29,232176.0
2018-01-30,236609.0
2018-01-31,204276.0
2018-02-01,257664.0
2018-02-02,235918.0
2018-02-03,194891.0
2018-02-04,173687.0
2018-02-05,216363.0
2018-02-06,244120.0
2018-02-07,213719.0
2018-02-08,173289.0
2018-02-09,177860.0
2018-02-10,181783.0
2018-02-11,147208.0
2018-02-12,186918.0
2018-02-13,182984.0
2018-02-14,196417.0
2018-02-15,198183.0
2018-02-16,187738.0
2018-02-17,173789.0
2018-02-18,159495.0
2018-02-19,187367.0
2018-02-20,198455.0
2018-02-21,205201.0
2018-02-22,183235.0
2018-02-23,185193.0
2018-02-24,154534.0
2018-02-25,144869.0
2018-02-26,186474.0
2018-02-27,219624.0
2018-02-28,189223.0
2018-03-01,233744.0
2018-03-02,195073.0
2018-03-03,177024.0
2018-03-04,160231.0
2018-03-05,201438.0
2018-03-06,206016.0
2018-03-07,213978.0
2018-03-08,196422.0
2018-03-09,198180.0
2018-03-10,156228.0
2018-03-11,150884.0
2018-03-12,188394.0
2018-03-13,196140.0
2018-03-14,191042.0
2018-03-15,206186.0
2018-03-16,186979.0
2018-03-17,154496.0
2018-03-18,164401.0
2018-03-19,191528.0
2018-03-20,195168.0
2018-03-21,194846.0
2018-03-22,185187.0
2018-03-23,179818.0
2018-03-24,157087.0
2018-03-25,135274.0
2018-03-26,187850.0
2018-03-27,187065.0
2018-03-28,177521.0
2018-03-29,192411.0
2018-03-30,185940.0
2018-03-31,148617.0
2018-04-01,135129.0
2018-04-02,168178.0
2018-04-03,198919.0
2018-04-04,185710.0
2018-04-05,181832.0
2018-04-06,172889.0
2018-04-07,154639.0
2018-04-08,138535.0
2018-04-09,176563.0
2018-04-10,186415.0
2018-04-11,183248.0
2018-04-12,210879.0
2018-04-13,217282.0
2018-04-14,161843.0
2018-04-15,174031.0
2018-04-16,196106.0
2018-04-17,201820.0
2018-04-18,200740.0
2018-04-19,213523.0
2018-04-20,207777.0
2018-04-21,193975.0
2018-04-22,171870.0
2018-04-23,226353.0
2018-04-24,254493.0
2018-04-25,213155.0
2018-04-26,216732.0
2018-04-27,211119.0
2018-04-28,203681.0
2018-04-29,180798.0
2018-04-30,215107.0
2018-05-01,199959.0
2018-05-02,212296.0
2018-05-03,228521.0
2018-05-04,219069.0
2018-05-05,202703.0
2018-05-06,171761.0
2018-05-07,205063.0
2018-05-08,217810.0
2018-05-09,206579.0
2018-05-10,208961.0
2018-05-11,213624.0
2018-05-12,182054.0
2018-05-13,158794.0
2018-05-14,209697.0
2018-05-15,214779.0
2018-05-16,208463.0
2018-05-17,192683.0
2018-05-18,211496.0
2018-05-19,173274.0
2018-05-20,158663.0
2018-05-21,202647.0
2018-05-22,203337.0
2018-05-23,223196.0
2018-05-24,206825.0
2018-05-25,196181.0
2018-05-26,158783.0
2018-05-27,144304.0
2018-05-28,189063.0
2018-05-29,204769.0
2018-05-30,204077.0
2018-05-31,209526.0
2018-06-01,205481.0
2018-06-02,174497.0
2018-06-03,163443.0
2018-06-04,209916.0
2018-06-05,212901.0
2018-06-06,206417.0
2018-06-07,207627.0
2018-06-08,200379.0
2018-06-09,171306.0
2018-06-10,179809.0
2018-06-11,213196.0
2018-06-12,214595.0
2018-06-13,211829.0
2018-06-14,210029.0
2018-06-15,205861.0
2018-06-16,159090.0
2018-06-17,144908.0
2018-06-18,196305.0
2018-06-19,191805.0
2018-06-20,198889.0
2018-06-21,198113.0
2018-06-22,204144.0
2018-06-23,163295.0
2018-06-24,158022.0
2018-06-25,200173.0
2018-06-26,195404.0
2018-06-27,188510.0
2018-06-28,187624.0
2018-06-29,197881.0
2018-06-30,181065.0
2018-07-01,156247.0
2018-07-02,199294.0
2018-07-03,216747.0
2018-07-04,206788.0
2018-07-05,199600.0
2018-07-06,200993.0
2018-07-07,170160.0
2018-07-08,155685.0
2018-07-09,206546.0
2018-07-10,216063.0
2018-07-11,202603.0
2018-07-12,203535.0
2018-07-13,207904.0
2018-07-14,176475.0
2018-07-15,161151.0
2018-07-16,207842.0
2018-07-17,233966.0
2018-07-18,238769.0
2018-07-19,225039.0
2018-07-20,225529.0
2018-07-21,184803.0
2018-07-22,167129.0
2018-07-23,229480.0
2018-07-24,259358.0
2018-07-25,250208.0
2018-07-26,231679.0
2018-07-27,229397.0
2018-07-28,188238.0
2018-07-29,168407.0
2018-07-30,230924.0
2018-07-31,242977.0
2018-08-01,241044.0
2018-08-02,224873.0
2018-08-03,229859.0
2018-08-04,191657.0
2018-08-05,172181.0
2018-08-06,218607.0
2018-08-07,233045.0
2018-08-08,235311.0
2018-08-09,222326.0
2018-08-10,226148.0
2018-08-11,192438.0
2018-08-12,165044.0
2018-08-13,222229.0
2018-08-14,247622.0
2018-08-15,246066.0
2018-08-16,232335.0
2018-08-17,233794.0
2018-08-18,190935.0
2018-08-19,167400.0
2018-08-20,214983.0
2018-08-21,217777.0
2018-08-22,230333.0
2018-08-23,217352.0
2018-08-24,219848.0
2018-08-25,196420.0
2018-08-26,172747.0
2018-08-27,223656.0
2018-08-28,238039.0
2018-08-29,237508.0
2018-08-30,231391.0
2018-08-31,237076.0
2018-09-01,213331.0
2018-09-02,187145.0
2018-09-03,222897.0
2018-09-04,232265.0
2018-09-05,246477.0
2018-09-06,252261.0
2018-09-07,230790.0
2018-09-08,204428.0
2018-09-09,188912.0
2018-09-10,222866.0
2018-09-11,237571.0
2018-09-12,233275.0
2018-09-13,234209.0
2018-09-14,223250.0
2018-09-15,211071.0
2018-09-16,179483.0
2018-09-17,240152.0
2018-09-18,244259.0
2018-09-19,251037.0
2018-09-20,253674.0
2018-09-21,273051.0
2018-09-22,225537.0
2018-09-23,200319.0
2018-09-24,237670.0
2018-09-25,252113.0
2018-09-26,243927.0
2018-09-27,248686.0
2018-09-28,254239.0
2018-09-29,218339.0
2018-09-30,208210.0
2018-10-01,242820.0
2018-10-02,244772.0
2018-10-03,242303.0
2018-10-04,243157.0
2018-10-05,244719.0
2018-10-06,214843.0
2018-10-07,219731.0
2018-10-08,248041.0
2018-10-09,235862.0
2018-10-10,244945.0
2018-10-11,262467.0
2018-10-12,243174.0
2018-10-13,205097.0
2018-10-14,191259.0
2018-10-15,266945.0
2018-10-16,257967.0
2018-10-17,260362.0
2018-10-18,253450.0
2018-10-19,253826.0
2018-10-20,227821.0
2018-10-21,211505.0
2018-10-22,255324.0
2018-10-23,253463.0
2018-10-24,254091.0
2018-10-25,254599.0
2018-10-26,253002.0
2018-10-27,233749.0
2018-10-28,219860.0
2018-10-29,269754.0
2018-10-30,283327.0
2018-10-31,288283.0
2018-11-01,281941.0
2018-11-02,292704.0
2018-11-03,249564.0
2018-11-04,229291.0
2018-11-05,293239.0
2018-11-06,285451.0
2018-11-07,293734.0
2018-11-08,277597.0
2018-11-09,283896.0
2018-11-10,252499.0
2018-11-11,246991.0
2018-11-12,300006.0
2018-11-13,279160.0
2018-11-14,292755.0
2018-11-15,291525.0
2018-11-16,283124.0
2018-11-17,262649.0
2018-11-18,239803.0
2018-11-19,267971.0
2018-11-20,288450.0
2018-11-21,254942.0
2018-11-22,266116.0
2018-11-23,275261.0
2018-11-24,250017.0
2018-11-25,239256.0
2018-11-26,257062.0
2018-11-27,268533.0
2018-11-28,254456.0
2018-11-29,246226.0
2018-11-30,250157.0
2018-12-01,241847.0
2018-12-02,222673.0
2018-12-03,240652.0
2018-12-04,270189.0
2018-12-05,256501.0
2018-12-06,279654.0
2018-12-07,253890.0
2018-12-08,231104.0
2018-12-09,238569.0
2018-12-10,258353.0
2018-12-11,251487.0
2018-12-12,261423.0
2018-12-13,268422.0
2018-12-14,275801.0
2018-12-15,262879.0
2018-12-16,226453.0
2018-12-17,298823.0
2018-12-18,266245.0
2018-12-19,302392.0
2018-12-20,287273.0
2018-12-21,280588.0
2018-12-22,251216.0
2018-12-23,250739.0
2018-12-24,272297.0
2018-12-25,265052.0
2018-12-26,281305.0
2018-12-27,300020.0
2018-12-28,308267.0
2018-12-29,264980.0
2018-12-30,267639.0
2018-12-31,259684.0
2019-01-01,234725.0
2019-01-02,271696.0
2019-01-03,291016.0
2019-01-04,281772.0
2019-01-05,265192.0
2019-01-06,258522.0
2019-01-07,284782.0
2019-01-08,318524.0
2019-01-09,319056.0
2019-01-10,327338.0
2019-01-11,308372.0
2019-01-12,281502.0
2019-01-13,276997.0
2019-01-14,326685.0
2019-01-15,302279.0
2019-01-16,305702.0
2019-01-17,296695.0
2019-01-18,305965.0
2019-01-19,282188.0
2019-01-20,294118.0
2019-01-21,315202.0
2019-01-22,296040.0
2019-01-23,293494.0
2019-01-24,308146.0
2019-01-25,301085.0
2019-01-26,288285.0
2019-01-27,276651.0
2019-01-28,308062.0
2019-01-29,326162.0
2019-01-30,321980.0
2019-01-31,353945.0
2019-02-01,339341.0
2019-02-02,322032.0
2019-02-03,300171.0
2019-02-04,335288.0
2019-02-05,354069.0
2019-02-06,349596.0
2019-02-07,353046.0
2019-02-08,335280.0
2019-02-09,310892.0
2019-02-10,299609.0
2019-02-11,315725.0
2019-02-12,271573.0
2019-02-13,352651.0
2019-02-14,354483.0
2019-02-15,296729.0
2019-02-16,332137.0
2019-02-17,327463.0
2019-02-18,344274.0
2019-02-19,348242.0
2019-02-20,314320.0
2019-02-21,297595.0
2019-02-22,350306.0
2019-02-23,328239.0
2019-02-24,320446.0
2019-02-25,336634.0
2019-02-26,366568.0
2019-02-27,344560.0
2019-02-28,367827.0
2019-03-01,354422.0
2019-03-02,335864.0
2019-03-03,353683.0
2019-03-04,304188.0
2019-03-05,285716.0
2019-03-06,277863.0
2019-03-07,282523.0
2019-03-08,285264.0
2019-03-09,239492.0
2019-03-10,212877.0
2019-03-11,294741.0
2019-03-12,285653.0
2019-03-13,285957.0
2019-03-14,299929.0
2019-03-15,296970.0
2019-03-16,262267.0
2019-03-17,227290.0
2019-03-18,291505.0
2019-03-19,304744.0
2019-03-20,304960.0
2019-03-21,300712.0
2019-03-22,298524.0
2019-03-23,251573.0
2019-03-24,226166.0
2019-03-25,322191.0
2019-03-26,366415.0
2019-03-27,383186.0
2019-03-28,393698.0
2019-03-29,369817.0
2019-03-30,377783.0
2019-03-31,381652.0
2019-04-01,368904.0
2019-04-02,401507.0
2019-04-03,360250.0
2019-04-04,354660.0
2019-04-05,387090.0
2019-04-06,359569.0
2019-04-07,350631.0
2019-04-08,372417.0
2019-04-09,346071.0
2019-04-10,396501.0
2019-04-11,402802.0
2019-04-12,376767.0
2019-04-13,367076.0
2019-04-14,337030.0
2019-04-15,381473.0
2019-04-16,358517.0
2019-04-17,350737.0
2019-04-18,382981.0
2019-04-19,362128.0
2019-04-20,319840.0
2019-04-21,390735.0
2019-04-22,342014.0
2019-04-23,311753.0
2019-04-24,404279.0
2019-04-25,384089.0
2019-04-26,381209.0
2019-04-27,359008.0
2019-04-28,383291.0
2019-04-29,363207.0
2019-04-30,346486.0
2019-05-01,439549.0
2019-05-02,452646.0
2019-05-03,383032.0
2019-05-04,355910.0
2019-05-05,330732.0
2019-05-06,378476.0
2019-05-07,329943.0
2019-05-08,393081.0
2019-05-09,361569.0
2019-05-10,322963.0
2019-05-11,344957.0
2019-05-12,338571.0
2019-05-13,390428.0
2019-05-14,367370.0
2019-05-15,368901.0
2019-05-16,375062.0
2019-05-17,361654.0
2019-05-18,359704.0
2019-05-19,346859.0
2019-05-20,381582.0
2019-05-21,380889.0
2019-05-22,394887.0
2019-05-23,389343.0
2019-05-24,373882.0
2019-05-25,338398.0
2019-05-26,374072.0
2019-05-27,399584.0
2019-05-28,390427.0
2019-05-29,405155.0
2019-05-30,376874.0
2019-05-31,298997.0
2019-06-01,332092.0
2019-06-02,301003.0
2019-06-03,294009.0
2019-06-04,374763.0
2019-06-05,372948.0
2019-06-06,364526.0
2019-06-07,350011.0
2019-06-08,294369.0
2019-06-09,300917.0
2019-06-10,353629.0
2019-06-11,340449.0
2019-06-12,328464.0
2019-06-13,364373.0
2019-06-14,364383.0
2019-06-15,330954.0
2019-06-16,295254.0
2019-06-17,321072.0
2019-06-18,394843.0
2019-06-19,401032.0
2019-06-20,330103.0
2019-06-21,337741.0
2019-06-22,354075.0
2019-06-23,380088.0
2019-06-24,388342.0
2019-06-25,361385.0
2019-06-26,399624.0
2019-06-27,361050.0
2019-06-28,407094.0
2019-06-29,356682.0
2019-06-30,330731.0
2019-07-01,336862.0
2019-07-02,373409.0
2019-07-03,397554.0
2019-07-04,370704.0
2019-07-05,378453.0
2019-07-06,348674.0
2019-07-07,313273.0
2019-07-08,378966.0
2019-07-09,365588.0
2019-07-10,315664.0
2019-07-11,325776.0
2019-07-12,360899.0
2019-07-13,304545.0
2019-07-14,303287.0
2019-07-15,349111.0
2019-07-16,363337.0
2019-07-17,324892.0
2019-07-18,315745.0
2019-07-19,299891.0
2019-07-20,323002.0
2019-07-21,283934.0
2019-07-22,319399.0
2019-07-23,320352.0
2019-07-24,295589.0
2019-07-25,336536.0
2019-07-26,319612.0
2019-07-27,283892.0
2019-07-28,272974.0
2019-07-29,333619.0
2019-07-30,328375.0
2019-07-31,361337.0
2019-08-01,335943.0
2019-08-02,349556.0
2019-08-03,327588.0
2019-08-04,298805.0
2019-08-05,339136.0
2019-08-06,368348.0
2019-08-07,370909.0
2019-08-08,336181.0
2019-08-09,341125.0
2019-08-10,304138.0
2019-08-11,273280.0
2019-08-12,297446.0
2019-08-13,370747.0
2019-08-14,359997.0
2019-08-15,355644.0
2019-08-16,323625.0
2019-08-17,288256.0
2019-08-18,276365.0
2019-08-19,330473.0
2019-08-20,333304.0
2019-08-21,308808.0
2019-08-22,322453.0
2019-08-23,340220.0
2019-08-24,304481.0
2019-08-25,288934.0
2019-08-26,318219.0
2019-08-27,325984.0
2019-08-28,341200.0
2019-08-29,346734.0
2019-08-30,349200.0
2019-08-31,342195.0
2019-09-01,285468.0
2019-09-02,327248.0
2019-09-03,370631.0
2019-09-04,324741.0
2019-09-05,352410.0
2019-09-06,365531.0
2019-09-07,314429.0
2019-09-08,288507.0
2019-09-09,316852.0
2019-09-10,339858.0
2019-09-11,338276.0
2019-09-12,335868.0
2019-09-13,308856.0
2019-09-14,299894.0
2019-09-15,274146.0
2019-09-16,347341.0
2019-09-17,343778.0
2019-09-18,363185.0
2019-09-19,346110.0
2019-09-20,340929.0
2019-09-21,336013.0
2019-09-22,318713.0
2019-09-23,288149.0
2019-09-24,353263.0
2019-09-25,347747.0
2019-09-26,355775.0
2019-09-27,303903.0
2019-09-28,314433.0
2019-09-29,285542.0
2019-09-30,311396.0
2019-10-01,337244.0
2019-10-02,326557.0
2019-10-03,326514.0
2019-10-04,337222.0
2019-10-05,326683.0
2019-10-06,277613.0
2019-10-07,328803.0
2019-10-08,336354.0
2019-10-09,311049.0
2019-10-10,345048.0
2019-10-11,345425.0
2019-10-12,301693.0
2019-10-13,279487.0
2019-10-14,304466.0
2019-10-15,339698.0
2019-10-16,338473.0
2019-10-17,334105.0
2019-10-18,339390.0
2019-10-19,304736.0
2019-10-20,289796.0
2019-10-21,351791.0
2019-10-22,341464.0
2019-10-23,349320.0
2019-10-24,303843.0
2019-10-25,328598.0
2019-10-26,305722.0
2019-10-27,256253.0
2019-10-28,309611.0
2019-10-29,307953.0
2019-10-30,314163.0
2019-10-31,293779.0
2019-11-01,316187.0
2019-11-02,284443.0
2019-11-03,294367.0
2019-11-04,310979.0
2019-11-05,332839.0
2019-11-06,314698.0
2019-11-07,324487.0
2019-11-08,311441.0
2019-11-09,306163.0
2019-11-10,299712.0
2019-11-11,326707.0
2019-11-12,301382.0
2019-11-13,318945.0
2019-11-14,350023.0
2019-11-15,325145.0
2019-11-16,283468.0
2019-11-17,264370.0
2019-11-18,304671.0
2019-11-19,327630.0
2019-11-20,321086.0
2019-11-21,323954.0
2019-11-22,310539.0
2019-11-23,306424.0
2019-11-24,267368.0
2019-11-25,279470.0
2019-11-26,321310.0
2019-11-27,317597.0
2019-11-28,309623.0
2019-11-29,311290.0
2019-11-30,277458.0
2019-12-01,274621.0
2019-12-02,314730.0
2019-12-03,336512.0
2019-12-04,337284.0
2019-12-05,311468.0
2019-12-06,315386.0
2019-12-07,285284.0
2019-12-08,278853.0
2019-12-09,313629.0
2019-12-10,320064.0
2019-12-11,291248.0
2019-12-12,311795.0
2019-12-13,322888.0
2019-12-14,293496.0
2019-12-15,263441.0
2019-12-16,327085.0
2019-12-17,319254.0
2019-12-18,314249.0
2019-12-19,319555.0
2019-12-20,332657.0
2019-12-21,311118.0
2019-12-22,281070.0
2019-12-23,304845.0
2019-12-24,290436.0
2019-12-25,244666.0
2019-12-26,296063.0
2019-12-27,322204.0
2019-12-28,298287.0
2019-12-29,279925.0
2019-12-30,324497.0
2019-12-31,293447.0
2020-01-01,251735.0
2020-01-02,295567.0
2020-01-03,316517.0
2020-01-04,287215.0
2020-01-05,287779.0
2020-01-06,299146.0
2020-01-07,344079.0
2020-01-08,318019.0
2020-01-09,322057.0
2020-01-10,330734.0
2020-01-11,309070.0
2020-01-12,283136.0
2020-01-13,291597.0
2020-01-14,346953.0
2020-01-15,332658.0
2020-01-16,325947.0
2020-01-17,323992.0
2020-01-18,287237.0
2020-01-19,283960.0
2020-01-20,313661.0
2020-01-21,315210.0
2020-01-22,328586.0
2020-01-23,329918.0
2020-01-24,313887.0
2020-01-25,285584.0
2020-01-26,261247.0
2020-01-27,279240.0
2020-01-28,340052.0
2020-01-29,340562.0
2020-01-30,332558.0
2020-01-31,334434.0
2020-02-01,303724.0
2020-02-02,290879.0
2020-02-03,331012.0
2020-02-04,309190.0
2020-02-05,368604.0
2020-02-06,315370.0
2020-02-07,334938.0
2020-02-08,318363.0
2020-02-09,317070.0
2020-02-10,298104.0
2020-02-11,365583.0
2020-02-12,344615.0
2020-02-13,340081.0
2020-02-14,326078.0
2020-02-15,322721.0
2020-02-16,292236.0
2020-02-17,341491.0
2020-02-18,331050.0
2020-02-19,334805.0
2020-02-20,316626.0
2020-02-21,338484.0
2020-02-22,304597.0
2020-02-23,285579.0
2020-02-24,328890.0
2020-02-25,334593.0
2020-02-26,329967.0
2020-02-27,338781.0
2020-02-28,368590.0
2020-02-29,307527.0
2020-03-01,309849.0
2020-03-02,342821.0
2020-03-03,342324.0
2020-03-04,358745.0
2020-03-05,349529.0
2020-03-06,338383.0
2020-03-07,313312.0
2020-03-08,302694.0
2020-03-09,348211.0
2020-03-10,329698.0
2020-03-11,287492.0
2020-03-12,349978.0
2020-03-13,276798.0
2020-03-14,279828.0
2020-03-15,223230.0
2020-03-16,270399.0
2020-03-17,278326.0
2020-03-18,231254.0
2020-03-19,265689.0
2020-03-20,284594.0
2020-03-21,245896.0
2020-03-22,209154.0
2020-03-23,259816.0
2020-03-24,278131.0
2020-03-25,218176.0
2020-03-26,292828.0
2020-03-27,276546.0
2020-03-28,240627.0
2020-03-29,232820.0
2020-03-30,276828.0
2020-03-31,290227.0
2020-04-01,281855.0
2020-04-02,299176.0
2020-04-03,278763.0
2020-04-04,253274.0
2020-04-05,240259.0
2020-04-06,280470.0
2020-04-07,312770.0
2020-04-08,286563.0
2020-04-09,286706.0
2020-04-10,288585.0
2020-04-11,247852.0
2020-04-12,228529.0
2020-04-13,288113.0
2020-04-14,299391.0
2020-04-15,310253.0
2020-04-16,322903.0
2020-04-17,284222.0
2020-04-18,289134.0
2020-04-19,251984.0
2020-04-20,310810.0
2020-04-21,310851.0
2020-04-22,278755.0
2020-04-23,329045.0
2020-04-24,320055.0
2020-04-25,280805.0
2020-04-26,252833.0
2020-04-27,311217.0
2020-04-28,323475.0
2020-04-29,331401.0
2020-04-30,321972.0
2020-05-01,340574.0
2020-05-02,286773.0
2020-05-03,281752.0
2020-05-04,326098.0
2020-05-05,329075.0
2020-05-06,333395.0
2020-05-07,341986.0
2020-05-08,323625.0
2020-05-09,312399.0
2020-05-10,286789.0
2020-05-11,305839.0
2020-05-12,345215.0
2020-05-13,296796.0
2020-05-14,268750.0
2020-05-15,310642.0
2020-05-16,296555.0
2020-05-17,236808.0
2020-05-18,273723.0
2020-05-19,274897.0
2020-05-20,280037.0
2020-05-21,298483.0
2020-05-22,278784.0
2020-05-23,269230.0
2020-05-24,214530.0
2020-05-25,265875.0
2020-05-26,295782.0
2020-05-27,292927.0
2020-05-28,299910.0
2020-05-29,280960.0
2020-05-30,286046.0
2020-05-31,258427.0
2020-06-01,308312.0
2020-06-02,304114.0
2020-06-03,314000.0
2020-06-04,318285.0
2020-06-05,327082.0
2020-06-06,284873.0
2020-06-07,252368.0
2020-06-08,317275.0
2020-06-09,327074.0
2020-06-10,325163.0
2020-06-11,332490.0
2020-06-12,318274.0
2020-06-13,280181.0
2020-06-14,275723.0
2020-06-15,294468.0
2020-06-16,340517.0
2020-06-17,333547.0
2020-06-18,283897.0
2020-06-19,344142.0
2020-06-20,284123.0
2020-06-21,259440.0
2020-06-22,301396.0
2020-06-23,355256.0
2020-06-24,312321.0
2020-06-25,312183.0
2020-06-26,330381.0
2020-06-27,275489.0
2020-06-28,264909.0
2020-06-29,315424.0
2020-06-30,299733.0
2020-07-01,382570.0
2020-07-02,339469.0
2020-07-03,331009.0
2020-07-04,288647.0
2020-07-05,274104.0
2020-07-06,338767.0
2020-07-07,345975.0
2020-07-08,347455.0
2020-07-09,362718.0
2020-07-10,345996.0
2020-07-11,306771.0
2020-07-12,282364.0
2020-07-13,310227.0
2020-07-14,359847.0
2020-07-15,316064.0
2020-07-16,345849.0
2020-07-17,293907.0
2020-07-18,311022.0
2020-07-19,277093.0
2020-07-20,309747.0
2020-07-21,312871.0
2020-07-22,364792.0
2020-07-23,336245.0
2020-07-24,369432.0
2020-07-25,293883.0
2020-07-26,298580.0
2020-07-27,326769.0
2020-07-28,354742.0
2020-07-29,346521.0
2020-07-30,327789.0
2020-07-31,356906.0
2020-08-01,296705.0
2020-08-02,287869.0
2020-08-03,333753.0
2020-08-04,329032.0
2020-08-05,291814.0
2020-08-06,356612.0
2020-08-07,326499.0
2020-08-08,283631.0
2020-08-09,268402.0
2020-08-10,308367.0
2020-08-11,349952.0
2020-08-12,346405.0
2020-08-13,325346.0
2020-08-14,365679.0
2020-08-15,313760.0
2020-08-16,285069.0
2020-08-17,292944.0
2020-08-18,346036.0
2020-08-19,333879.0
2020-08-20,333683.0
2020-08-21,314297.0
2020-08-22,311699.0
2020-08-23,288728.0
2020-08-24,329133.0
2020-08-25,304409.0
2020-08-26,324184.0
2020-08-27,328157.0
2020-08-28,352722.0
2020-08-29,292783.0
2020-08-30,269114.0
2020-08-31,302920.0
2020-09-01,376508.0
2020-09-02,317449.0
2020-09-03,310922.0
2020-09-04,298286.0
2020-09-05,325523.0
2020-09-06,262820.0
2020-09-07,327662.0
2020-09-08,332668.0
2020-09-09,314864.0
2020-09-10,345981.0
2020-09-11,308323.0
2020-09-12,300152.0
2020-09-13,255110.0
2020-09-14,354020.0
2020-09-15,332957.0
2020-09-16,342609.0
2020-09-17,348581.0
2020-09-18,325157.0
2020-09-19,296357.0
2020-09-20,259095.0
2020-09-21,297605.0
2020-09-22,312989.0
2020-09-23,349938.0
2020-09-24,316552.0
2020-09-25,353070.0
2020-09-26,276162.0
2020-09-27,259382.0
2020-09-28,295476.0
2020-09-29,347696.0
2020-09-30,351417.0
2020-10-01,304757.0
2020-10-02,315443.0
2020-10-03,310855.0
2020-10-04,268019.0
2020-10-05,294986.0
2020-10-06,317922.0
2020-10-07,370554.0
2020-10-08,330227.0
2020-10-09,339343.0
2020-10-10,298486.0
2020-10-11,256096.0
2020-10-12,314174.0
2020-10-13,333215.0
2020-10-14,314541.0
2020-10-15,340993.0
2020-10-16,324647.0
2020-10-17,275069.0
2020-10-18,231557.0
2020-10-19,303929.0
2020-10-20,330563.0
2020-10-21,311292.0
2020-10-22,339087.0
2020-10-23,323869.0
2020-10-24,306774.0
2020-10-25,242273.0
2020-10-26,252494.0
2020-10-27,251938.0
2020-10-28,261340.0
2020-10-29,276070.0
2020-10-30,268364.0
2020-10-31,275796.0
2020-11-01,276280.0
2020-11-02,224609.0
2020-11-03,331673.0
2020-11-04,320697.0
2020-11-05,318668.0
2020-11-06,340351.0
2020-11-07,270901.0
2020-11-08,243047.0
2020-11-09,326383.0
2020-11-10,303270.0
2020-11-11,322277.0
2020-11-12,324855.0
2020-11-13,300040.0
2020-11-14,273511.0
2020-11-15,252715.0
2020-11-16,311477.0
2020-11-17,347772.0
2020-11-18,362007.0
2020-11-19,311061.0
2020-11-20,348026.0
2020-11-21,311189.0
2020-11-22,271125.0
2020-11-23,297840.0
2020-11-24,333293.0
2020-11-25,361990.0
2020-11-26,323975.0
2020-11-27,322445.0
2020-11-28,293949.0
2020-11-29,263573.0
2020-11-30,256551.0
2020-12-01,378068.0
2020-12-02,327019.0
2020-12-03,346921.0
2020-12-04,318894.0
2020-12-05,282599.0
2020-12-06,258624.0
2020-12-07,300906.0
2020-12-08,330970.0
2020-12-09,321079.0
2020-12-10,313649.0
2020-12-11,304735.0
2020-12-12,295410.0
2020-12-13,276160.0
2020-12-14,314350.0
2020-12-15,320440.0
2020-12-16,315217.0
2020-12-17,309481.0
2020-12-18,375549.0
2020-12-19,343536.0
2020-12-20,282043.0
2020-12-21,269834.0
2020-12-22,324163.0
2020-12-23,338463.0
2020-12-24,269559.0
2020-12-25,303901.0
2020-12-26,273954.0
2020-12-27,309005.0
2020-12-28,308983.0
2020-12-29,336311.0
2020-12-30,338258.0
2020-12-31,344918.0
2021-01-01,258080.0
2021-01-02,297111.0
2021-01-03,359116.0
2021-01-04,373734.0
2021-01-05,354091.0
2021-01-06,397384.0
2021-01-07,401744.0
2021-01-08,358526.0
2021-01-09,321389.0
2021-01-10,331865.0
2021-01-11,333958.0
2021-01-12,336627.0
2021-01-13,319167.0
2021-01-14,338809.0
2021-01-15,344002.0
2021-01-16,308461.0
2021-01-17,271874.0
2021-01-18,313816.0
2021-01-19,325083.0
2021-01-20,314809.0
2021-01-21,290754.0
2021-01-22,326935.0
2021-01-23,305209.0
2021-01-24,253971.0
2021-01-25,309102.0
2021-01-26,336935.0
2021-01-27,323553.0
2021-01-28,325146.0
2021-01-29,341036.0
2021-01-30,312313.0
2021-01-31,290753.0
2021-02-01,280863.0
2021-02-02,364551.0
2021-02-03,344425.0
2021-02-04,367788.0
2021-02-05,360541.0
2021-02-06,333886.0
2021-02-07,286364.0
2021-02-08,335223.0
2021-02-09,360137.0
2021-02-10,340758.0
2021-02-11,304739.0
2021-02-12,343306.0
2021-02-13,336624.0
2021-02-14,298254.0
2021-02-15,308496.0
2021-02-16,296388.0
2021-02-17,317666.0
2021-02-18,316952.0
2021-02-19,341586.0
2021-02-20,320475.0
2021-02-21,271645.0
2021-02-22,285383.0
2021-02-23,287884.0
2021-02-24,358092.0
2021-02-25,326116.0
2021-02-26,306416.0
2021-02-27,320784.0
2021-02-28,254316.0
2021-03-01,280485.0
2021-03-02,338150.0
2021-03-03,333402.0
2021-03-04,289631.0
2021-03-05,317780.0
2021-03-06,287963.0
2021-03-07,260739.0
2021-03-08,291955.0
2021-03-09,299682.0
2021-03-10,344688.0
2021-03-11,291245.0
2021-03-12,320744.0
2021-03-13,277072.0
2021-03-14,308050.0
2021-03-15,292231.0
2021-03-16,319493.0
2021-03-17,296119.0
2021-03-18,331718.0
2021-03-19,316180.0
2021-03-20,286948.0
2021-03-21,234936.0
2021-03-22,297410.0
2021-03-23,314234.0
2021-03-24,305093.0
2021-03-25,318562.0
2021-03-26,293610.0
2021-03-27,288259.0
2021-03-28,248605.0
2021-03-29,303305.0
2021-03-30,321090.0
2021-03-31,332749.0
2021-04-01,311939.0
2021-04-02,305788.0
2021-04-03,281717.0
2021-04-04,246007.0
2021-04-05,289046.0
2021-04-06,309565.0
2021-04-07,321319.0
2021-04-08,278534.0
2021-04-09,324720.0
2021-04-10,299086.0
2021-04-11,253449.0
2021-04-12,291369.0
2021-04-13,310213.0
2021-04-14,297494.0
2021-04-15,359440.0
2021-04-16,219704.0
2021-04-17,194580.0
2021-04-18,274735.0
2021-04-19,208413.0
2021-04-20,279977.0
2021-04-21,226021.0
2021-04-22,274610.0
2021-04-23,295731.0
2021-04-24,290690.0
2021-04-25,241041.0
2021-04-26,240687.0
2021-04-27,298109.0
2021-04-28,277126.0
2021-04-29,259465.0
2021-04-30,289389.0
2021-05-01,262991.0
2021-05-02,235214.0
2021-05-03,287007.0
2021-05-04,300824.0
2021-05-05,309774.0
2021-05-06,311380.0
2021-05-07,307988.0
2021-05-08,274691.0
2021-05-09,247866.0
2021-05-10,303297.0
2021-05-11,312115.0
2021-05-12,300452.0
2021-05-13,276472.0
2021-05-14,266055.0
2021-05-15,232099.0
2021-05-16,219435.0
2021-05-17,250910.0
2021-05-18,221018.0
2021-05-19,263419.0
2021-05-20,228039.0
2021-05-21,226351.0
2021-05-22,223800.0
2021-05-23,194320.0
2021-05-24,234755.0
2021-05-25,233644.0
2021-05-26,230753.0
2021-05-27,214035.0
2021-05-28,218311.0
2021-05-29,198332.0
2021-05-30,179795.0
2021-05-31,226469.0
2021-06-01,234561.0
2021-06-02,250589.0
2021-06-03,255621.0
2021-06-04,236672.0
2021-06-05,194580.0
2021-06-06,185305.0
2021-06-07,235479.0
2021-06-08,246906.0
2021-06-09,210911.0
2021-06-10,252983.0
2021-06-11,216502.0
2021-06-12,222774.0
2021-06-13,187098.0
2021-06-14,242416.0
2021-06-15,241861.0
2021-06-16,252937.0
2021-06-17,237725.0
2021-06-18,222918.0
2021-06-19,187042.0
2021-06-20,167249.0
2021-06-21,205050.0
2021-06-22,196523.0
2021-06-23,232704.0
2021-06-24,233278.0
2021-06-25,218245.0
2021-06-26,181628.0
2021-06-27,124640.0
2021-06-28,217898.0
2021-06-29,205616.0
2021-06-30,218734.0
2021-07-01,230253.0
2021-07-02,188568.0
2021-07-03,237463.0
2021-07-04,171850.0
2021-07-05,223760.0
2021-07-06,228279.0
2021-07-07,221227.0
2021-07-08,230719.0
2021-07-09,227511.0
2021-07-10,187263.0
2021-07-11,166144.0
2021-07-12,220269.0
2021-07-13,229916.0
2021-07-14,236217.0
2021-07-15,226234.0
2021-07-16,223466.0
2021-07-17,182047.0
2021-07-18,161122.0
2021-07-19,226803.0
2021-07-20,230509.0
2021-07-21,235680.0
2021-07-22,230282.0
2021-07-23,231130.0
2021-07-24,198091.0
2021-07-25,174535.0
2021-07-26,261950.0
2021-07-27,255221.0
2021-07-28,251223.0
2021-07-29,262612.0
2021-07-30,255417.0
2021-07-31,207348.0
2021-08-01,185157.0
2021-08-02,239277.0
2021-08-03,246198.0
2021-08-04,239596.0
2021-08-05,246175.0
2021-08-06,260810.0
2021-08-07,212229.0
2021-08-08,191623.0
2021-08-09,252660.0
2021-08-10,260968.0
2021-08-11,262437.0
2021-08-12,250961.0
2021-08-13,260624.0
2021-08-14,209074.0
2021-08-15,186239.0
2021-08-16,263529.0
2021-08-17,257766.0
2021-08-18,247333.0
2021-08-19,253447.0
2021-08-20,271837.0
2021-08-21,219407.0
2021-08-22,190631.0
2021-08-23,270736.0
2021-08-24,263984.0
2021-08-25,263009.0
2021-08-26,258590.0
2021-08-27,256813.0
2021-08-28,218268.0
2021-08-29,191650.0
2021-08-30,250955.0
2021-08-31,271163.0
2021-09-01,280865.0
2021-09-02,289900.0
2021-09-03,283991.0
2021-09-04,227732.0
2021-09-05,205066.0
2021-09-06,268877.0
2021-09-07,276624.0
2021-09-08,270483.0
2021-09-09,274384.0
2021-09-10,261371.0
2021-09-11,218445.0
2021-09-12,192691.0
2021-09-13,255970.0
2021-09-14,268127.0
2021-09-15,268957.0
2021-09-16,271223.0
2021-09-17,271040.0
2021-09-18,227661.0
2021-09-19,200516.0
2021-09-20,270233.0
2021-09-21,244568.0
2021-09-22,275235.0
2021-09-23,268689.0
2021-09-24,277565.0
2021-09-25,212575.0
2021-09-26,195560.0
2021-09-27,255873.0
2021-09-28,262292.0
2021-09-29,241991.0
2021-09-30,293074.0
2021-10-01,277042.0
2021-10-02,259961.0
2021-10-03,218112.0
2021-10-04,268955.0
2021-10-05,312538.0
2021-10-06,267749.0
2021-10-07,325875.0
2021-10-08,280028.0
2021-10-09,246189.0
2021-10-10,211506.0
2021-10-11,280184.0
2021-10-12,274155.0
2021-10-13,288916.0
2021-10-14,282383.0
2021-10-15,297746.0
2021-10-16,270052.0
2021-10-17,215883.0
2021-10-18,285368.0
2021-10-19,312018.0
2021-10-20,291813.0
2021-10-21,320743.0
2021-10-22,287550.0
2021-10-23,223941.0
2021-10-24,211220.0
2021-10-25,284680.0
2021-10-26,294029.0
2021-10-27,292114.0
2021-10-28,295558.0
2021-10-29,305733.0
2021-10-30,252061.0
2021-10-31,217435.0
2021-11-01,293282.0
2021-11-02,297402.0
2021-11-03,288746.0
2021-11-04,289141.0
2021-11-05,285946.0
2021-11-06,236233.0
2021-11-07,226128.0
2021-11-08,285806.0
2021-11-09,335411.0
2021-11-10,301025.0
2021-11-11,293665.0
2021-11-12,282049.0
2021-11-13,238634.0
2021-11-14,224016.0
2021-11-15,288435.0
2021-11-16,301103.0
2021-11-17,290390.0
2021-11-18,293867.0
2021-11-19,284719.0
2021-11-20,249652.0
2021-11-21,222949.0
2021-11-22,279165.0
2021-11-23,283401.0
2021-11-24,298909.0
2021-11-25,287496.0
2021-11-26,292645.0
2021-11-27,240759.0
2021-11-28,213768.0
2021-11-29,301297.0
2021-11-30,293876.0
2021-12-01,288422.0
2021-12-02,313261.0
2021-12-03,290139.0
2021-12-04,253674.0
2021-12-05,215213.0
2021-12-06,284467.0
2021-12-07,288343.0
2021-12-08,266110.0
2021-12-09,282775.0
2021-12-10,271375.0
2021-12-11,225733.0
2021-12-12,214808.0
2021-12-13,278211.0
2021-12-14,278275.0
2021-12-15,281103.0
2021-12-16,256206.0
2021-12-17,263495.0
2021-12-18,239170.0
2021-12-19,206719.0
2021-12-20,266947.0
2021-12-21,304713.0
2021-12-22,288495.0
2021-12-23,291799.0
2021-12-24,260565.0
2021-12-25,207803.0
2021-12-26,198574.0
2021-12-27,249548.0
2021-12-28,265422.0
2021-12-29,276083.0
2021-12-30,245021.0
2021-12-31,269540.0
2022-01-01,186834.0
2022-01-02,196865.0
2022-01-03,234793.0
2022-01-04,274544.0
2022-01-05,272155.0
2022-01-06,264899.0
2022-01-07,255381.0
2022-01-08,223920.0
2022-01-09,210143.0
2022-01-10,266743.0
2022-01-11,277698.0
2022-01-12,271933.0
2022-01-13,274515.0
2022-01-14,270882.0
2022-01-15,234373.0
2022-01-16,216151.0
2022-01-17,258141.0
2022-01-18,265057.0
2022-01-19,270334.0
2022-01-20,271265.0
2022-01-21,272348.0
2022-01-22,250294.0
2022-01-23,203986.0
2022-01-24,270712.0
2022-01-25,265128.0
2022-01-26,261070.0
2022-01-27,255925.0
2022-01-28,264609.0
2022-01-29,231038.0
2022-01-30,207173.0
2022-01-31,263410.0
2022-02-01,272984.0
2022-02-02,278985.0
2022-02-03,265344.0
2022-02-04,247946.0
2022-02-05,258646.0
2022-02-06,219196.0
2022-02-07,262034.0
2022-02-08,276850.0
2022-02-09,265804.0
2022-02-10,260813.0
2022-02-11,258595.0
2022-02-12,228189.0
2022-02-13,208977.0
2022-02-14,247592.0
2022-02-15,273623.0
2022-02-16,266788.0
2022-02-17,255573.0
2022-02-18,261055.0
2022-02-19,220673.0
2022-02-20,200535.0
2022-02-21,237402.0
2022-02-22,260265.0
2022-02-23,251275.0
2022-02-24,254139.0
2022-02-25,260340.0
2022-02-26,220423.0
2022-02-27,211164.0
2022-02-28,270918.0
2022-03-01,280634.0
2022-03-02,288657.0
2022-03-03,268244.0
2022-03-04,262101.0
2022-03-05,225321.0
2022-03-06,207116.0
2022-03-07,255441.0
2022-03-08,255771.0
2022-03-09,272805.0
2022-03-10,261553.0
2022-03-11,252383.0
2022-03-12,225148.0
2022-03-13,208092.0
2022-03-14,259592.0
2022-03-15,263178.0
2022-03-16,276390.0
2022-03-17,278800.0
2022-03-18,261318.0
2022-03-19,242424.0
2022-03-20,210547.0
2022-03-21,259912.0
2022-03-22,264569.0
2022-03-23,264182.0
2022-03-24,262987.0
2022-03-25,290719.0
2022-03-26,231031.0
2022-03-27,218202.0
2022-03-28,293304.0
2022-03-29,286940.0
2022-03-30,272864.0
2022-03-31,279210.0
2022-04-01,284105.0
2022-04-02,254442.0
2022-04-03,225564.0
2022-04-04,275106.0
2022-04-05,273430.0
2022-04-06,273640.0
2022-04-07,269404.0
2022-04-08,266805.0
2022-04-09,232792.0
2022-04-10,216446.0
2022-04-11,276623.0
2022-04-12,278839.0
2022-04-13,276968.0
2022-04-14,265537.0
2022-04-15,254831.0
2022-04-16,225486.0
2022-04-17,207324.0
2022-04-18,246421.0
2022-04-19,273168.0
2022-04-20,285655.0
2022-04-21,282438.0
2022-04-22,260930.0
2022-04-23,234978.0
2022-04-24,221992.0
2022-04-25,277417.0
2022-04-26,273297.0
2022-04-27,287105.0
2022-04-28,275765.0
2022-04-29,286563.0
2022-04-30,261630.0
