DateTime,Transactions-Per-Second
2016-06-11,2.322569444444444
2016-06-12,2.2454861111111106
2016-06-13,2.759722222222223
2016-06-14,2.8177083333333326
2016-06-15,2.775868055555556
2016-06-16,2.9074652777777783
2016-06-17,2.7630208333333335
2016-06-18,2.551909722222223
2016-06-19,2.403993055555556
2016-06-20,2.711805555555556
2016-06-21,2.7395833333333335
2016-06-22,2.642013888888889
2016-06-23,2.5809027777777778
2016-06-24,2.5824652777777772
2016-06-25,2.2364583333333328
2016-06-26,1.9505208333333348
2016-06-27,2.282118055555556
2016-06-28,2.293229166666667
2016-06-29,2.3918402777777787
2016-06-30,2.4751736111111122
2016-07-01,2.294097222222222
2016-07-02,2.0788194444444446
2016-07-03,1.9074652777777776
2016-07-04,2.227430555555555
2016-07-05,2.2963541666666685
2016-07-06,2.289236111111111
2016-07-07,2.3210069444444446
2016-07-08,2.285243055555555
2016-07-09,1.980555555555555
2016-07-10,1.7487847222222224
2016-07-11,2.327430555555555
2016-07-12,2.3083333333333336
2016-07-13,2.3057291666666675
2016-07-14,2.311458333333334
2016-07-15,2.3232638888888877
2016-07-16,1.9817708333333337
2016-07-17,1.8560763888888883
2016-07-18,2.3215277777777774
2016-07-19,2.375868055555555
2016-07-20,2.4453124999999987
2016-07-21,2.3475694444444444
2016-07-22,2.359027777777779
2016-07-23,2.083159722222222
2016-07-24,2.0092013888888904
2016-07-25,2.5421874999999994
2016-07-26,2.5932291666666663
2016-07-27,2.5871527777777774
2016-07-28,2.5809027777777778
2016-07-29,2.5340277777777778
2016-07-30,2.1826388888888903
2016-07-31,2.1135416666666678
2016-08-01,2.523784722222223
2016-08-02,2.750347222222223
2016-08-03,2.5800347222222224
2016-08-04,2.55954861111111
2016-08-05,2.5255208333333328
2016-08-06,2.150000000000001
2016-08-07,2.0793402777777774
2016-08-08,2.580902777777777
2016-08-09,2.566666666666666
2016-08-10,2.7425347222222225
2016-08-11,2.743923611111112
2016-08-12,2.5506944444444444
2016-08-13,2.2486111111111113
2016-08-14,2.1361111111111115
2016-08-15,2.4149305555555554
2016-08-16,2.666840277777778
2016-08-17,2.619097222222223
2016-08-18,2.641493055555556
2016-08-19,2.6699652777777776
2016-08-20,2.2439236111111103
2016-08-21,2.0093749999999986
2016-08-22,2.5593749999999997
2016-08-23,2.6821180555555553
2016-08-24,2.619444444444444
2016-08-25,2.6074652777777767
2016-08-26,2.5682291666666663
2016-08-27,2.1112847222222224
2016-08-28,1.9265625000000002
2016-08-29,2.6107638888888887
2016-08-30,2.7345486111111104
2016-08-31,2.5381944444444446
2016-09-01,2.621228070175439
2016-09-02,2.595312500000001
2016-09-03,1.9904513888888893
2016-09-04,2.014409722222222
2016-09-05,2.465798611111111
2016-09-06,2.5124999999999993
2016-09-07,2.6067708333333335
2016-09-08,2.4935763888888887
2016-09-09,2.4124999999999996
2016-09-10,2.0944444444444446
2016-09-11,1.9618055555555556
2016-09-12,2.3609374999999995
2016-09-13,2.618923611111111
2016-09-14,2.4902777777777785
2016-09-15,2.5831597222222213
2016-09-16,2.4508680555555564
2016-09-17,2.2545138888888876
2016-09-18,2.022916666666666
2016-09-19,2.466493055555555
2016-09-20,2.7237847222222222
2016-09-21,2.675694444444444
2016-09-22,2.546874999999999
2016-09-23,2.436284722222222
2016-09-24,2.2171875
2016-09-25,2.1354166666666665
2016-09-26,2.6253472222222216
2016-09-27,2.671354166666666
2016-09-28,2.653819444444445
2016-09-29,2.715798611111111
2016-09-30,2.797569444444445
2016-10-01,2.361805555555556
2016-10-02,2.2696180555555556
2016-10-03,2.8387152777777787
2016-10-04,2.9598958333333356
2016-10-05,3.001909722222221
2016-10-06,3.0798611111111107
2016-10-07,2.9706597222222215
2016-10-08,2.6973958333333328
2016-10-09,2.336284722222222
2016-10-10,2.596874999999999
2016-10-11,2.9204861111111113
2016-10-12,2.4836805555555546
2016-10-13,2.618229166666667
2016-10-14,2.727604166666666
2016-10-15,2.272743055555555
2016-10-16,2.167881944444444
2016-10-17,2.736631944444445
2016-10-18,2.727951388888888
2016-10-19,2.5996527777777776
2016-10-20,2.671527777777776
2016-10-21,2.9432291666666672
2016-10-22,2.481597222222223
2016-10-23,2.127951388888889
2016-10-24,2.7407986111111113
2016-10-25,2.798611111111111
2016-10-26,2.4114583333333326
2016-10-27,3.096354166666666
2016-10-28,2.7473958333333335
2016-10-29,2.566840277777778
2016-10-30,2.3432291666666676
2016-10-31,2.7437500000000004
2016-11-01,2.832986111111112
2016-11-02,3.0190972222222228
2016-11-03,3.031423611111111
2016-11-04,2.8104166666666672
2016-11-05,2.5953125
2016-11-06,2.5854166666666667
2016-11-07,3.0637152777777774
2016-11-08,3.2546875000000006
2016-11-09,3.0902777777777772
2016-11-10,2.875520833333334
2016-11-11,2.8657986111111113
2016-11-12,2.566319444444443
2016-11-13,2.4338541666666664
2016-11-14,2.9998263888888896
2016-11-15,3.1609375000000006
2016-11-16,3.226909722222222
2016-11-17,3.1244791666666667
2016-11-18,3.0890625000000003
2016-11-19,2.818229166666665
2016-11-20,2.7093749999999996
2016-11-21,3.266145833333333
2016-11-22,3.3847222222222206
2016-11-23,3.1736111111111107
2016-11-24,3.2281250000000004
2016-11-25,3.3906250000000004
2016-11-26,2.951562500000001
2016-11-27,2.724305555555556
2016-11-28,3.29201388888889
2016-11-29,3.255729166666667
2016-11-30,3.2427083333333324
2016-12-01,3.2425347222222225
2016-12-02,3.133159722222224
2016-12-03,2.9654513888888903
2016-12-04,2.712152777777778
2016-12-05,3.3090277777777786
2016-12-06,3.3612847222222215
2016-12-07,3.3309027777777778
2016-12-08,3.2201388888888896
2016-12-09,2.9598958333333325
2016-12-10,2.739236111111111
2016-12-11,2.5151041666666676
2016-12-12,3.0520833333333335
2016-12-13,3.2675347222222206
2016-12-14,3.3133680555555554
2016-12-15,3.1940972222222217
2016-12-16,3.1097222222222225
2016-12-17,2.6147569444444447
2016-12-18,2.615798611111112
2016-12-19,3.2928819444444426
2016-12-20,3.349826388888889
2016-12-21,3.575173611111109
2016-12-22,3.494965277777777
2016-12-23,3.394444444444449
2016-12-24,2.707291666666667
2016-12-25,2.2100694444444438
2016-12-26,2.845486111111112
2016-12-27,3.2940972222222222
2016-12-28,3.4670138888888897
2016-12-29,3.4470486111111107
2016-12-30,3.2506944444444437
2016-12-31,2.8262152777777767
2017-01-01,2.1706597222222226
2017-01-02,3.1258680555555554
2017-01-03,3.4300347222222203
2017-01-04,3.7402777777777785
2017-01-05,3.660590277777778
2017-01-06,3.5293402777777803
2017-01-07,3.1289930555555547
2017-01-08,2.8854166666666656
2017-01-09,3.2869791666666663
2017-01-10,3.4310763888888878
2017-01-11,3.438541666666668
2017-01-12,3.3270833333333347
2017-01-13,3.1571180555555567
2017-01-14,2.6725694444444437
2017-01-15,2.58298611111111
2017-01-16,3.0684027777777794
2017-01-17,3.2848958333333336
2017-01-18,3.4251736111111115
2017-01-19,3.407118055555555
2017-01-20,3.328125
2017-01-21,2.9991319444444446
2017-01-22,2.7203125
2017-01-23,3.1392361111111104
2017-01-24,3.0289930555555546
2017-01-25,3.2227430555555565
2017-01-26,3.304861111111112
2017-01-27,3.1142361111111114
2017-01-28,2.698958333333332
2017-01-29,2.5854166666666663
2017-01-30,3.135763888888889
2017-01-31,3.450347222222222
2017-02-01,3.7279513888888887
2017-02-02,3.4493055555555547
2017-02-03,3.209895833333333
2017-02-04,3.1211805555555556
2017-02-05,2.9843750000000004
2017-02-06,3.2230902777777763
2017-02-07,3.243229166666666
2017-02-08,3.505381944444444
2017-02-09,3.599305555555555
2017-02-10,3.3576388888888893
2017-02-11,2.921354166666666
2017-02-12,2.668402777777778
2017-02-13,3.379340277777779
2017-02-14,3.52326388888889
2017-02-15,3.369097222222221
2017-02-16,3.3522569444444446
2017-02-17,3.501388888888888
2017-02-18,3.0112847222222214
2017-02-19,2.7715277777777767
2017-02-20,3.315972222222223
2017-02-21,3.3638888888888885
2017-02-22,2.914409722222223
2017-02-23,3.2581597222222225
2017-02-24,3.460243055555555
2017-02-25,3.184895833333337
2017-02-26,2.9890624999999993
2017-02-27,3.4420138888888894
2017-02-28,3.618923611111111
2017-03-01,3.513541666666667
2017-03-02,3.4895833333333326
2017-03-03,3.2255208333333325
2017-03-04,2.9017361111111106
2017-03-05,2.818402777777777
2017-03-06,3.361111111111111
2017-03-07,3.537326388888889
2017-03-08,3.327256944444444
2017-03-09,3.2897569444444437
2017-03-10,3.4614583333333346
2017-03-11,2.915277777777776
2017-03-12,2.5586805555555556
2017-03-13,3.224479166666668
2017-03-14,3.4220486111111117
2017-03-15,3.1515625000000003
2017-03-16,3.4440972222222226
2017-03-17,3.407812499999999
2017-03-18,2.948784722222222
2017-03-19,2.7133680555555553
2017-03-20,3.2621527777777755
2017-03-21,3.1482638888888883
2017-03-22,3.2498263888888883
2017-03-23,3.046875
2017-03-24,3.0329861111111107
2017-03-25,2.7095486111111113
2017-03-26,2.467534722222222
2017-03-27,2.948784722222222
2017-03-28,3.1236111111111113
2017-03-29,3.0802083333333345
2017-03-30,3.1522569444444435
2017-03-31,3.0013888888888896
2017-04-01,2.7779513888888894
2017-04-02,2.6217013888888885
2017-04-03,3.3192708333333325
2017-04-04,3.14548611111111
2017-04-05,3.3133680555555554
2017-04-06,3.2534722222222214
2017-04-07,3.2973958333333324
2017-04-08,2.6081597222222226
2017-04-09,2.4885416666666664
2017-04-10,3.2234374999999997
2017-04-11,3.3572916666666672
2017-04-12,3.2232638888888885
2017-04-13,3.068055555555556
2017-04-14,2.840451388888887
2017-04-15,2.744270833333333
2017-04-16,2.3092013888888885
2017-04-17,2.932638888888888
2017-04-18,3.4364583333333347
2017-04-19,3.3623263888888872
2017-04-20,3.220138888888888
2017-04-21,3.3807291666666646
2017-04-22,2.9687499999999996
2017-04-23,2.7473958333333344
2017-04-24,3.0795138888888896
2017-04-25,3.414930555555556
2017-04-26,3.5046874999999993
2017-04-27,3.5689236111111104
2017-04-28,3.5869791666666675
2017-04-29,3.3963541666666663
2017-04-30,3.101041666666666
2017-05-01,3.486979166666666
2017-05-02,3.764583333333331
2017-05-03,3.571354166666668
2017-05-04,4.02638888888889
2017-05-05,3.5144097222222226
2017-05-06,3.314930555555557
2017-05-07,3.2897569444444437
2017-05-08,4.073784722222223
2017-05-09,4.066493055555553
2017-05-10,3.601388888888891
2017-05-11,3.4296874999999996
2017-05-12,3.0863157894736855
2017-05-13,2.897395833333334
2017-05-14,3.0760416666666655
2017-05-15,3.595833333333333
2017-05-16,2.9656249999999993
2017-05-17,2.493229166666667
2017-05-18,2.731423611111111
2017-05-19,3.2098958333333356
2017-05-20,2.6593750000000003
2017-05-21,2.8041666666666667
2017-05-22,3.253124999999999
2017-05-23,3.4253472222222214
2017-05-24,3.0925347222222217
2017-05-25,3.3708333333333322
2017-05-26,3.1361111111111097
2017-05-27,2.8890625000000014
2017-05-28,2.8656249999999996
2017-05-29,3.6036458333333328
2017-05-30,3.841319444444444
2017-05-31,3.524479166666666
2017-06-01,3.4517361111111113
2017-06-02,3.250868055555556
2017-06-03,3.0529513888888897
2017-06-04,2.6529513888888894
2017-06-05,3.3795138888888876
2017-06-06,3.6119791666666665
2017-06-07,3.521875
2017-06-08,3.243750000000001
2017-06-09,3.112152777777778
2017-06-10,2.803645833333334
2017-06-11,2.36701388888889
2017-06-12,3.004340277777778
2017-06-13,3.2399305555555564
2017-06-14,3.200694444444444
2017-06-15,3.2147569444444435
2017-06-16,2.9880208333333336
2017-06-17,2.5381944444444438
2017-06-18,2.203993055555555
2017-06-19,2.894444444444444
2017-06-20,3.1279513888888886
2017-06-21,2.910416666666667
2017-06-22,2.7654513888888874
2017-06-23,2.8276041666666667
2017-06-24,2.3652631578947365
2017-06-25,2.092013888888889
2017-06-26,2.794791666666667
2017-06-27,2.9027777777777786
2017-06-28,2.9512152777777767
2017-06-29,2.6517361111111115
2017-06-30,2.720833333333333
2017-07-01,2.297743055555556
2017-07-02,2.1852430555555555
2017-07-03,2.8029513888888897
2017-07-04,2.8593750000000018
2017-07-05,2.610243055555556
2017-07-06,2.608333333333333
2017-07-07,2.670659722222222
2017-07-08,2.3703125
2017-07-09,2.0763888888888893
2017-07-10,2.8616319444444436
2017-07-11,3.005729166666665
2017-07-12,2.839409722222222
2017-07-13,2.672222222222222
2017-07-14,2.5137152777777785
2017-07-15,2.2982638888888878
2017-07-16,2.2088541666666655
2017-07-17,2.5178819444444436
2017-07-18,2.9048611111111104
2017-07-19,2.7774305555555547
2017-07-20,2.805034722222222
2017-07-21,2.6574652777777765
2017-07-22,2.2157986111111114
2017-07-23,1.9420138888888896
2017-07-24,2.5824652777777772
2017-07-25,2.4095486111111115
2017-07-26,2.454861111111111
2017-07-27,2.380555555555556
2017-07-28,2.58298611111111
2017-07-29,2.1267361111111107
2017-07-30,2.0638888888888896
2017-07-31,2.542187499999999
2017-08-01,1.5055555555555558
2017-08-02,2.366319444444445
2017-08-03,2.5111111111111106
2017-08-04,2.672743055555556
2017-08-05,2.669270833333332
2017-08-06,2.2729166666666667
2017-08-07,2.996701388888889
2017-08-08,3.200347222222224
2017-08-09,2.9465277777777783
2017-08-10,2.9222222222222207
2017-08-11,3.081076388888889
2017-08-12,2.8121527777777775
2017-08-13,2.9677083333333325
2017-08-14,3.244965277777777
2017-08-15,3.560069444444444
2017-08-16,3.2241319444444443
2017-08-17,3.5041666666666664
2017-08-18,3.3572916666666655
2017-08-19,2.8762152777777783
2017-08-20,2.415104166666667
2017-08-21,2.9404513888888872
2017-08-22,2.5815972222222228
2017-08-23,2.989409722222225
2017-08-24,2.677951388888888
2017-08-25,2.413368055555555
2017-08-26,1.9387152777777779
2017-08-27,2.149305555555556
2017-08-28,2.598090277777779
2017-08-29,2.9164930555555557
2017-08-30,3.0253472222222224
2017-08-31,3.1857638888888893
2017-09-01,3.1128472222222228
2017-09-02,2.709374999999999
2017-09-03,2.224305555555556
2017-09-04,3.0715277777777774
2017-09-05,3.1399305555555546
2017-09-06,3.163888888888889
2017-09-07,2.956597222222222
2017-09-08,2.9953124999999985
2017-09-09,2.447048611111111
2017-09-10,2.2128472222222215
2017-09-11,2.804513888888889
2017-09-12,2.9109374999999997
2017-09-13,2.9871527777777778
2017-09-14,3.0737847222222228
2017-09-15,3.257291666666666
2017-09-16,2.5170138888888896
2017-09-17,2.2038194444444446
2017-09-18,2.7263888888888896
2017-09-19,2.8951388888888876
2017-09-20,2.699479166666667
2017-09-21,2.792187499999999
2017-09-22,2.5819444444444444
2017-09-23,2.275000000000001
2017-09-24,2.105381944444445
2017-09-25,2.6453124999999997
2017-09-26,2.7774305555555547
2017-09-27,2.9805555555555556
2017-09-28,3.0231800766283534
2017-09-29,2.911458333333334
2017-09-30,2.5116319444444444
2017-10-01,2.255729166666666
2017-10-02,3.182291666666666
2017-10-03,3.0940972222222243
2017-10-04,2.8690972222222224
2017-10-05,2.844791666666667
2017-10-06,3.028472222222222
2017-10-07,2.592708333333334
2017-10-08,2.741840277777777
2017-10-09,3.4395833333333337
2017-10-10,3.486979166666666
2017-10-11,3.3331597222222213
2017-10-12,3.5027777777777778
2017-10-13,3.5730902777777778
2017-10-14,3.0083333333333346
2017-10-15,2.942881944444443
2017-10-16,3.5053819444444447
2017-10-17,3.7682291666666656
2017-10-18,3.795486111111112
2017-10-19,3.780381944444445
2017-10-20,3.709201388888888
2017-10-21,3.2609374999999994
2017-10-22,3.0722222222222224
2017-10-23,3.615625000000002
2017-10-24,3.462499999999998
2017-10-25,3.062755102040816
2017-10-26,3.4352011494252883
2017-10-27,3.002256944444445
2017-10-28,2.4126736111111113
2017-10-29,2.987326388888889
2017-10-30,3.530208333333331
2017-10-31,3.5095486111111107
2017-11-01,3.637673611111112
2017-11-02,4.018229166666668
2017-11-03,3.521701388888888
2017-11-04,2.9114583333333335
2017-11-05,2.893576388888889
2017-11-06,3.408854166666666
2017-11-07,3.4578124999999997
2017-11-08,3.73298611111111
2017-11-09,3.8189236111111113
2017-11-10,3.5595486111111114
2017-11-11,2.3425347222222226
2017-11-12,1.7494791666666665
2017-11-13,2.8456597222222224
2017-11-14,3.0076388888888883
2017-11-15,3.185590277777777
2017-11-16,3.217881944444445
2017-11-17,3.2510416666666675
2017-11-18,2.545138888888889
2017-11-19,2.5376736111111113
2017-11-20,3.5802083333333328
2017-11-21,4.150173611111112
2017-11-22,3.5967013888888872
2017-11-23,3.5883680555555557
2017-11-24,3.538020833333334
2017-11-25,3.131770833333333
2017-11-26,3.549131944444444
2017-11-27,4.5204861111111105
2017-11-28,4.373263888888892
2017-11-29,4.873437499999999
2017-11-30,4.1
2017-12-01,4.015104166666667
2017-12-02,3.243055555555555
2017-12-03,3.8678819444444437
2017-12-04,4.206944444444445
2017-12-05,4.194791666666666
2017-12-06,4.9411458333333345
2017-12-07,4.917753623188408
2017-12-08,3.930729166666666
2017-12-09,3.652256944444444
2017-12-10,3.424131944444445
2017-12-11,4.193923611111111
2017-12-12,4.035937500000001
2017-12-13,4.179340277777776
2017-12-14,5.631944444444443
2017-12-15,4.4404513888888895
2017-12-16,3.749479166666665
2017-12-17,4.1432291666666705
2017-12-18,4.533333333333335
2017-12-19,4.724131944444446
2017-12-20,4.374826388888889
2017-12-21,3.7758680555555544
2017-12-22,3.6720486111111126
2017-12-23,2.9885416666666664
2017-12-24,2.543402777777778
2017-12-25,2.1682291666666664
2017-12-26,2.6454861111111114
2017-12-27,3.519791666666664
2017-12-28,3.2986111111111125
2017-12-29,3.986979166666666
2017-12-30,3.9170138888888903
2017-12-31,2.942013888888889
2018-01-01,2.530208333333334
2018-01-02,3.924479166666669
2018-01-03,4.588541666666667
2018-01-04,5.203124999999998
2018-01-05,4.332118055555557
2018-01-06,3.5647569444444454
2018-01-07,4.1937500000000005
2018-01-08,3.9873263888888886
2018-01-09,4.099652777777778
2018-01-10,4.063194444444445
2018-01-11,3.6843750000000006
2018-01-12,3.2953125000000014
2018-01-13,2.9821180555555564
2018-01-14,2.577777777777777
2018-01-15,3.081423611111111
2018-01-16,3.8463541666666665
2018-01-17,3.7531250000000007
2018-01-18,3.371354166666667
2018-01-19,2.773784722222221
2018-01-20,2.600347222222223
2018-01-21,2.236631944444445
2018-01-22,2.738541666666666
2018-01-23,2.7340350877192976
2018-01-24,2.6192708333333337
2018-01-25,2.636284722222221
2018-01-26,2.236458333333334
2018-01-27,1.9118055555555562
2018-01-28,1.9842013888888888
2018-01-29,2.5652777777777787
2018-01-30,2.6019097222222225
2018-01-31,2.4496527777777772
2018-02-01,2.7442708333333337
2018-02-02,2.761631944444444
2018-02-03,2.0489583333333337
2018-02-04,1.9269097222222227
2018-02-05,2.467013888888888
2018-02-06,2.689236111111111
2018-02-07,2.386284722222222
2018-02-08,1.9352430555555558
2018-02-09,2.071354166666667
2018-02-10,1.9496527777777761
2018-02-11,1.657986111111111
2018-02-12,2.0815972222222228
2018-02-13,2.0753472222222222
2018-02-14,2.202873563218389
2018-02-15,2.1661458333333337
2018-02-16,2.1078125
2018-02-17,1.938194444444444
2018-02-18,1.7553819444444445
2018-02-19,2.025347222222222
2018-02-20,2.2413194444444446
2018-02-21,2.3581597222222213
2018-02-22,2.113020833333333
2018-02-23,2.046006944444444
2018-02-24,1.7232638888888896
2018-02-25,1.5894097222222223
2018-02-26,2.157291666666667
2018-02-27,2.4085069444444454
2018-02-28,2.330381944444443
2018-03-01,2.2836805555555566
2018-03-02,2.2432291666666657
2018-03-03,1.9706597222222217
2018-03-04,1.7951388888888884
2018-03-05,2.27048611111111
2018-03-06,2.3657986111111113
2018-03-07,2.418229166666666
2018-03-08,2.2121527777777765
2018-03-09,2.262326388888888
2018-03-10,1.759201388888888
2018-03-11,1.6652777777777785
2018-03-12,2.132465277777777
2018-03-13,2.2315972222222222
2018-03-14,2.183506944444445
2018-03-15,2.3072916666666665
2018-03-16,2.1319444444444433
2018-03-17,1.7295138888888888
2018-03-18,1.8487847222222227
2018-03-19,2.178645833333333
2018-03-20,2.2104166666666667
2018-03-21,2.2230902777777772
2018-03-22,2.092534722222223
2018-03-23,2.0324652777777774
2018-03-24,1.7746527777777772
2018-03-25,1.5517361111111108
2018-03-26,2.0989583333333335
2018-03-27,2.110416666666667
2018-03-28,2.0453124999999996
2018-03-29,2.1684027777777772
2018-03-30,2.0861111111111117
2018-03-31,1.6618055555555549
2018-04-01,1.5241319444444448
2018-04-02,1.9130208333333336
2018-04-03,2.237326388888888
2018-04-04,2.07829861111111
2018-04-05,2.0590277777777777
2018-04-06,1.9508680555555562
2018-04-07,1.7439236111111118
2018-04-08,1.574479166666667
2018-04-09,1.988020833333333
2018-04-10,2.103819444444445
2018-04-11,2.060069444444444
2018-04-12,2.4184027777777777
2018-04-13,2.4312499999999995
2018-04-14,1.863888888888889
2018-04-15,1.915972222222222
2018-04-16,2.223090277777778
2018-04-17,2.2928819444444426
2018-04-18,2.2727430555555554
2018-04-19,2.425520833333334
2018-04-20,2.4611111111111117
2018-04-21,2.050868055555555
2018-04-22,1.9237847222222226
2018-04-23,2.6029513888888887
2018-04-24,2.863541666666666
2018-04-25,2.4968749999999997
2018-04-26,2.3496527777777776
2018-04-27,2.3560763888888876
2018-04-28,2.3081597222222214
2018-04-29,2.0326388888888887
2018-04-30,2.436458333333334
2018-05-01,2.243923611111112
2018-05-02,2.3987847222222225
2018-05-03,2.584027777777777
2018-05-04,2.51545138888889
2018-05-05,2.2175347222222235
2018-05-06,1.9470486111111114
2018-05-07,2.257638888888889
2018-05-08,2.4706597222222215
2018-05-09,2.3078125000000003
2018-05-10,2.3810763888888884
2018-05-11,2.2795138888888884
2018-05-12,2.0076388888888888
2018-05-13,1.7861111111111116
2018-05-14,2.3315972222222228
2018-05-15,2.4178819444444453
2018-05-16,2.3817708333333343
2018-05-17,2.2671875000000004
2018-05-18,2.2755208333333345
2018-05-19,1.9385416666666673
2018-05-20,1.822916666666666
2018-05-21,2.2760416666666665
2018-05-22,2.321701388888889
2018-05-23,2.5312500000000004
2018-05-24,2.331076388888889
2018-05-25,2.216145833333334
2018-05-26,1.7789930555555566
2018-05-27,1.6177083333333329
2018-05-28,2.1847222222222213
2018-05-29,2.269444444444445
2018-05-30,2.308159722222222
2018-05-31,2.338194444444445
2018-06-01,2.3111111111111113
2018-06-02,1.9663194444444443
2018-06-03,1.8791666666666667
2018-06-04,2.3529513888888887
2018-06-05,2.3973958333333325
2018-06-06,2.344444444444445
2018-06-07,2.3137152777777774
2018-06-08,2.2401041666666672
2018-06-09,1.9246527777777773
2018-06-10,1.9734375
2018-06-11,2.365972222222222
2018-06-12,2.3729166666666672
2018-06-13,2.2682291666666656
2018-06-14,2.373958333333333
2018-06-15,2.247395833333332
2018-06-16,1.7718749999999996
2018-06-17,1.6383680555555566
2018-06-18,2.1826388888888895
2018-06-19,2.176041666666667
2018-06-20,2.148263888888889
2018-06-21,2.214756944444444
2018-06-22,2.277256944444444
2018-06-23,1.810590277777778
2018-06-24,1.786631944444445
2018-06-25,2.2300347222222228
2018-06-26,2.1993055555555556
2018-06-27,2.134375
2018-06-28,2.129166666666667
2018-06-29,2.2046875000000004
2018-06-30,2.0223958333333343
2018-07-01,1.7338541666666665
2018-07-02,2.3043402777777775
2018-07-03,2.453472222222222
2018-07-04,2.236979166666666
2018-07-05,2.2244791666666672
2018-07-06,2.2699652777777763
2018-07-07,1.871006944444444
2018-07-08,1.7449652777777784
2018-07-09,2.361111111111112
2018-07-10,2.3814236111111113
2018-07-11,2.278993055555556
2018-07-12,2.3048611111111112
2018-07-13,2.2862847222222213
2018-07-14,1.9279513888888882
2018-07-15,1.7649305555555552
2018-07-16,2.3484374999999997
2018-07-17,2.609722222222222
2018-07-18,2.65
2018-07-19,2.526388888888889
2018-07-20,2.536805555555556
2018-07-21,2.0434027777777786
2018-07-22,1.8713541666666667
2018-07-23,2.5956597222222215
2018-07-24,2.9263888888888885
2018-07-25,2.787499999999999
2018-07-26,2.571180555555556
2018-07-27,2.5864583333333333
2018-07-28,2.1008680555555563
2018-07-29,1.8786458333333333
2018-07-30,2.619444444444445
2018-07-31,2.7309027777777763
2018-08-01,2.699652777777778
2018-08-02,2.486458333333332
2018-08-03,2.5979166666666655
2018-08-04,2.1467013888888897
2018-08-05,1.8866319444444455
2018-08-06,2.4758680555555554
2018-08-07,2.6220486111111114
2018-08-08,2.6385416666666677
2018-08-09,2.4628472222222215
2018-08-10,2.530034722222222
2018-08-11,2.177083333333333
2018-08-12,1.8494791666666666
2018-08-13,2.484374999999999
2018-08-14,2.7531249999999994
2018-08-15,2.7876736111111113
2018-08-16,2.5750000000000006
2018-08-17,2.6305555555555555
2018-08-18,2.161284722222222
2018-08-19,1.8446180555555551
2018-08-20,2.425868055555555
2018-08-21,2.456770833333333
2018-08-22,2.55954861111111
2018-08-23,2.4505208333333344
2018-08-24,2.5192708333333322
2018-08-25,2.1616319444444443
2018-08-26,1.931076388888889
2018-08-27,2.5319444444444446
2018-08-28,2.7203125000000004
2018-08-29,2.634201388888888
2018-08-30,2.5814236111111106
2018-08-31,2.657986111111112
2018-09-01,2.4164930555555553
2018-09-02,2.068750000000001
2018-09-03,2.4901041666666663
2018-09-04,2.644097222222222
2018-09-05,2.696354166666669
2018-09-06,2.8298611111111107
2018-09-07,2.5842013888888893
2018-09-08,2.321180555555555
2018-09-09,2.0994791666666672
2018-09-10,2.5501736111111115
2018-09-11,2.5904513888888885
2018-09-12,2.619097222222222
2018-09-13,2.6029513888888904
2018-09-14,2.5366319444444443
2018-09-15,2.2782986111111114
2018-09-16,2.033506944444445
2018-09-17,2.673437499999999
2018-09-18,2.757465277777779
2018-09-19,2.801041666666666
2018-09-20,2.821527777777778
2018-09-21,3.0442708333333335
2018-09-22,2.522395833333334
2018-09-23,2.254166666666667
2018-09-24,2.690277777777777
2018-09-25,2.821875
2018-09-26,2.782986111111112
2018-09-27,2.8055555555555567
2018-09-28,2.8291666666666657
2018-09-29,2.4802083333333336
2018-09-30,2.32326388888889
2018-10-01,2.771875
2018-10-02,2.707291666666667
2018-10-03,2.736284722222223
2018-10-04,2.7694444444444453
2018-10-05,2.7854166666666664
2018-10-06,2.3947916666666664
2018-10-07,2.565624999999999
2018-10-08,2.711979166666666
2018-10-09,2.669791666666667
2018-10-10,2.7678819444444454
2018-10-11,2.9741319444444443
2018-10-12,2.7399305555555546
2018-10-13,2.313541666666667
2018-10-14,2.128993055555556
2018-10-15,3.043576388888889
2018-10-16,2.8873263888888885
2018-10-17,2.891840277777778
2018-10-18,2.860243055555554
2018-10-19,2.8652777777777776
2018-10-20,2.5090277777777783
2018-10-21,2.3706597222222205
2018-10-22,2.885243055555556
2018-10-23,2.8906250000000018
2018-10-24,2.8368055555555554
2018-10-25,2.87013888888889
2018-10-26,2.8449652777777783
2018-10-27,2.6260416666666657
2018-10-28,2.484375000000001
2018-10-29,3.052604166666667
2018-10-30,2.9253472222222214
2018-10-31,3.2258680555555554
2018-11-01,3.2098958333333343
2018-11-02,3.2765625000000003
2018-11-03,2.808506944444444
2018-11-04,2.607465277777777
2018-11-05,3.2654513888888874
2018-11-06,3.296006944444446
2018-11-07,3.285069444444444
2018-11-08,3.163368055555557
2018-11-09,3.177951388888888
2018-11-10,2.7083333333333344
2018-11-11,2.7960069444444433
2018-11-12,3.3664930555555572
2018-11-13,3.187326388888888
2018-11-14,3.3194444444444446
2018-11-15,3.2229166666666664
2018-11-16,3.1170138888888883
2018-11-17,2.9770833333333324
2018-11-18,2.703125
2018-11-19,3.3585069444444446
2018-11-20,3.159895833333334
2018-11-21,2.875173611111111
2018-11-22,2.7848958333333336
2018-11-23,3.1199652777777764
2018-11-24,2.791493055555556
2018-11-25,2.673437500000001
2018-11-26,2.8984375000000004
2018-11-27,3.027604166666667
2018-11-28,2.893576388888889
2018-11-29,2.6513888888888903
2018-11-30,2.734722222222222
2018-12-01,2.507291666666667
2018-12-02,2.3451388888888887
2018-12-03,2.8203125
2018-12-04,2.8494791666666655
2018-12-05,2.9211805555555554
2018-12-06,3.047222222222224
2018-12-07,2.907986111111112
2018-12-08,2.5861111111111112
2018-12-09,2.6072916666666663
2018-12-10,2.934548611111112
2018-12-11,2.884201388888888
2018-12-12,2.9022569444444444
2018-12-13,2.988888888888889
2018-12-14,3.1326388888888883
2018-12-15,2.930902777777779
2018-12-16,2.5326388888888887
2018-12-17,3.3402777777777786
2018-12-18,2.9904513888888875
2018-12-19,3.3359374999999996
2018-12-20,3.261805555555554
2018-12-21,3.1418402777777774
2018-12-22,2.8090277777777786
2018-12-23,2.784895833333332
2018-12-24,3.0730902777777778
2018-12-25,2.878819444444444
2018-12-26,3.130902777777777
2018-12-27,3.368749999999999
2018-12-28,3.4185763888888876
2018-12-29,2.9734374999999993
2018-12-30,2.948958333333333
2018-12-31,2.915277777777778
2019-01-01,2.632986111111111
2019-01-02,3.029166666666667
2019-01-03,3.258159722222222
2019-01-04,3.170486111111112
2019-01-05,3.0703125
2019-01-06,2.82517361111111
2019-01-07,3.1595486111111133
2019-01-08,3.564930555555557
2019-01-09,3.5597222222222205
2019-01-10,3.638194444444446
2019-01-11,3.440451388888889
2019-01-12,3.1218749999999997
2019-01-13,3.0135416666666655
2019-01-14,3.6689236111111083
2019-01-15,3.436979166666667
2019-01-16,3.3121527777777775
2019-01-17,3.2647569444444446
2019-01-18,3.3748263888888896
2019-01-19,3.0968749999999994
2019-01-20,3.2619791666666678
2019-01-21,3.5095486111111107
2019-01-22,3.3000000000000007
2019-01-23,3.3190972222222235
2019-01-24,3.351215277777779
2019-01-25,3.310590277777779
2019-01-26,3.1611111111111097
2019-01-27,3.035416666666665
2019-01-28,3.4317708333333328
2019-01-29,3.559548611111113
2019-01-30,3.625347222222223
2019-01-31,3.7596590909090897
2019-02-01,3.6694444444444447
2019-02-02,3.528472222222224
2019-02-03,3.236979166666666
2019-02-04,3.6593750000000025
2019-02-05,3.876388888888888
2019-02-06,3.8098958333333357
2019-02-07,3.9578124999999993
2019-02-08,3.7199652777777765
2019-02-09,3.4027777777777763
2019-02-10,3.2517361111111094
2019-02-11,3.5704861111111104
2019-02-12,3.1894097222222224
2019-02-13,3.6114583333333337
2019-02-14,3.973784722222223
2019-02-15,3.3690972222222215
2019-02-16,3.477777777777779
2019-02-17,3.4840277777777793
2019-02-18,3.8428819444444433
2019-02-19,3.81267361111111
2019-02-20,3.474479166666665
2019-02-21,3.4274305555555546
2019-02-22,3.649652777777778
2019-02-23,3.604166666666666
2019-02-24,3.4401041666666674
2019-02-25,3.685416666666665
2019-02-26,3.945659722222222
2019-02-27,3.7501736111111117
2019-02-28,4.044965277777776
2019-03-01,3.947048611111112
2019-03-02,3.620659722222223
2019-03-03,3.7524305555555557
2019-03-04,3.3628472222222237
2019-03-05,3.198611111111109
2019-03-06,3.08732638888889
2019-03-07,3.2006944444444443
2019-03-08,3.1437499999999994
2019-03-09,2.7241319444444443
2019-03-10,2.444791666666666
2019-03-11,3.2564236111111113
2019-03-12,3.258680555555556
2019-03-13,3.182291666666666
2019-03-14,3.3060763888888878
2019-03-15,3.3545138888888886
2019-03-16,2.8953125000000006
2019-03-17,2.525868055555556
2019-03-18,3.2812500000000013
2019-03-19,3.393576388888889
2019-03-20,3.3878472222222222
2019-03-21,3.364236111111109
2019-03-22,3.3539930555555553
2019-03-23,2.805034722222222
2019-03-24,2.535416666666667
2019-03-25,3.6567708333333324
2019-03-26,4.219618055555557
2019-03-27,4.130729166666663
2019-03-28,4.33611111111111
2019-03-29,4.235590277777777
2019-03-30,4.081597222222222
2019-03-31,4.138194444444444
2019-04-01,4.44670138888889
2019-04-02,4.555902777777779
2019-04-03,4.260416666666666
2019-04-04,3.861111111111111
2019-04-05,3.8828125000000013
2019-04-06,3.8276041666666636
2019-04-07,3.835416666666665
2019-04-08,4.126388888888887
2019-04-09,3.91267361111111
2019-04-10,4.3890625
2019-04-11,4.348090277777777
2019-04-12,4.042187500000001
2019-04-13,3.9892361111111128
2019-04-14,3.7272569444444428
2019-04-15,4.104687500000002
2019-04-16,4.119965277777777
2019-04-17,3.860069444444443
2019-04-18,4.171874999999999
2019-04-19,3.9777777777777765
2019-04-20,3.579340277777778
2019-04-21,4.1065972222222245
2019-04-22,3.9541666666666675
2019-04-23,3.868229166666666
2019-04-24,4.104513888888888
2019-04-25,4.178472222222223
2019-04-26,4.236805555555555
2019-04-27,3.933333333333335
2019-04-28,3.967361111111112
2019-04-29,4.038888888888889
2019-04-30,4.025868055555556
2019-05-01,4.67222222222222
2019-05-02,4.954513888888887
2019-05-03,4.238888888888889
2019-05-04,3.8678819444444468
2019-05-05,3.5772569444444424
2019-05-06,4.189930555555554
2019-05-07,3.958680555555557
2019-05-08,4.204687500000001
2019-05-09,3.956770833333333
2019-05-10,3.835590277777778
2019-05-11,3.712326388888888
2019-05-12,3.633854166666666
2019-05-13,4.47986111111111
2019-05-14,4.319618055555555
2019-05-15,4.327604166666669
2019-05-16,4.328993055555556
2019-05-17,4.1109374999999995
2019-05-18,3.4102430555555543
2019-05-19,3.8600694444444454
2019-05-20,4.392187500000001
2019-05-21,4.275868055555555
2019-05-22,4.360937500000001
2019-05-23,4.238715277777778
2019-05-24,4.240972222222221
2019-05-25,3.679166666666666
2019-05-26,4.170659722222222
2019-05-27,4.584201388888889
2019-05-28,4.305381944444443
2019-05-29,4.476909722222223
2019-05-30,4.290972222222221
2019-05-31,3.677430555555557
2019-06-01,3.2654513888888896
2019-06-02,3.2986111111111107
2019-06-03,3.5902777777777786
2019-06-04,3.892361111111112
2019-06-05,4.093229166666666
2019-06-06,4.011631944444445
2019-06-07,3.944270833333333
2019-06-08,3.1921875000000006
2019-06-09,3.3421874999999996
2019-06-10,3.9312500000000004
2019-06-11,3.7741319444444446
2019-06-12,3.7081597222222222
2019-06-13,3.9972222222222205
2019-06-14,4.150520833333336
2019-06-15,3.618055555555556
2019-06-16,3.3477430555555565
2019-06-17,3.90763888888889
2019-06-18,4.128124999999999
2019-06-19,4.357465277777778
2019-06-20,3.8097222222222236
2019-06-21,4.0125
2019-06-22,3.9949652777777778
2019-06-23,3.918402777777777
2019-06-24,4.328125
2019-06-25,4.306770833333332
2019-06-26,4.846527777777777
2019-06-27,4.098263888888888
2019-06-28,3.752777777777777
2019-06-29,3.7612847222222237
2019-06-30,3.635763888888888
2019-07-01,3.976215277777777
2019-07-02,3.950868055555554
2019-07-03,4.399131944444443
2019-07-04,4.102951388888889
2019-07-05,4.150520833333334
2019-07-06,3.880381944444444
2019-07-07,3.4753472222222217
2019-07-08,4.1715277777777775
2019-07-09,4.140625
2019-07-10,3.430555555555556
2019-07-11,3.3470486111111124
2019-07-12,3.7317708333333353
2019-07-13,3.374652777777777
2019-07-14,3.415798611111111
2019-07-15,3.8208333333333324
2019-07-16,4.074305555555557
2019-07-17,3.631944444444444
2019-07-18,3.4486111111111106
2019-07-19,3.0230902777777793
2019-07-20,3.357118055555555
2019-07-21,3.1147569444444447
2019-07-22,3.631944444444446
2019-07-23,3.501041666666666
2019-07-24,3.356944444444444
2019-07-25,3.626041666666668
2019-07-26,3.5607638888888893
2019-07-27,3.171354166666666
2019-07-28,3.023611111111111
2019-07-29,3.7064236111111124
2019-07-30,3.617708333333333
2019-07-31,4.048263888888889
2019-08-01,3.722916666666666
2019-08-02,3.88628472222222
2019-08-03,3.56736111111111
2019-08-04,3.268750000000001
2019-08-05,3.8359374999999987
2019-08-06,4.0505208333333345
2019-08-07,4.3642361111111105
2019-08-08,3.5112847222222214
2019-08-09,3.770138888888886
2019-08-10,3.360763888888888
2019-08-11,2.9696180555555554
2019-08-12,3.6340277777777796
2019-08-13,3.908506944444445
2019-08-14,3.9189236111111114
2019-08-15,3.931423611111111
2019-08-16,3.5692708333333325
2019-08-17,3.1586805555555553
2019-08-18,2.990277777777777
2019-08-19,3.663020833333332
2019-08-20,3.694444444444444
2019-08-21,3.499305555555555
2019-08-22,3.4725694444444444
2019-08-23,3.7800347222222235
2019-08-24,3.3230902777777787
2019-08-25,3.211805555555556
2019-08-26,3.5383680555555546
2019-08-27,3.615104166666667
2019-08-28,3.815277777777775
2019-08-29,3.792187499999999
2019-08-30,3.806944444444443
2019-08-31,3.6899305555555557
2019-09-01,3.096006944444444
2019-09-02,3.655729166666667
2019-09-03,4.095659722222223
2019-09-04,3.598784722222224
2019-09-05,3.95954861111111
2019-09-06,3.9208333333333343
2019-09-07,3.4220486111111104
2019-09-08,3.200173611111113
2019-09-09,3.553298611111113
2019-09-10,3.743923611111113
2019-09-11,3.730208333333333
2019-09-12,3.6803819444444454
2019-09-13,3.4435763888888875
2019-09-14,3.334375000000002
2019-09-15,3.0840277777777785
2019-09-16,3.853298611111111
2019-09-17,3.7902777777777783
2019-09-18,4.005729166666666
2019-09-19,3.8206597222222225
2019-09-20,3.7545138888888876
2019-09-21,3.630034722222222
2019-09-22,3.4888888888888885
2019-09-23,3.2982638888888878
2019-09-24,3.803298611111112
2019-09-25,3.7758680555555553
2019-09-26,3.910416666666667
2019-09-27,3.3730902777777794
2019-09-28,3.4284722222222253
2019-09-29,3.1031250000000004
2019-09-30,3.4428819444444447
2019-10-01,3.6958333333333324
2019-10-02,3.6329861111111117
2019-10-03,3.6479166666666654
2019-10-04,3.7668402777777774
2019-10-05,3.547569444444445
2019-10-06,3.0277777777777786
2019-10-07,3.6289930555555556
2019-10-08,3.7468749999999993
2019-10-09,3.435416666666668
2019-10-10,3.7833333333333314
2019-10-11,3.8315972222222214
2019-10-12,3.323784722222223
2019-10-13,3.0524305555555546
2019-10-14,3.360416666666666
2019-10-15,3.7774305555555547
2019-10-16,3.7095486111111096
2019-10-17,3.735937500000001
2019-10-18,3.770486111111109
2019-10-19,3.389062499999999
2019-10-20,3.1734375
2019-10-21,3.922222222222222
2019-10-22,3.824479166666666
2019-10-23,3.868923611111111
2019-10-24,3.4267361111111114
2019-10-25,3.5506944444444457
2019-10-26,3.3189236111111113
2019-10-27,2.7484375
2019-10-28,3.393750000000002
2019-10-29,3.469791666666667
2019-10-30,3.4935763888888887
2019-10-31,3.4696180555555576
2019-11-01,3.3730902777777776
2019-11-02,3.2187499999999987
2019-11-03,3.058854166666667
2019-11-04,3.4178819444444444
2019-11-05,3.557812500000002
2019-11-06,3.4777777777777774
2019-11-07,3.4947916666666665
2019-11-08,3.491840277777779
2019-11-09,3.1072916666666663
2019-11-10,3.3102430555555546
2019-11-11,3.654340277777777
2019-11-12,3.5140625
2019-11-13,3.3852430555555575
2019-11-14,3.9081597222222233
2019-11-15,3.616319444444445
2019-11-16,3.104687500000001
2019-11-17,2.951909722222222
2019-11-18,3.540104166666668
2019-11-19,3.4939236111111125
2019-11-20,3.5892361111111115
2019-11-21,3.623263888888888
2019-11-22,3.452604166666667
2019-11-23,3.237326388888889
2019-11-24,2.9576388888888894
2019-11-25,3.376041666666666
2019-11-26,3.3105902777777785
2019-11-27,3.4211805555555554
2019-11-28,3.4638888888888903
2019-11-29,3.4045138888888897
2019-11-30,3.036805555555556
2019-12-01,2.9454861111111104
2019-12-02,3.5387152777777775
2019-12-03,3.5939236111111104
2019-12-04,3.648611111111109
2019-12-05,3.4901041666666672
2019-12-06,3.4479166666666665
2019-12-07,3.1581597222222197
2019-12-08,3.0833333333333335
2019-12-09,3.5935763888888896
2019-12-10,3.569965277777779
2019-12-11,3.296180555555555
2019-12-12,3.489236111111112
2019-12-13,3.6197916666666674
2019-12-14,3.3003472222222214
2019-12-15,2.943402777777777
2019-12-16,3.6947916666666676
2019-12-17,3.4848958333333333
2019-12-18,3.502430555555558
2019-12-19,3.6211805555555543
2019-12-20,3.705034722222221
2019-12-21,3.4725694444444444
2019-12-22,3.092881944444444
2019-12-23,3.5086805555555554
2019-12-24,3.171527777777778
2019-12-25,2.735243055555556
2019-12-26,3.3164930555555565
2019-12-27,3.5545138888888883
2019-12-28,3.2756944444444436
2019-12-29,3.1524305555555547
2019-12-30,3.6236111111111096
2019-12-31,3.2649305555555554
2020-01-01,2.7475694444444443
2020-01-02,3.3388888888888886
2020-01-03,3.491145833333332
2020-01-04,3.225868055555555
2020-01-05,3.1998263888888903
2020-01-06,3.357118055555557
2020-01-07,3.8015624999999997
2020-01-08,3.6086805555555572
2020-01-09,3.537326388888889
2020-01-10,3.602777777777778
2020-01-11,3.394791666666668
2020-01-12,3.14496527777778
2020-01-13,3.435243055555555
2020-01-14,3.7526041666666665
2020-01-15,3.720659722222223
2020-01-16,3.642708333333333
2020-01-17,3.6282986111111097
2020-01-18,3.2652777777777797
2020-01-19,3.1112847222222233
2020-01-20,3.556249999999999
2020-01-21,3.533854166666666
2020-01-22,3.6421875000000004
2020-01-23,3.709201388888888
2020-01-24,3.528645833333331
2020-01-25,3.1756944444444444
2020-01-26,2.884375
2020-01-27,3.407465277777778
2020-01-28,3.666319444444444
2020-01-29,3.812847222222222
2020-01-30,3.6831597222222214
2020-01-31,3.7635416666666672
2020-02-01,3.461284722222223
2020-02-02,3.1553819444444446
2020-02-03,3.7178819444444433
2020-02-04,3.6107638888888887
2020-02-05,4.004513888888888
2020-02-06,3.718576388888888
2020-02-07,3.673611111111112
2020-02-08,3.429166666666667
2020-02-09,3.4944444444444436
2020-02-10,3.6637152777777775
2020-02-11,3.8065972222222224
2020-02-12,3.748958333333331
2020-02-13,3.7090277777777767
2020-02-14,3.711458333333333
2020-02-15,3.402083333333336
2020-02-16,3.2986111111111125
2020-02-17,3.764409722222222
2020-02-18,3.6920138888888885
2020-02-19,3.753472222222223
2020-02-20,3.548611111111111
2020-02-21,3.80329861111111
2020-02-22,3.3520833333333315
2020-02-23,3.2501736111111135
2020-02-24,3.6230902777777776
2020-02-25,3.771180555555556
2020-02-26,3.632291666666667
2020-02-27,3.815277777777777
2020-02-28,4.067534722222221
2020-02-29,3.5026041666666674
2020-03-01,3.449479166666665
2020-03-02,3.873784722222222
2020-03-03,3.937847222222222
2020-03-04,3.8553819444444426
2020-03-05,3.9657986111111128
2020-03-06,3.73142361111111
2020-03-07,3.5519097222222222
2020-03-08,3.2684027777777787
2020-03-09,3.924131944444446
2020-03-10,3.7407986111111113
2020-03-11,3.463715277777778
2020-03-12,3.684027777777779
2020-03-13,2.9592261904761905
2020-03-14,2.733506944444445
2020-03-15,2.4480902777777778
2020-03-16,3.089583333333333
2020-03-17,3.004513888888889
2020-03-18,2.7810763888888883
2020-03-19,3.022048611111112
2020-03-20,2.9895833333333335
2020-03-21,2.5072916666666663
2020-03-22,2.3793402777777772
2020-03-23,2.9093749999999994
2020-03-24,3.0663194444444444
2020-03-25,2.4973684210526317
2020-03-26,3.034722222222221
2020-03-27,3.045659722222222
2020-03-28,2.684722222222223
2020-03-29,2.610416666666667
2020-03-30,3.117013888888888
2020-03-31,3.2758680555555544
2020-04-01,3.165798611111112
2020-04-02,3.366666666666666
2020-04-03,3.1288194444444457
2020-04-04,2.8404513888888894
2020-04-05,2.6833333333333336
2020-04-06,3.3164930555555556
2020-04-07,3.37204861111111
2020-04-08,3.210069444444444
2020-04-09,3.2376736111111133
2020-04-10,3.229513888888889
2020-04-11,2.789236111111111
2020-04-12,2.5708333333333337
2020-04-13,3.2154513888888885
2020-04-14,3.389409722222224
2020-04-15,3.4878472222222214
2020-04-16,3.6338541666666657
2020-04-17,3.3130208333333333
2020-04-18,3.1527777777777755
2020-04-19,2.8579861111111113
2020-04-20,3.4657986111111114
2020-04-21,3.537326388888889
2020-04-22,3.4763888888888883
2020-04-23,3.5203124999999997
2020-04-24,3.519791666666668
2020-04-25,3.075868055555555
2020-04-26,2.883506944444445
2020-04-27,3.4986111111111113
2020-04-28,3.6475694444444415
2020-04-29,4.018923611111111
2020-04-30,3.957986111111111
2020-05-01,3.428993055555555
2020-05-02,3.0717013888888887
2020-05-03,3.055208333333334
2020-05-04,3.698611111111111
2020-05-05,3.712499999999999
2020-05-06,3.837152777777778
2020-05-07,3.9269097222222213
2020-05-08,3.803993055555557
2020-05-09,3.2378472222222214
2020-05-10,3.140277777777778
2020-05-11,3.581578947368421
2020-05-12,3.6906250000000003
2020-05-13,3.5899305555555547
2020-05-14,3.580034722222223
2020-05-15,3.3560763888888894
2020-05-16,2.966493055555555
2020-05-17,2.754166666666667
2020-05-18,3.2626736111111114
2020-05-19,3.171180555555557
2020-05-20,3.202430555555557
2020-05-21,3.22309027777778
2020-05-22,3.2380208333333322
2020-05-23,2.7418402777777775
2020-05-24,2.41545138888889
2020-05-25,3.055729166666669
2020-05-26,3.2032986111111104
2020-05-27,3.390451388888891
2020-05-28,3.310069444444444
2020-05-29,3.310243055555555
2020-05-30,3.067013888888889
2020-05-31,2.860416666666666
2020-06-01,3.446875
2020-06-02,3.674131944444442
2020-06-03,3.3713541666666678
2020-06-04,3.5585069444444453
2020-06-05,3.705034722222223
2020-06-06,3.2116319444444463
2020-06-07,2.8791666666666678
2020-06-08,3.5800347222222224
2020-06-09,3.7006944444444447
2020-06-10,3.749479166666665
2020-06-11,3.680034722222223
2020-06-12,3.620833333333333
2020-06-13,3.164756944444445
2020-06-14,3.075347222222222
2020-06-15,3.6883680555555536
2020-06-16,3.7423611111111104
2020-06-17,3.602430555555555
2020-06-18,3.610763888888887
2020-06-19,3.521354166666667
2020-06-20,3.1472222222222235
2020-06-21,2.946354166666666
2020-06-22,3.650868055555556
2020-06-23,3.775173611111112
2020-06-24,3.553124999999999
2020-06-25,3.5361111111111097
2020-06-26,3.6494791666666657
2020-06-27,3.131770833333334
2020-06-28,3.014583333333334
2020-06-29,3.6510416666666665
2020-06-30,3.8104166666666672
2020-07-01,3.9138888888888883
2020-07-02,3.8355902777777775
2020-07-03,3.7553819444444443
2020-07-04,3.3005208333333322
2020-07-05,3.099305555555556
2020-07-06,3.8699652777777795
2020-07-07,3.966666666666668
2020-07-08,4.041493055555556
2020-07-09,3.98142361111111
2020-07-10,3.8880208333333353
2020-07-11,3.4499999999999997
2020-07-12,3.2388888888888876
2020-07-13,3.873090277777779
2020-07-14,3.8338541666666672
2020-07-15,3.9458333333333333
2020-07-16,3.8932291666666625
2020-07-17,3.605208333333333
2020-07-18,3.0982638888888885
2020-07-19,2.991666666666667
2020-07-20,3.785937500000001
2020-07-21,3.8878472222222236
2020-07-22,3.897395833333334
2020-07-23,3.8704861111111106
2020-07-24,3.8230902777777778
2020-07-25,3.325694444444443
2020-07-26,3.249305555555557
2020-07-27,4.333854166666668
2020-07-28,4.0420138888888895
2020-07-29,3.887847222222222
2020-07-30,3.699131944444446
2020-07-31,3.671527777777779
2020-08-01,3.253298611111111
2020-08-02,3.090972222222222
2020-08-03,3.771006944444444
2020-08-04,3.785069444444444
2020-08-05,3.7671875
2020-08-06,3.687152777777779
2020-08-07,3.602777777777778
2020-08-08,3.1074652777777785
2020-08-09,3.016319444444443
2020-08-10,3.727256944444445
2020-08-11,3.767187500000001
2020-08-12,3.835069444444445
2020-08-13,3.8743055555555563
2020-08-14,3.973437499999998
2020-08-15,3.561111111111112
2020-08-16,3.2699652777777786
2020-08-17,3.958159722222223
2020-08-18,3.695833333333335
2020-08-19,3.5987847222222213
2020-08-20,3.6932291666666663
2020-08-21,3.6848958333333335
2020-08-22,3.2310763888888885
2020-08-23,3.218402777777779
2020-08-24,3.8418402777777785
2020-08-25,3.7098958333333343
2020-08-26,3.704861111111112
2020-08-27,3.543055555555556
2020-08-28,3.759895833333333
2020-08-29,3.243749999999999
2020-08-30,3.0128472222222236
2020-08-31,3.8196180555555546
2020-09-01,4.0546875
2020-09-02,3.7576388888888896
2020-09-03,3.709201388888888
2020-09-04,3.585590277777777
2020-09-05,3.0859374999999996
2020-09-06,2.824652777777778
2020-09-07,3.6467013888888897
2020-09-08,3.7657986111111104
2020-09-09,3.827430555555555
2020-09-10,3.696180555555555
2020-09-11,3.5973958333333336
2020-09-12,3.2885416666666667
2020-09-13,2.965972222222223
2020-09-14,3.9510416666666663
2020-09-15,3.8887152777777785
2020-09-16,3.8262152777777767
2020-09-17,3.9156250000000004
2020-09-18,3.8784722222222237
2020-09-19,3.194097222222222
2020-09-20,2.9826388888888893
2020-09-21,3.746874999999999
2020-09-22,3.6479166666666676
2020-09-23,3.6977430555555557
2020-09-24,3.776388888888889
2020-09-25,3.7317708333333326
2020-09-26,3.0718750000000004
2020-09-27,2.959027777777779
2020-09-28,3.888368055555556
2020-09-29,3.8001736111111106
2020-09-30,3.8144097222222224
2020-10-01,3.7374999999999994
2020-10-02,3.639062499999999
2020-10-03,3.0703125000000018
2020-10-04,2.9656249999999993
2020-10-05,3.8789930555555547
2020-10-06,3.7414930555555532
2020-10-07,3.8118055555555554
2020-10-08,3.816493055555554
2020-10-09,3.7265624999999996
2020-10-10,3.2189236111111104
2020-10-11,2.915277777777778
2020-10-12,3.755555555555556
2020-10-13,3.661631944444444
2020-10-14,3.733333333333333
2020-10-15,3.7661458333333324
2020-10-16,3.6491319444444446
2020-10-17,3.108159722222224
2020-10-18,2.7843750000000007
2020-10-19,3.764409722222222
2020-10-20,3.811458333333333
2020-10-21,3.904340277777777
2020-10-22,3.7270833333333333
2020-10-23,3.5616319444444446
2020-10-24,3.13125
2020-10-25,2.7675347222222215
2020-10-26,3.540451388888888
2020-10-27,3.4447916666666654
2020-10-28,3.155208333333334
2020-10-29,3.0305555555555546
2020-10-30,3.126736111111112
2020-10-31,2.602430555555556
2020-11-01,2.666319444444444
2020-11-02,3.094791666666666
2020-11-03,3.3444444444444463
2020-11-04,3.4503472222222213
2020-11-05,3.738020833333334
2020-11-06,3.692013888888889
2020-11-07,3.022395833333332
2020-11-08,2.692361111111112
2020-11-09,3.5881944444444454
2020-11-10,3.5331597222222206
2020-11-11,3.623437500000001
2020-11-12,3.7022569444444446
2020-11-13,3.6024305555555554
2020-11-14,3.0204861111111114
2020-11-15,2.814930555555556
2020-11-16,3.7468750000000006
2020-11-17,3.9663194444444447
2020-11-18,4.090625000000001
2020-11-19,3.645312500000001
2020-11-20,3.870659722222221
2020-11-21,3.471006944444443
2020-11-22,3.114062499999998
2020-11-23,3.746354166666665
2020-11-24,4.036458333333335
2020-11-25,3.9067708333333333
2020-11-26,3.7387152777777763
2020-11-27,3.524999999999999
2020-11-28,3.1852430555555546
2020-11-29,2.9687500000000004
2020-11-30,3.950694444444443
2020-12-01,3.958159722222222
2020-12-02,3.66111111111111
2020-12-03,3.7383680555555574
2020-12-04,3.668229166666666
2020-12-05,3.0647569444444436
2020-12-06,2.884375000000001
2020-12-07,3.6802083333333324
2020-12-08,3.645833333333334
2020-12-09,3.723437500000001
2020-12-10,3.5895833333333336
2020-12-11,3.598090277777778
2020-12-12,3.1680555555555565
2020-12-13,3.0977430555555574
2020-12-14,3.698090277777777
2020-12-15,3.8024305555555578
2020-12-16,4.168576388888888
2020-12-17,4.225694444444444
2020-12-18,3.613020833333334
2020-12-19,3.401388888888888
2020-12-20,3.038715277777778
2020-12-21,3.4920138888888896
2020-12-22,3.7093749999999996
2020-12-23,3.7819444444444446
2020-12-24,3.3626736111111115
2020-12-25,2.9578125000000015
2020-12-26,3.223263888888889
2020-12-27,3.4631944444444436
2020-12-28,3.727777777777776
2020-12-29,3.719791666666667
2020-12-30,4.075
2020-12-31,3.6736111111111103
2021-01-01,2.9008680555555553
2021-01-02,3.7741319444444463
2021-01-03,3.8614583333333337
2021-01-04,4.371527777777777
2021-01-05,4.222916666666667
2021-01-06,4.427604166666668
2021-01-07,4.7555555555555555
2021-01-08,4.479166666666666
2021-01-09,3.6538194444444447
2021-01-10,3.576388888888889
2021-01-11,4.356770833333333
2021-01-12,3.832638888888889
2021-01-13,3.808333333333334
2021-01-14,3.975520833333333
2021-01-15,3.841493055555555
2021-01-16,3.4592013888888893
2021-01-17,2.9406250000000007
2021-01-18,3.752083333333333
2021-01-19,3.9048611111111122
2021-01-20,3.748958333333333
2021-01-21,3.618750000000001
2021-01-22,3.7388888888888894
2021-01-23,3.1083333333333325
2021-01-24,2.87986111111111
2021-01-25,3.8090277777777786
2021-01-26,3.6694444444444443
2021-01-27,3.7237847222222222
2021-01-28,3.911284722222224
2021-01-29,4.4696180555555545
2021-01-30,3.2821180555555567
2021-01-31,3.153125000000001
2021-02-01,3.7850694444444453
2021-02-02,3.9994791666666667
2021-02-03,4.132465277777777
2021-02-04,4.104861111111108
2021-02-05,4.071006944444444
2021-02-06,3.7710069444444447
2021-02-07,3.2505208333333315
2021-02-08,4.568229166666666
2021-02-09,4.375000000000001
2021-02-10,4.079513888888887
2021-02-11,3.778472222222222
2021-02-12,3.8317708333333336
2021-02-13,3.4340277777777786
2021-02-14,3.2190972222222225
2021-02-15,3.574652777777778
2021-02-16,3.5906249999999997
2021-02-17,3.9810763888888907
2021-02-18,3.8819444444444446
2021-02-19,4.070659722222223
2021-02-20,3.6347222222222215
2021-02-21,3.2034722222222207
2021-02-22,3.7907986111111107
2021-02-23,3.4767361111111117
2021-02-24,3.762847222222223
2021-02-25,3.833333333333332
2021-02-26,3.5473958333333324
2021-02-27,3.4374999999999996
2021-02-28,2.8671875
2021-03-01,3.5796875000000017
2021-03-02,3.807465277777778
2021-03-03,3.9306423611111114
2021-03-04,3.4125
2021-03-05,3.493402777777779
2021-03-06,3.0961805555555553
2021-03-07,2.9477430555555557
2021-03-08,3.4876736111111097
2021-03-09,3.500347222222223
2021-03-10,4.002777777777777
2021-03-11,3.6472222222222226
2021-03-12,3.6312499999999983
2021-03-13,3.2564236111111113
2021-03-14,3.2138888888888886
2021-03-15,3.5437499999999997
2021-03-16,3.6868055555555554
2021-03-17,3.642881944444443
2021-03-18,3.6645833333333324
2021-03-19,3.6104166666666657
2021-03-20,3.146354166666667
2021-03-21,2.764756944444444
2021-03-22,3.505729166666667
2021-03-23,3.529513888888889
2021-03-24,3.6159722222222235
2021-03-25,3.5605902777777785
2021-03-26,3.44375
2021-03-27,3.1703125000000014
2021-03-28,2.802083333333334
2021-03-29,3.5918402777777776
2021-03-30,3.7690972222222228
2021-03-31,3.8078125000000007
2021-04-01,3.7604166666666674
2021-04-02,3.4317708333333314
2021-04-03,3.0782986111111104
2021-04-04,2.729861111111111
2021-04-05,3.4923611111111117
2021-04-06,3.6244791666666676
2021-04-07,3.593229166666667
2021-04-08,3.4348958333333326
2021-04-09,3.5310763888888896
2021-04-10,3.3532986111111125
2021-04-11,2.917708333333335
2021-04-12,3.6328125
2021-04-13,3.831076388888888
2021-04-14,3.6428819444444467
2021-04-15,3.853993055555557
2021-04-16,3.459895833333334
2021-04-17,2.5982638888888885
2021-04-18,2.7298611111111106
2021-04-19,2.9453124999999987
2021-04-20,3.181423611111113
2021-04-21,2.9065972222222225
2021-04-22,3.1315972222222217
2021-04-23,3.1279513888888886
2021-04-24,2.702604166666667
2021-04-25,2.634375
2021-04-26,2.9885416666666664
2021-04-27,3.3069444444444454
2021-04-28,3.196354166666667
2021-04-29,3.0208333333333326
2021-04-30,3.2517361111111107
2021-05-01,2.8699652777777787
2021-05-02,2.546701388888889
2021-05-03,3.3434027777777775
2021-05-04,3.413020833333332
2021-05-05,3.594618055555555
2021-05-06,3.4708333333333328
2021-05-07,3.486284722222223
2021-05-08,3.1753472222222214
2021-05-09,2.785069444444444
2021-05-10,3.4897569444444456
2021-05-11,3.4628472222222215
2021-05-12,3.418229166666667
2021-05-13,3.2588541666666653
2021-05-14,3.1189236111111107
2021-05-15,2.553125000000001
2021-05-16,2.474305555555555
2021-05-17,3.0600694444444456
2021-05-18,2.7980902777777783
2021-05-19,3.3029513888888893
2021-05-20,2.71875
2021-05-21,2.5939236111111104
2021-05-22,2.1543402777777767
2021-05-23,2.1126736111111115
2021-05-24,2.6694444444444443
2021-05-25,2.643576388888889
2021-05-26,2.683854166666667
2021-05-27,2.568229166666667
2021-05-28,2.480555555555556
2021-05-29,2.007638888888889
2021-05-30,1.9710069444444447
2021-05-31,2.6375000000000006
2021-06-01,2.6600694444444453
2021-06-02,2.8770833333333337
2021-06-03,2.8765625000000004
2021-06-04,2.6873263888888883
2021-06-05,2.231770833333334
2021-06-06,2.136458333333334
2021-06-07,2.7276041666666675
2021-06-08,2.8246527777777786
2021-06-09,2.822916666666666
2021-06-10,2.826736111111112
2021-06-11,2.6246527777777775
2021-06-12,2.095833333333334
2021-06-13,2.1314236111111104
2021-06-14,2.835069444444445
2021-06-15,2.8951388888888885
2021-06-16,2.7739583333333333
2021-06-17,2.7362847222222224
2021-06-18,2.6284722222222228
2021-06-19,2.1670138888888895
2021-06-20,1.9329861111111108
2021-06-21,2.5114583333333327
2021-06-22,2.6123263888888877
2021-06-23,2.5053819444444447
2021-06-24,2.528125
2021-06-25,2.5281250000000015
2021-06-26,2.0255208333333328
2021-06-27,1.9505208333333333
2021-06-28,2.5071180555555554
2021-06-29,2.6409722222222216
2021-06-30,2.5244791666666675
2021-07-01,2.525
2021-07-02,2.4586805555555555
2021-07-03,2.1359375000000003
2021-07-04,1.9453125000000018
2021-07-05,2.4387152777777783
2021-07-06,2.634548611111112
2021-07-07,2.6064236111111105
2021-07-08,2.6157986111111113
2021-07-09,2.5927083333333334
2021-07-10,2.180555555555555
2021-07-11,1.9003472222222226
2021-07-12,2.5029513888888886
2021-07-13,2.6390625
2021-07-14,2.6907986111111106
2021-07-15,2.604166666666666
2021-07-16,2.5725694444444445
2021-07-17,2.083854166666667
2021-07-18,1.8713541666666667
2021-07-19,2.588715277777777
2021-07-20,2.665972222222223
2021-07-21,2.6923611111111114
2021-07-22,2.6100694444444454
2021-07-23,2.6519097222222228
2021-07-24,2.258854166666667
2021-07-25,2.012673611111111
2021-07-26,3.132465277777777
2021-07-27,2.816840277777778
2021-07-28,2.875868055555556
2021-07-29,3.0006944444444454
2021-07-30,2.8914930555555554
2021-07-31,2.3781250000000003
2021-08-01,2.1390625000000005
2021-08-02,2.738020833333333
2021-08-03,2.796875
2021-08-04,2.736111111111111
2021-08-05,2.841493055555556
2021-08-06,2.9486111111111097
2021-08-07,2.4387152777777783
2021-08-08,2.204513888888889
2021-08-09,2.931597222222221
2021-08-10,3.015277777777777
2021-08-11,3.006076388888889
2021-08-12,2.860416666666666
2021-08-13,2.997743055555556
2021-08-14,2.4168402777777773
2021-08-15,2.1234374999999996
2021-08-16,3.0350694444444444
2021-08-17,2.95954861111111
2021-08-18,2.85138888888889
2021-08-19,2.89357638888889
2021-08-20,3.153298611111111
2021-08-21,2.500520833333332
2021-08-22,2.1949652777777766
2021-08-23,3.1387152777777785
2021-08-24,3.0225694444444446
2021-08-25,3.0064236111111113
2021-08-26,2.9689236111111104
2021-08-27,2.930208333333333
2021-08-28,2.5177083333333328
2021-08-29,2.2090277777777776
2021-08-30,2.9253472222222214
2021-08-31,3.1736111111111103
2021-09-01,3.1732638888888896
2021-09-02,3.3144097222222215
2021-09-03,3.248090277777777
2021-09-04,2.6394097222222217
2021-09-05,2.355034722222222
2021-09-06,3.084548611111112
2021-09-07,3.2296874999999994
2021-09-08,3.100347222222222
2021-09-09,3.1708333333333347
2021-09-10,3.0531249999999996
2021-09-11,2.43125
2021-09-12,2.227430555555555
2021-09-13,2.9394097222222215
2021-09-14,3.0868055555555554
2021-09-15,3.212326388888888
2021-09-16,3.046701388888889
2021-09-17,3.0927083333333325
2021-09-18,2.652430555555556
2021-09-19,2.3060763888888896
2021-09-20,3.103125
2021-09-21,3.0296875
2021-09-22,2.9883680555555543
2021-09-23,3.1203124999999994
2021-09-24,3.1078124999999996
2021-09-25,2.468402777777779
2021-09-26,2.257291666666666
2021-09-27,2.9500000000000015
2021-09-28,3.0583333333333322
2021-09-29,2.8956597222222213
2021-09-30,3.272395833333332
2021-10-01,3.440277777777778
2021-10-02,2.8203125
2021-10-03,2.516493055555555
2021-10-04,3.0973958333333336
2021-10-05,3.6157986111111136
2021-10-06,3.628472222222221
2021-10-07,3.359375
2021-10-08,3.261805555555556
2021-10-09,2.6914930555555556
2021-10-10,2.479166666666666
2021-10-11,3.288715277777779
2021-10-12,3.251736111111111
2021-10-13,3.232986111111112
2021-10-14,3.313541666666666
2021-10-15,3.6887152777777765
2021-10-16,2.8593750000000004
2021-10-17,2.4803819444444444
2021-10-18,3.3789930555555556
2021-10-19,3.5310763888888883
2021-10-20,3.667534722222222
2021-10-21,3.421527777777779
2021-10-22,3.325347222222223
2021-10-23,2.615972222222223
2021-10-24,2.4685763888888883
2021-10-25,3.34861111111111
2021-10-26,3.3880208333333335
2021-10-27,3.3949652777777786
2021-10-28,3.4649305555555543
2021-10-29,3.5350694444444453
2021-10-30,2.917534722222222
2021-10-31,2.5911458333333335
2021-11-01,3.329687499999999
2021-11-02,3.4546875
2021-11-03,3.403819444444443
2021-11-04,3.3062499999999986
2021-11-05,3.3053819444444446
2021-11-06,2.7364583333333328
2021-11-07,2.628819444444445
2021-11-08,3.6621527777777776
2021-11-09,3.6611111111111114
2021-11-10,3.5598958333333335
2021-11-11,3.312673611111109
2021-11-12,3.292013888888889
2021-11-13,2.7918402777777778
2021-11-14,2.5550347222222225
2021-11-15,3.4034722222222205
2021-11-16,3.4803819444444457
2021-11-17,3.35295138888889
2021-11-18,3.3946180555555556
2021-11-19,3.311979166666666
2021-11-20,2.8678819444444446
2021-11-21,2.590798611111111
2021-11-22,3.3079861111111097
2021-11-23,3.3862847222222228
2021-11-24,3.3970486111111113
2021-11-25,3.3840277777777765
2021-11-26,3.313541666666667
2021-11-27,2.787326388888889
2021-11-28,2.4810763888888885
2021-11-29,3.506076388888888
2021-11-30,3.5557291666666675
2021-12-01,3.5116319444444453
2021-12-02,3.4032986111111097
2021-12-03,3.390972222222224
2021-12-04,2.9895833333333326
2021-12-05,2.474479166666666
2021-12-06,3.3197916666666667
2021-12-07,3.353124999999998
2021-12-08,3.1984375000000007
2021-12-09,3.213020833333333
2021-12-10,3.1600694444444453
2021-12-11,2.6374999999999997
2021-12-12,2.508506944444445
2021-12-13,3.2281250000000004
2021-12-14,3.288715277777778
2021-12-15,3.293923611111111
2021-12-16,3.1546875000000014
2021-12-17,3.133159722222224
2021-12-18,2.4916666666666667
2021-12-19,2.4152777777777774
2021-12-20,3.1736111111111103
2021-12-21,3.463888888888889
2021-12-22,3.338368055555554
2021-12-23,3.442534722222222
2021-12-24,3.087847222222223
2021-12-25,2.304340277777778
2021-12-26,2.317361111111111
2021-12-27,3.0432291666666678
2021-12-28,3.1647569444444446
2021-12-29,3.0885416666666674
2021-12-30,3.128472222222222
2021-12-31,2.829687499999999
2022-01-01,2.2178819444444433
2022-01-02,2.2855902777777786
2022-01-03,2.8963541666666672
2022-01-04,3.1184027777777774
2022-01-05,3.1914930555555556
2022-01-06,3.009201388888888
2022-01-07,2.998263888888889
2022-01-08,2.630034722222222
2022-01-09,2.4394097222222215
2022-01-10,3.1612847222222222
2022-01-11,3.2135416666666674
2022-01-12,3.1694444444444447
2022-01-13,3.170138888888888
2022-01-14,3.143749999999999
2022-01-15,2.733506944444444
2022-01-16,2.5170138888888887
2022-01-17,3.0500000000000003
2022-01-18,3.072048611111111
2022-01-19,3.126041666666666
2022-01-20,3.1793402777777793
2022-01-21,3.2326388888888893
2022-01-22,2.8388888888888903
2022-01-23,2.4151041666666666
2022-01-24,3.104687499999999
2022-01-25,3.120138888888889
2022-01-26,3.0428819444444444
2022-01-27,2.9789930555555544
2022-01-28,3.0694444444444433
2022-01-29,2.657812500000001
2022-01-30,2.439583333333333
2022-01-31,3.094791666666667
2022-02-01,3.196354166666666
2022-02-02,3.1717013888888865
2022-02-03,3.093402777777778
2022-02-04,3.1725694444444437
2022-02-05,2.8102430555555564
2022-02-06,2.4967013888888885
2022-02-07,3.1881944444444437
2022-02-08,3.193750000000001
2022-02-09,3.06875
2022-02-10,3.077083333333334
2022-02-11,3.000520833333333
2022-02-12,2.597916666666666
2022-02-13,2.445659722222222
2022-02-14,2.9699652777777783
2022-02-15,3.1749999999999994
2022-02-16,3.098437499999999
2022-02-17,3.0055555555555546
2022-02-18,3.005555555555557
2022-02-19,2.5581597222222223
2022-02-20,2.3366319444444446
2022-02-21,2.8093749999999993
2022-02-22,2.966666666666667
2022-02-23,2.919097222222223
2022-02-24,2.9791666666666656
2022-02-25,3.0008680555555554
2022-02-26,2.589062499999999
2022-02-27,2.40920138888889
2022-02-28,3.201909722222224
2022-03-01,3.469444444444442
2022-03-02,3.209548611111112
2022-03-03,3.1385416666666663
2022-03-04,3.040625
2022-03-05,2.6079861111111122
2022-03-06,2.414583333333334
2022-03-07,2.9890624999999993
2022-03-08,2.9631944444444454
2022-03-09,3.232118055555555
2022-03-10,2.995659722222221
2022-03-11,2.952777777777778
2022-03-12,2.6138888888888894
2022-03-13,2.4125
2022-03-14,3.0347222222222228
2022-03-15,3.1029513888888878
2022-03-16,3.2470486111111128
2022-03-17,3.167534722222221
2022-03-18,3.1402777777777775
2022-03-19,2.7206597222222215
2022-03-20,2.4486111111111106
2022-03-21,2.9809027777777786
2022-03-22,3.127256944444444
2022-03-23,3.0284722222222222
2022-03-24,3.2088541666666672
2022-03-25,3.2453125000000007
2022-03-26,2.673090277777778
2022-03-27,2.541319444444443
2022-03-28,3.388541666666667
2022-03-29,3.3366319444444446
2022-03-30,3.252777777777778
2022-03-31,3.310590277777777
2022-04-01,3.34375
2022-04-02,2.855729166666666
2022-04-03,2.5873263888888887
2022-04-04,3.2258680555555546
2022-04-05,3.1750000000000007
2022-04-06,3.165451388888888
2022-04-07,3.0923611111111122
2022-04-08,3.1267361111111125
2022-04-09,2.695138888888888
2022-04-10,2.500347222222222
2022-04-11,3.2178819444444446
2022-04-12,3.198437499999999
2022-04-13,3.2340277777777775
2022-04-14,3.095486111111111
2022-04-15,2.9508680555555546
2022-04-16,2.5972222222222228
2022-04-17,2.3944444444444453
2022-04-18,2.9149305555555554
2022-04-19,3.1638888888888883
2022-04-20,3.2968749999999996
2022-04-21,3.242708333333333
2022-04-22,3.1043402777777778
2022-04-23,2.714409722222222
2022-04-24,2.506944444444444
2022-04-25,3.209375
2022-04-26,3.2519097222222215
2022-04-27,3.262500000000001
2022-04-28,3.270659722222223
2022-04-29,3.358159722222222
2022-04-30,2.929166666666667
2022-05-01,2.3266666666666667
