DateTime,Wallet-User-Numbers
2011-11-29,2.0
2011-11-30,8.0
2011-12-01,13.0
2011-12-02,22.0
2011-12-03,23.0
2011-12-04,28.0
2011-12-05,28.0
2011-12-06,38.0
2011-12-07,58.0
2011-12-08,60.0
2011-12-09,80.0
2011-12-10,95.0
2011-12-11,112.0
2011-12-12,118.0
2011-12-13,127.0
2011-12-14,153.0
2011-12-15,185.0
2011-12-16,205.0
2011-12-17,213.0
2011-12-18,222.0
2011-12-19,229.0
2011-12-20,242.0
2011-12-21,265.0
2011-12-22,291.0
2011-12-23,318.0
2011-12-24,329.0
2011-12-25,337.0
2011-12-26,352.0
2011-12-27,369.0
2011-12-28,382.0
2011-12-29,400.0
2011-12-30,406.0
2011-12-31,406.0
2012-01-01,412.0
2012-01-02,420.0
2012-01-03,431.0
2012-01-04,451.0
2012-01-05,483.0
2012-01-06,497.0
2012-01-07,517.0
2012-01-08,556.0
2012-01-09,603.0
2012-01-10,635.0
2012-01-11,672.0
2012-01-12,710.0
2012-01-13,740.0
2012-01-14,758.0
2012-01-15,785.0
2012-01-16,836.0
2012-01-17,884.0
2012-01-18,926.0
2012-01-19,962.0
2012-01-20,991.0
2012-01-21,1029.0
2012-01-22,1071.0
2012-01-23,1111.0
2012-01-24,1163.0
2012-01-25,1169.0
2012-01-26,1184.0
2012-01-27,1217.0
2012-01-28,1242.0
2012-01-29,1268.0
2012-01-30,1294.0
2012-01-31,1329.0
2012-02-01,1364.0
2012-02-02,1392.0
2012-02-03,1425.0
2012-02-04,1463.0
2012-02-05,1514.0
2012-02-06,1551.0
2012-02-07,1587.0
2012-02-08,1626.0
2012-02-09,1666.0
2012-02-10,1713.0
2012-02-11,1745.0
2012-02-12,1772.0
2012-02-13,1815.0
2012-02-14,1845.0
2012-02-15,1861.0
2012-02-16,1894.0
2012-02-17,1943.0
2012-02-18,1967.0
2012-02-19,2003.0
2012-02-20,2043.0
2012-02-21,2078.0
2012-02-22,2108.0
2012-02-23,2139.0
2012-02-24,2159.0
2012-02-25,2159.0
2012-02-26,2170.0
2012-02-27,2213.0
2012-02-28,2253.0
2012-02-29,2282.0
2012-03-01,2314.0
2012-03-02,2356.0
2012-03-03,2409.0
2012-03-04,2435.0
2012-03-05,2480.0
2012-03-06,2537.0
2012-03-07,2567.0
2012-03-08,2614.0
2012-03-09,2665.0
2012-03-10,2692.0
2012-03-11,2728.0
2012-03-12,2758.0
2012-03-13,2794.0
2012-03-14,2825.0
2012-03-15,2861.0
2012-03-16,2893.0
2012-03-17,2935.0
2012-03-18,2968.0
2012-03-19,2997.0
2012-03-20,3041.0
2012-03-21,3076.0
2012-03-22,3117.0
2012-03-23,3148.0
2012-03-24,3186.0
2012-03-25,3219.0
2012-03-26,3257.0
2012-03-27,3329.0
2012-03-28,3415.0
2012-03-29,3493.0
2012-03-30,3558.0
2012-03-31,3590.0
2012-04-01,3636.0
2012-04-02,3708.0
2012-04-03,3772.0
2012-04-04,3815.0
2012-04-05,3872.0
2012-04-06,3967.0
2012-04-07,4039.0
2012-04-08,4113.0
2012-04-09,4168.0
2012-04-10,4234.0
2012-04-11,4294.0
2012-04-12,4348.0
2012-04-13,4408.0
2012-04-14,4453.0
2012-04-15,4511.0
2012-04-16,4559.0
2012-04-17,4611.0
2012-04-18,4690.0
2012-04-19,4741.0
2012-04-20,4795.0
2012-04-21,4857.0
2012-04-22,4966.0
2012-04-23,5046.0
2012-04-24,5139.0
2012-04-25,5211.0
2012-04-26,5364.0
2012-04-27,5566.0
2012-04-28,5679.0
2012-04-29,5767.0
2012-04-30,5798.0
2012-05-01,5798.0
2012-05-02,5816.0
2012-05-03,5897.0
2012-05-04,5993.0
2012-05-05,6053.0
2012-05-06,6127.0
2012-05-07,6220.0
2012-05-08,6309.0
2012-05-09,6392.0
2012-05-10,6476.0
2012-05-11,6552.0
2012-05-12,6612.0
2012-05-13,6683.0
2012-05-14,6754.0
2012-05-15,6827.0
2012-05-16,6912.0
2012-05-17,6984.0
2012-05-18,7067.0
2012-05-19,7122.0
2012-05-20,7202.0
2012-05-21,7296.0
2012-05-22,7370.0
2012-05-23,7409.0
2012-05-24,7489.0
2012-05-25,7571.0
2012-05-26,7644.0
2012-05-27,7697.0
2012-05-28,7774.0
2012-05-29,7857.0
2012-05-30,7969.0
2012-05-31,8039.0
2012-06-01,8121.0
2012-06-02,8178.0
2012-06-03,8266.0
2012-06-04,8346.0
2012-06-05,8431.0
2012-06-06,8497.0
2012-06-07,8574.0
2012-06-08,8666.0
2012-06-09,8773.0
2012-06-10,8862.0
2012-06-11,8946.0
2012-06-12,9046.0
2012-06-13,9160.0
2012-06-14,9257.0
2012-06-15,9370.0
2012-06-16,9464.0
2012-06-17,9541.0
2012-06-18,9665.0
2012-06-19,9748.0
2012-06-20,9868.0
2012-06-21,9963.0
2012-06-22,10072.0
2012-06-23,10172.0
2012-06-24,10250.0
2012-06-25,10358.0
2012-06-26,10473.0
2012-06-27,10600.0
2012-06-28,10725.0
2012-06-29,10826.0
2012-06-30,10910.0
2012-07-01,11015.0
2012-07-02,11098.0
2012-07-03,11216.0
2012-07-04,11347.0
2012-07-05,11454.0
2012-07-06,11572.0
2012-07-07,11698.0
2012-07-08,11806.0
2012-07-09,11955.0
2012-07-10,12108.0
2012-07-11,12257.0
2012-07-12,12415.0
2012-07-13,12591.0
2012-07-14,12748.0
2012-07-15,12878.0
2012-07-16,13024.0
2012-07-17,13203.0
2012-07-18,13403.0
2012-07-19,13586.0
2012-07-20,13780.0
2012-07-21,13949.0
2012-07-22,14063.0
2012-07-23,14183.0
2012-07-24,14337.0
2012-07-25,14475.0
2012-07-26,14609.0
2012-07-27,14724.0
2012-07-28,14828.0
2012-07-29,14927.0
2012-07-30,15050.0
2012-07-31,15197.0
2012-08-01,15340.0
2012-08-02,15459.0
2012-08-03,15603.0
2012-08-04,15728.0
2012-08-05,15852.0
2012-08-06,16003.0
2012-08-07,16174.0
2012-08-08,16320.0
2012-08-09,16475.0
2012-08-10,16625.0
2012-08-11,16744.0
2012-08-12,16878.0
2012-08-13,17036.0
2012-08-14,17217.0
2012-08-15,17440.0
2012-08-16,17674.0
2012-08-17,17883.0
2012-08-18,18058.0
2012-08-19,18211.0
2012-08-20,18405.0
2012-08-21,18642.0
2012-08-22,18863.0
2012-08-23,19093.0
2012-08-24,19301.0
2012-08-25,19477.0
2012-08-26,19669.0
2012-08-27,19855.0
2012-08-28,20032.0
2012-08-29,20245.0
2012-08-30,20430.0
2012-08-31,20614.0
2012-09-01,20792.0
2012-09-02,20938.0
2012-09-03,21134.0
2012-09-04,21335.0
2012-09-05,21526.0
2012-09-06,21778.0
2012-09-07,21987.0
2012-09-08,22176.0
2012-09-09,22353.0
2012-09-10,22570.0
2012-09-11,22766.0
2012-09-12,23015.0
2012-09-13,23227.0
2012-09-14,23432.0
2012-09-15,23630.0
2012-09-16,23842.0
2012-09-17,24071.0
2012-09-18,24310.0
2012-09-19,24596.0
2012-09-20,24866.0
2012-09-21,25063.0
2012-09-22,25257.0
2012-09-23,25464.0
2012-09-24,25702.0
2012-09-25,25986.0
2012-09-26,26265.0
2012-09-27,26538.0
2012-09-28,26842.0
2012-09-29,27123.0
2012-09-30,27400.0
2012-10-01,27727.0
2012-10-02,28121.0
2012-10-03,28480.0
2012-10-04,28812.0
2012-10-05,29106.0
2012-10-06,29356.0
2012-10-07,29609.0
2012-10-08,29928.0
2012-10-09,30263.0
2012-10-10,30585.0
2012-10-11,30926.0
2012-10-12,31268.0
2012-10-13,31537.0
2012-10-14,31837.0
2012-10-15,32152.0
2012-10-16,32425.0
2012-10-17,32750.0
2012-10-18,33083.0
2012-10-19,33375.0
2012-10-20,33651.0
2012-10-21,33923.0
2012-10-22,34211.0
2012-10-23,34567.0
2012-10-24,34857.0
2012-10-25,35121.0
2012-10-26,35384.0
2012-10-27,35650.0
2012-10-28,35907.0
2012-10-29,36152.0
2012-10-30,36435.0
2012-10-31,36707.0
2012-11-01,36986.0
2012-11-02,37221.0
2012-11-03,37402.0
2012-11-04,37670.0
2012-11-05,37913.0
2012-11-06,38182.0
2012-11-07,38461.0
2012-11-08,38724.0
2012-11-09,39033.0
2012-11-10,39270.0
2012-11-11,39516.0
2012-11-12,39759.0
2012-11-13,40018.0
2012-11-14,40324.0
2012-11-15,40615.0
2012-11-16,40958.0
2012-11-17,41301.0
2012-11-18,41639.0
2012-11-19,42017.0
2012-11-20,42435.0
2012-11-21,42831.0
2012-11-22,43199.0
2012-11-23,43500.0
2012-11-24,43761.0
2012-11-25,44089.0
2012-11-26,44421.0
2012-11-27,44808.0
2012-11-28,45223.0
2012-11-29,45698.0
2012-11-30,46109.0
2012-12-01,46429.0
2012-12-02,46813.0
2012-12-03,47184.0
2012-12-04,47612.0
2012-12-05,47988.0
2012-12-06,48336.0
2012-12-07,48720.0
2012-12-08,49068.0
2012-12-09,49364.0
2012-12-10,50056.0
2012-12-11,53179.0
2012-12-12,55906.0
2012-12-13,58142.0
2012-12-14,60270.0
2012-12-15,62038.0
2012-12-16,63254.0
2012-12-17,64693.0
2012-12-18,65840.0
2012-12-19,66978.0
2012-12-20,67838.0
2012-12-21,68657.0
2012-12-22,69660.0
2012-12-23,70669.0
2012-12-24,71688.0
2012-12-25,72414.0
2012-12-26,73096.0
2012-12-27,73919.0
2012-12-28,74807.0
2012-12-29,75685.0
2012-12-30,76563.0
2012-12-31,77232.0
2013-01-01,77841.0
2013-01-02,78671.0
2013-01-03,79328.0
2013-01-04,80035.0
2013-01-05,80581.0
2013-01-06,81304.0
2013-01-07,82264.0
2013-01-08,83175.0
2013-01-09,85046.0
2013-01-10,86754.0
2013-01-11,88104.0
2013-01-12,89315.0
2013-01-13,90370.0
2013-01-14,91358.0
2013-01-15,92287.0
2013-01-16,93134.0
2013-01-17,93966.0
2013-01-18,94797.0
2013-01-19,95662.0
2013-01-20,96434.0
2013-01-21,97204.0
2013-01-22,97978.0
2013-01-23,98690.0
2013-01-24,99409.0
2013-01-25,100137.0
2013-01-26,100846.0
2013-01-27,101624.0
2013-01-28,102401.0
2013-01-29,103131.0
2013-01-30,103901.0
2013-01-31,104616.0
2013-02-01,105386.0
2013-02-02,106166.0
2013-02-03,106934.0
2013-02-04,107601.0
2013-02-05,108332.0
2013-02-06,108911.0
2013-02-07,109733.0
2013-02-08,110457.0
2013-02-09,111151.0
2013-02-10,111857.0
2013-02-11,112616.0
2013-02-12,113372.0
2013-02-13,114095.0
2013-02-14,114874.0
2013-02-15,115694.0
2013-02-16,116575.0
2013-02-17,117423.0
2013-02-18,118419.0
2013-02-19,119379.0
2013-02-20,120283.0
2013-02-21,121141.0
2013-02-22,122017.0
2013-02-23,122845.0
2013-02-24,123763.0
2013-02-25,124685.0
2013-02-26,125534.0
2013-02-27,126468.0
2013-02-28,127323.0
2013-03-01,128295.0
2013-03-02,129129.0
2013-03-03,129904.0
2013-03-04,130804.0
2013-03-05,131891.0
2013-03-06,133101.0
2013-03-07,134344.0
2013-03-08,134908.0
2013-03-09,135956.0
2013-03-10,137064.0
2013-03-11,138195.0
2013-03-12,139373.0
2013-03-13,140235.0
2013-03-14,141235.0
2013-03-15,142158.0
2013-03-16,142930.0
2013-03-17,143822.0
2013-03-18,144807.0
2013-03-19,145918.0
2013-03-20,147332.0
2013-03-21,148934.0
2013-03-22,150484.0
2013-03-23,151985.0
2013-03-24,153442.0
2013-03-25,155040.0
2013-03-26,156702.0
2013-03-27,158841.0
2013-03-28,161197.0
2013-03-29,163619.0
2013-03-30,165764.0
2013-03-31,167617.0
2013-04-01,169896.0
2013-04-02,172965.0
2013-04-03,176862.0
2013-04-04,180768.0
2013-04-05,183747.0
2013-04-06,186328.0
2013-04-07,189100.0
2013-04-08,193799.0
2013-04-09,197846.0
2013-04-10,203419.0
2013-04-11,208598.0
2013-04-12,212774.0
2013-04-13,215661.0
2013-04-14,218263.0
2013-04-15,220869.0
2013-04-16,223363.0
2013-04-17,225727.0
2013-04-18,226475.0
2013-04-19,228489.0
2013-04-20,230333.0
2013-04-21,232115.0
2013-04-22,233959.0
2013-04-23,235602.0
2013-04-24,237368.0
2013-04-25,239046.0
2013-04-26,240714.0
2013-04-27,242215.0
2013-04-28,243762.0
2013-04-29,245294.0
2013-04-30,246826.0
2013-05-01,248307.0
2013-05-02,249957.0
2013-05-03,251776.0
2013-05-04,253614.0
2013-05-05,255348.0
2013-05-06,257232.0
2013-05-07,258958.0
2013-05-08,260728.0
2013-05-09,262339.0
2013-05-10,263783.0
2013-05-11,265186.0
2013-05-12,266765.0
2013-05-13,268371.0
2013-05-14,269829.0
2013-05-15,271342.0
2013-05-16,272722.0
2013-05-17,274062.0
2013-05-18,275525.0
2013-05-19,277091.0
2013-05-20,278632.0
2013-05-21,280219.0
2013-05-22,281617.0
2013-05-23,283029.0
2013-05-24,284200.0
2013-05-25,285423.0
2013-05-26,286595.0
2013-05-27,287882.0
2013-05-28,289335.0
2013-05-29,290897.0
2013-05-30,292370.0
2013-05-31,293740.0
2013-06-01,294983.0
2013-06-02,296314.0
2013-06-03,297719.0
2013-06-04,299174.0
2013-06-05,300570.0
2013-06-06,301864.0
2013-06-07,303259.0
2013-06-08,304451.0
2013-06-09,305653.0
2013-06-10,306999.0
2013-06-11,308385.0
2013-06-12,309714.0
2013-06-13,310990.0
2013-06-14,312151.0
2013-06-15,313209.0
2013-06-16,314217.0
2013-06-17,315322.0
2013-06-18,316640.0
2013-06-19,318057.0
2013-06-20,319312.0
2013-06-21,320559.0
2013-06-22,321597.0
2013-06-23,322614.0
2013-06-24,323859.0
2013-06-25,325294.0
2013-06-26,326553.0
2013-06-27,327848.0
2013-06-28,329239.0
2013-06-29,330442.0
2013-06-30,332040.0
2013-07-01,334016.0
2013-07-02,335965.0
2013-07-03,337567.0
2013-07-04,338907.0
2013-07-05,340206.0
2013-07-06,341371.0
2013-07-07,342417.0
2013-07-08,343646.0
2013-07-09,344952.0
2013-07-10,346149.0
2013-07-11,347329.0
2013-07-12,348460.0
2013-07-13,349434.0
2013-07-14,350362.0
2013-07-15,351533.0
2013-07-16,352753.0
2013-07-17,353926.0
2013-07-18,355156.0
2013-07-19,356243.0
2013-07-20,357213.0
2013-07-21,358155.0
2013-07-22,359347.0
2013-07-23,360592.0
2013-07-24,361838.0
2013-07-25,363091.0
2013-07-26,364284.0
2013-07-27,365395.0
2013-07-28,366423.0
2013-07-29,367646.0
2013-07-30,369006.0
2013-07-31,370519.0
2013-08-01,371815.0
2013-08-02,373038.0
2013-08-03,374182.0
2013-08-04,375222.0
2013-08-05,376431.0
2013-08-06,377726.0
2013-08-07,379063.0
2013-08-08,380319.0
2013-08-09,381557.0
2013-08-10,382833.0
2013-08-11,383949.0
2013-08-12,385119.0
2013-08-13,386577.0
2013-08-14,388072.0
2013-08-15,389809.0
2013-08-16,391829.0
2013-08-17,393672.0
2013-08-18,395141.0
2013-08-19,396925.0
2013-08-20,398725.0
2013-08-21,400578.0
2013-08-22,402296.0
2013-08-23,403858.0
2013-08-24,405133.0
2013-08-25,406360.0
2013-08-26,407743.0
2013-08-27,409400.0
2013-08-28,411079.0
2013-08-29,412433.0
2013-08-30,413824.0
2013-08-31,414788.0
2013-09-01,415799.0
2013-09-02,417062.0
2013-09-03,418399.0
2013-09-04,419671.0
2013-09-05,420883.0
2013-09-06,422071.0
2013-09-07,423130.0
2013-09-08,424219.0
2013-09-09,425379.0
2013-09-10,426674.0
2013-09-11,427888.0
2013-09-12,429173.0
2013-09-13,430380.0
2013-09-14,431522.0
2013-09-15,432581.0
2013-09-16,433766.0
2013-09-17,434971.0
2013-09-18,436205.0
2013-09-19,437254.0
2013-09-20,438608.0
2013-09-21,440206.0
2013-09-22,441632.0
2013-09-23,443231.0
2013-09-24,444706.0
2013-09-25,446106.0
2013-09-26,447429.0
2013-09-27,448624.0
2013-09-28,449762.0
2013-09-29,450981.0
2013-09-30,452302.0
2013-10-01,453632.0
2013-10-02,454922.0
2013-10-03,456551.0
2013-10-04,458047.0
2013-10-05,459494.0
2013-10-06,460788.0
2013-10-07,462433.0
2013-10-08,464162.0
2013-10-09,465905.0
2013-10-10,467568.0
2013-10-11,468965.0
2013-10-12,470138.0
2013-10-13,471401.0
2013-10-14,472830.0
2013-10-15,474334.0
2013-10-16,476047.0
2013-10-17,477646.0
2013-10-18,479219.0
2013-10-19,480756.0
2013-10-20,482262.0
2013-10-21,483986.0
2013-10-22,485945.0
2013-10-23,488053.0
2013-10-24,490080.0
2013-10-25,491714.0
2013-10-26,493193.0
2013-10-27,494768.0
2013-10-28,496918.0
2013-10-29,504006.0
2013-10-30,509117.0
2013-10-31,513288.0
2013-11-01,516337.0
2013-11-02,519112.0
2013-11-03,521533.0
2013-11-04,524402.0
2013-11-05,527652.0
2013-11-06,531463.0
2013-11-07,535666.0
2013-11-08,539738.0
2013-11-09,543736.0
2013-11-10,546940.0
2013-11-11,550257.0
2013-11-12,553565.0
2013-11-13,557524.0
2013-11-14,561947.0
2013-11-15,566436.0
2013-11-16,570436.0
2013-11-17,575357.0
2013-11-18,583044.0
2013-11-19,596702.0
2013-11-20,607402.0
2013-11-21,616059.0
2013-11-22,623968.0
2013-11-23,631898.0
2013-11-24,638570.0
2013-11-25,645789.0
2013-11-26,653577.0
2013-11-27,663348.0
2013-11-28,678886.0
2013-11-29,694872.0
2013-11-30,708388.0
2013-12-01,718599.0
2013-12-02,741665.0
2013-12-03,755687.0
2013-12-04,767382.0
2013-12-05,777608.0
2013-12-06,786923.0
2013-12-07,794745.0
2013-12-08,801843.0
2013-12-09,810041.0
2013-12-10,821523.0
2013-12-11,829805.0
2013-12-12,838027.0
2013-12-13,846553.0
2013-12-14,853955.0
2013-12-15,861377.0
2013-12-16,869865.0
2013-12-17,879670.0
2013-12-18,888153.0
2013-12-19,896214.0
2013-12-20,902669.0
2013-12-21,908911.0
2013-12-22,915642.0
2013-12-23,922183.0
2013-12-24,928384.0
2013-12-25,934240.0
2013-12-26,939985.0
2013-12-27,945649.0
2013-12-28,950868.0
2013-12-29,956185.0
2013-12-30,962069.0
2013-12-31,966885.0
2014-01-01,970765.0
2014-01-02,976051.0
2014-01-03,981868.0
2014-01-04,987716.0
2014-01-05,993338.0
2014-01-06,1000366.0
2014-01-07,1007391.0
2014-01-08,1014419.0
2014-01-09,1021081.0
2014-01-10,1027056.0
2014-01-11,1032586.0
2014-01-12,1038211.0
2014-01-13,1044258.0
2014-01-14,1050364.0
2014-01-15,1056556.0
2014-01-16,1063202.0
2014-01-17,1069475.0
2014-01-18,1076470.0
2014-01-19,1081937.0
2014-01-20,1087787.0
2014-01-21,1094815.0
2014-01-22,1102199.0
2014-01-23,1109187.0
2014-01-24,1118105.0
2014-01-25,1124732.0
2014-01-26,1130663.0
2014-01-27,1136756.0
2014-01-28,1143759.0
2014-01-29,1151305.0
2014-01-30,1158069.0
2014-01-31,1163953.0
2014-02-01,1169501.0
2014-02-02,1175250.0
2014-02-03,1181265.0
2014-02-04,1187610.0
2014-02-05,1193990.0
2014-02-06,1200142.0
2014-02-07,1206549.0
2014-02-08,1212010.0
2014-02-09,1217715.0
2014-02-10,1224187.0
2014-02-11,1230466.0
2014-02-12,1235899.0
2014-02-13,1241386.0
2014-02-14,1246606.0
2014-02-15,1251598.0
2014-02-16,1256708.0
2014-02-17,1260750.0
2014-02-18,1266787.0
2014-02-19,1272388.0
2014-02-20,1278074.0
2014-02-21,1283125.0
2014-02-22,1287551.0
2014-02-23,1292316.0
2014-02-24,1297395.0
2014-02-25,1303810.0
2014-02-26,1309676.0
2014-02-27,1315180.0
2014-02-28,1320250.0
2014-03-01,1325084.0
2014-03-02,1329950.0
2014-03-03,1334887.0
2014-03-04,1340251.0
2014-03-05,1345391.0
2014-03-06,1350166.0
2014-03-07,1355221.0
2014-03-08,1359174.0
2014-03-09,1362925.0
2014-03-10,1367298.0
2014-03-11,1371223.0
2014-03-12,1375583.0
2014-03-13,1379940.0
2014-03-14,1383969.0
2014-03-15,1387579.0
2014-03-16,1391529.0
2014-03-17,1395609.0
2014-03-18,1395653.0
2014-03-19,1398541.0
2014-03-20,1403048.0
2014-03-21,1407251.0
2014-03-22,1411232.0
2014-03-23,1415047.0
2014-03-24,1419150.0
2014-03-25,1423642.0
2014-03-26,1428415.0
2014-03-27,1432812.0
2014-03-28,1436682.0
2014-03-29,1440281.0
2014-03-30,1443948.0
2014-03-31,1448143.0
2014-04-01,1451982.0
2014-04-02,1455667.0
2014-04-03,1459364.0
2014-04-04,1462892.0
2014-04-05,1466318.0
2014-04-06,1469806.0
2014-04-07,1473588.0
2014-04-08,1477320.0
2014-04-09,1481350.0
2014-04-10,1485378.0
2014-04-11,1490494.0
2014-04-12,1493700.0
2014-04-13,1497044.0
2014-04-14,1500777.0
2014-04-15,1504640.0
2014-04-16,1508504.0
2014-04-17,1512017.0
2014-04-18,1515608.0
2014-04-19,1518969.0
2014-04-20,1523486.0
2014-04-21,1526798.0
2014-04-22,1530749.0
2014-04-23,1534956.0
2014-04-24,1538908.0
2014-04-25,1542893.0
2014-04-26,1546871.0
2014-04-27,1550878.0
2014-04-28,1554732.0
2014-04-29,1558676.0
2014-04-30,1562212.0
2014-05-01,1565426.0
2014-05-02,1568687.0
2014-05-03,1571997.0
2014-05-04,1575308.0
2014-05-05,1578831.0
2014-05-06,1582868.0
2014-05-07,1586766.0
2014-05-08,1590435.0
2014-05-09,1593737.0
2014-05-10,1596786.0
2014-05-11,1599792.0
2014-05-12,1603225.0
2014-05-13,1606735.0
2014-05-14,1610679.0
2014-05-15,1614349.0
2014-05-16,1617504.0
2014-05-17,1620557.0
2014-05-18,1623695.0
2014-05-19,1627280.0
2014-05-20,1630948.0
2014-05-21,1634540.0
2014-05-22,1638215.0
2014-05-23,1641667.0
2014-05-24,1644710.0
2014-05-25,1647891.0
2014-05-26,1651897.0
2014-05-27,1655830.0
2014-05-28,1660245.0
2014-05-29,1664442.0
2014-05-30,1668573.0
2014-05-31,1672398.0
2014-06-01,1675841.0
2014-06-02,1680069.0
2014-06-03,1684203.0
2014-06-04,1688351.0
2014-06-05,1692160.0
2014-06-06,1696012.0
2014-06-07,1699443.0
2014-06-08,1703187.0
2014-06-09,1707220.0
2014-06-10,1711347.0
2014-06-11,1715846.0
2014-06-12,1720129.0
2014-06-13,1724098.0
2014-06-14,1727532.0
2014-06-15,1731308.0
2014-06-16,1735471.0
2014-06-17,1740222.0
2014-06-18,1744305.0
2014-06-19,1748219.0
2014-06-20,1752029.0
2014-06-21,1755717.0
2014-06-22,1759074.0
2014-06-23,1762878.0
2014-06-24,1766949.0
2014-06-25,1770973.0
2014-06-26,1775116.0
2014-06-27,1779103.0
2014-06-28,1782880.0
2014-06-29,1786685.0
2014-06-30,1791263.0
2014-07-01,1795938.0
2014-07-02,1800748.0
2014-07-03,1805638.0
2014-07-04,1809955.0
2014-07-05,1813637.0
2014-07-06,1817503.0
2014-07-07,1821881.0
2014-07-08,1826405.0
2014-07-09,1831024.0
2014-07-10,1835713.0
2014-07-11,1840140.0
2014-07-12,1844181.0
2014-07-13,1847903.0
2014-07-14,1852238.0
2014-07-15,1856572.0
2014-07-16,1860837.0
2014-07-17,1865266.0
2014-07-18,1869646.0
2014-07-19,1873719.0
2014-07-20,1878182.0
2014-07-21,1882933.0
2014-07-22,1887510.0
2014-07-23,1892183.0
2014-07-24,1896770.0
2014-07-25,1901107.0
2014-07-26,1905232.0
2014-07-27,1909047.0
2014-07-28,1913748.0
2014-07-29,1922272.0
2014-07-30,1930905.0
2014-07-31,1937615.0
2014-08-01,1943654.0
2014-08-02,1949629.0
2014-08-03,1954683.0
2014-08-04,1961867.0
2014-08-05,1970816.0
2014-08-06,1978691.0
2014-08-07,1984961.0
2014-08-08,1990454.0
2014-08-09,1995407.0
2014-08-10,2000256.0
2014-08-11,2005514.0
2014-08-12,2011246.0
2014-08-13,2017054.0
2014-08-14,2022619.0
2014-08-15,2027773.0
2014-08-16,2032708.0
2014-08-17,2037795.0
2014-08-18,2043581.0
2014-08-19,2049465.0
2014-08-20,2055092.0
2014-08-21,2060507.0
2014-08-22,2066099.0
2014-08-23,2070778.0
2014-08-24,2075606.0
2014-08-25,2081034.0
2014-08-26,2086767.0
2014-08-27,2092230.0
2014-08-28,2097947.0
2014-08-29,2103178.0
2014-08-30,2107985.0
2014-08-31,2114088.0
2014-09-01,2118964.0
2014-09-02,2125124.0
2014-09-03,2130197.0
2014-09-04,2135769.0
2014-09-05,2140651.0
2014-09-06,2145615.0
2014-09-07,2158632.0
2014-09-08,2164136.0
2014-09-09,2169931.0
2014-09-10,2175346.0
2014-09-11,2180081.0
2014-09-12,2184552.0
2014-09-13,2188693.0
2014-09-14,2193477.0
2014-09-15,2198181.0
2014-09-16,2203182.0
2014-09-17,2207905.0
2014-09-18,2212540.0
2014-09-19,2218905.0
2014-09-20,2222984.0
2014-09-21,2227543.0
2014-09-22,2232406.0
2014-09-23,2237581.0
2014-09-24,2242964.0
2014-09-25,2248618.0
2014-09-26,2253475.0
2014-09-27,2257716.0
2014-09-28,2262294.0
2014-09-29,2267085.0
2014-09-30,2271978.0
2014-10-01,2276636.0
2014-10-02,2281135.0
2014-10-03,2285468.0
2014-10-04,2289712.0
2014-10-05,2294746.0
2014-10-06,2299839.0
2014-10-07,2305242.0
2014-10-08,2310933.0
2014-10-09,2316618.0
2014-10-10,2321603.0
2014-10-11,2326689.0
2014-10-12,2331810.0
2014-10-13,2336999.0
2014-10-14,2342157.0
2014-10-15,2347111.0
2014-10-16,2352582.0
2014-10-17,2357177.0
2014-10-18,2361569.0
2014-10-19,2366318.0
2014-10-20,2370886.0
2014-10-21,2376258.0
2014-10-22,2381387.0
2014-10-23,2385891.0
2014-10-24,2390219.0
2014-10-25,2394480.0
2014-10-26,2399236.0
2014-10-27,2407862.0
2014-10-28,2412721.0
2014-10-29,2417787.0
2014-10-30,2422956.0
2014-10-31,2428297.0
2014-11-01,2432909.0
2014-11-02,2437743.0
2014-11-03,2442649.0
2014-11-04,2447677.0
2014-11-05,2452837.0
2014-11-06,2457672.0
2014-11-07,2462589.0
2014-11-08,2467532.0
2014-11-09,2472448.0
2014-11-10,2477509.0
2014-11-11,2482915.0
2014-11-12,2488094.0
2014-11-13,2493727.0
2014-11-14,2499028.0
2014-11-15,2504332.0
2014-11-16,2509233.0
2014-11-17,2514428.0
2014-11-18,2519771.0
2014-11-19,2524914.0
2014-11-20,2529796.0
2014-11-21,2534878.0
2014-11-22,2539735.0
2014-11-23,2544836.0
2014-11-24,2549601.0
2014-11-25,2554674.0
2014-11-26,2560435.0
2014-11-27,2564992.0
2014-11-28,2569340.0
2014-11-29,2573701.0
2014-11-30,2578398.0
2014-12-01,2583362.0
2014-12-02,2588840.0
2014-12-03,2593733.0
2014-12-04,2599020.0
2014-12-05,2604407.0
2014-12-06,2608811.0
2014-12-07,2613340.0
2014-12-08,2618587.0
2014-12-09,2623710.0
2014-12-10,2628460.0
2014-12-11,2633643.0
2014-12-12,2638426.0
2014-12-13,2643050.0
2014-12-14,2647972.0
2014-12-15,2652862.0
2014-12-16,2657865.0
2014-12-17,2662926.0
2014-12-18,2667321.0
2014-12-19,2671548.0
2014-12-20,2675488.0
2014-12-21,2679956.0
2014-12-22,2685403.0
2014-12-23,2690142.0
2014-12-24,2694455.0
2014-12-25,2698222.0
2014-12-26,2702310.0
2014-12-27,2706304.0
2014-12-28,2710429.0
2014-12-29,2715465.0
2014-12-30,2719717.0
2014-12-31,2723272.0
2015-01-01,2726154.0
2015-01-02,2730066.0
2015-01-03,2734236.0
2015-01-04,2738654.0
2015-01-05,2743273.0
2015-01-06,2747920.0
2015-01-07,2752885.0
2015-01-08,2757765.0
2015-01-09,2763084.0
2015-01-10,2768262.0
2015-01-11,2773180.0
2015-01-12,2779043.0
2015-01-13,2783890.0
2015-01-14,2788850.0
2015-01-15,2793579.0
2015-01-16,2798054.0
2015-01-17,2802278.0
2015-01-18,2806605.0
2015-01-19,2811208.0
2015-01-20,2815937.0
2015-01-21,2820708.0
2015-01-22,2825099.0
2015-01-23,2829833.0
2015-01-24,2834247.0
2015-01-25,2838958.0
2015-01-26,2844400.0
2015-01-27,2849577.0
2015-01-28,2854516.0
2015-01-29,2860738.0
2015-01-30,2865410.0
2015-01-31,2869986.0
2015-02-01,2874618.0
2015-02-02,2879200.0
2015-02-03,2884217.0
2015-02-04,2888857.0
2015-02-05,2893599.0
2015-02-06,2898259.0
2015-02-07,2902737.0
2015-02-08,2907075.0
2015-02-09,2912046.0
2015-02-10,2917033.0
2015-02-11,2922162.0
2015-02-12,2929390.0
2015-02-13,2937837.0
2015-02-14,2945869.0
2015-02-15,2950855.0
2015-02-16,2956335.0
2015-02-17,2963555.0
2015-02-18,2970780.0
2015-02-19,2977411.0
2015-02-20,2985497.0
2015-02-21,2992923.0
2015-02-22,3000013.0
2015-02-23,3005138.0
2015-02-24,3010723.0
2015-02-25,3016006.0
2015-02-26,3020872.0
2015-02-27,3025567.0
2015-02-28,3029971.0
2015-03-01,3034588.0
2015-03-02,3039526.0
2015-03-03,3044636.0
2015-03-04,3050041.0
2015-03-05,3055406.0
2015-03-06,3060081.0
2015-03-07,3065109.0
2015-03-08,3069787.0
2015-03-09,3074557.0
2015-03-10,3079550.0
2015-03-11,3084290.0
2015-03-12,3089404.0
2015-03-13,3094389.0
2015-03-14,3098868.0
2015-03-15,3103168.0
2015-03-16,3107910.0
2015-03-17,3112613.0
2015-03-18,3117033.0
2015-03-19,3121374.0
2015-03-20,3125378.0
2015-03-21,3129263.0
2015-03-22,3133429.0
2015-03-23,3138102.0
2015-03-24,3142557.0
2015-03-25,3146872.0
2015-03-26,3151518.0
2015-03-27,3157241.0
2015-03-28,3161766.0
2015-03-29,3166526.0
2015-03-30,3171970.0
2015-03-31,3177707.0
2015-04-01,3183329.0
2015-04-02,3188600.0
2015-04-03,3193831.0
2015-04-04,3199026.0
2015-04-05,3203649.0
2015-04-06,3208776.0
2015-04-07,3214524.0
2015-04-08,3219437.0
2015-04-09,3224922.0
2015-04-10,3230462.0
2015-04-11,3234996.0
2015-04-12,3239625.0
2015-04-13,3244947.0
2015-04-14,3250058.0
2015-04-15,3255153.0
2015-04-16,3260309.0
2015-04-17,3265137.0
2015-04-18,3269978.0
2015-04-19,3274244.0
2015-04-20,3279011.0
2015-04-21,3284127.0
2015-04-22,3289120.0
2015-04-23,3294361.0
2015-04-24,3299459.0
2015-04-25,3305388.0
2015-04-26,3310653.0
2015-04-27,3315533.0
2015-04-28,3320401.0
2015-04-29,3325183.0
2015-04-30,3329868.0
2015-05-01,3334318.0
2015-05-02,3338506.0
2015-05-03,3342704.0
2015-05-04,3347618.0
2015-05-05,3356144.0
2015-05-06,3360999.0
2015-05-07,3367895.0
2015-05-08,3372534.0
2015-05-09,3376484.0
2015-05-10,3380972.0
2015-05-11,3386200.0
2015-05-12,3391659.0
2015-05-13,3396825.0
2015-05-14,3401823.0
2015-05-15,3406874.0
2015-05-16,3411578.0
2015-05-17,3416442.0
2015-05-18,3421590.0
2015-05-19,3426967.0
2015-05-20,3432989.0
2015-05-21,3439189.0
2015-05-22,3444694.0
2015-05-23,3449943.0
2015-05-24,3455075.0
2015-05-25,3461126.0
2015-05-26,3467023.0
2015-05-27,3472705.0
2015-05-28,3480210.0
2015-05-29,3485729.0
2015-05-30,3490449.0
2015-05-31,3495018.0
2015-06-01,3500077.0
2015-06-02,3505036.0
2015-06-03,3511027.0
2015-06-04,3516140.0
2015-06-05,3521147.0
2015-06-06,3526054.0
2015-06-07,3529529.0
2015-06-08,3534606.0
2015-06-09,3540083.0
2015-06-10,3545295.0
2015-06-11,3551064.0
2015-06-12,3555894.0
2015-06-13,3560971.0
2015-06-14,3565797.0
2015-06-15,3571055.0
2015-06-16,3576808.0
2015-06-17,3583017.0
2015-06-18,3589704.0
2015-06-19,3595963.0
2015-06-20,3601449.0
2015-06-21,3607698.0
2015-06-22,3613832.0
2015-06-23,3619636.0
2015-06-24,3625728.0
2015-06-25,3631878.0
2015-06-26,3637953.0
2015-06-27,3643621.0
2015-06-28,3648675.0
2015-06-29,3654521.0
2015-06-30,3666010.0
2015-07-01,3672238.0
2015-07-02,3678446.0
2015-07-03,3684712.0
2015-07-04,3691609.0
2015-07-05,3696670.0
2015-07-06,3703034.0
2015-07-07,3709806.0
2015-07-08,3716621.0
2015-07-09,3723311.0
2015-07-10,3732816.0
2015-07-11,3739207.0
2015-07-12,3745241.0
2015-07-13,3751805.0
2015-07-14,3790367.0
2015-07-15,3797826.0
2015-07-16,3803686.0
2015-07-17,3809138.0
2015-07-18,3814317.0
2015-07-19,3820052.0
2015-07-20,3826491.0
2015-07-21,3833426.0
2015-07-22,3839985.0
2015-07-23,3846817.0
2015-07-24,3853422.0
2015-07-25,3859171.0
2015-07-26,3865405.0
2015-07-27,3872002.0
2015-07-28,3878394.0
2015-07-29,3885141.0
2015-07-30,3891830.0
2015-07-31,3897914.0
2015-08-01,3903592.0
2015-08-02,3912526.0
2015-08-03,3919540.0
2015-08-04,3926950.0
2015-08-05,3933656.0
2015-08-06,3939766.0
2015-08-07,3945526.0
2015-08-08,3950759.0
2015-08-09,3956107.0
2015-08-10,3961954.0
2015-08-11,3968223.0
2015-08-12,3975331.0
2015-08-13,3984562.0
2015-08-14,3991048.0
2015-08-15,3996755.0
2015-08-16,4004155.0
2015-08-17,4010440.0
2015-08-18,4017248.0
2015-08-19,4023883.0
2015-08-20,4036635.0
2015-08-21,4065426.0
2015-08-22,4088174.0
2015-08-23,4095100.0
2015-08-24,4101954.0
2015-08-25,4113830.0
2015-08-26,4121710.0
2015-08-27,4128152.0
2015-08-28,4134777.0
2015-08-29,4140784.0
2015-08-30,4146673.0
2015-08-31,4153093.0
2015-09-01,4159985.0
2015-09-02,4166582.0
2015-09-03,4173275.0
2015-09-04,4176098.0
2015-09-05,4182841.0
2015-09-06,4189121.0
2015-09-07,4195635.0
2015-09-08,4202009.0
2015-09-09,4208444.0
2015-09-10,4215298.0
2015-09-11,4222150.0
2015-09-12,4228337.0
2015-09-13,4244070.0
2015-09-14,4251709.0
2015-09-15,4259086.0
2015-09-16,4266730.0
2015-09-17,4273816.0
2015-09-18,4280754.0
2015-09-19,4288079.0
2015-09-20,4296473.0
2015-09-21,4303881.0
2015-09-22,4311247.0
2015-09-23,4318568.0
2015-09-24,4325864.0
2015-09-25,4332591.0
2015-09-26,4339229.0
2015-09-27,4345824.0
2015-09-28,4353659.0
2015-09-29,4362605.0
2015-09-30,4372219.0
2015-10-01,4382134.0
2015-10-02,4391799.0
2015-10-03,4399506.0
2015-10-04,4407020.0
2015-10-05,4415032.0
2015-10-06,4427982.0
2015-10-07,4439625.0
2015-10-08,4449533.0
2015-10-09,4478025.0
2015-10-10,4486171.0
2015-10-11,4493934.0
2015-10-12,4504330.0
2015-10-13,4516989.0
2015-10-14,4528285.0
2015-10-15,4538391.0
2015-10-16,4547466.0
2015-10-17,4556219.0
2015-10-18,4565229.0
2015-10-19,4575077.0
2015-10-20,4584778.0
2015-10-21,4593770.0
2015-10-22,4602627.0
2015-10-23,4611251.0
2015-10-24,4619591.0
2015-10-25,4627736.0
2015-10-26,4633433.0
2015-10-27,4642084.0
2015-10-28,4653806.0
2015-10-29,4665697.0
2015-10-30,4677539.0
2015-10-31,4688287.0
2015-11-01,4698167.0
2015-11-02,4711290.0
2015-11-03,4724172.0
2015-11-04,4738010.0
2015-11-05,4750692.0
2015-11-06,4762528.0
2015-11-07,4772823.0
2015-11-08,4782986.0
2015-11-09,4793746.0
2015-11-10,4804531.0
2015-11-11,4814378.0
2015-11-12,4824260.0
2015-11-13,4833613.0
2015-11-14,4843010.0
2015-11-15,4852513.0
2015-11-16,4862637.0
2015-11-17,4873149.0
2015-11-18,4884841.0
2015-11-19,4898222.0
2015-11-20,4910696.0
2015-11-21,4921707.0
2015-11-22,4933602.0
2015-11-23,4945865.0
2015-11-24,4956487.0
2015-11-25,4967936.0
2015-11-26,4978961.0
2015-11-27,4990347.0
2015-11-28,5001270.0
2015-11-29,5011010.0
2015-11-30,5022931.0
2015-12-01,5034030.0
2015-12-02,5047389.0
2015-12-03,5060672.0
2015-12-04,5073123.0
2015-12-05,5085312.0
2015-12-06,5098858.0
2015-12-07,5117468.0
2015-12-08,5132084.0
2015-12-09,5151568.0
2015-12-10,5163651.0
2015-12-11,5177930.0
2015-12-12,5194282.0
2015-12-13,5208921.0
2015-12-14,5221808.0
2015-12-15,5234373.0
2015-12-16,5247121.0
2015-12-17,5260152.0
2015-12-18,5276188.0
2015-12-19,5289744.0
2015-12-20,5300870.0
2015-12-21,5317902.0
2015-12-22,5330509.0
2015-12-23,5343955.0
2015-12-24,5356882.0
2015-12-25,5368911.0
2015-12-26,5380917.0
2015-12-27,5393406.0
2015-12-28,5404163.0
2015-12-29,5416587.0
2015-12-30,5428667.0
2015-12-31,5439181.0
2016-01-01,5445725.0
2016-01-02,5454997.0
2016-01-03,5464819.0
2016-01-04,5478743.0
2016-01-05,5494195.0
2016-01-06,5516648.0
2016-01-07,5528591.0
2016-01-08,5545336.0
2016-01-09,5555945.0
2016-01-10,5607033.0
2016-01-11,5626227.0
2016-01-12,5647934.0
2016-01-13,5687111.0
2016-01-14,5698571.0
2016-01-15,5708925.0
2016-01-16,5718538.0
2016-01-17,5727557.0
2016-01-18,5737505.0
2016-01-19,5748099.0
2016-01-20,5758594.0
2016-01-21,5769550.0
2016-01-22,5780498.0
2016-01-23,5790790.0
2016-01-24,5800319.0
2016-01-25,5811068.0
2016-01-26,5821858.0
2016-01-27,5832080.0
2016-01-28,5842613.0
2016-01-29,5869723.0
2016-01-30,5879958.0
2016-01-31,5889715.0
2016-02-01,5900031.0
2016-02-02,5911166.0
2016-02-03,5922158.0
2016-02-04,5932993.0
2016-02-05,5943298.0
2016-02-06,5953042.0
2016-02-07,5963049.0
2016-02-08,5974030.0
2016-02-09,5990418.0
2016-02-10,6004822.0
2016-02-11,6018211.0
2016-02-12,6028433.0
2016-02-13,6038500.0
2016-02-14,6048149.0
2016-02-15,6059096.0
2016-02-16,6071809.0
2016-02-17,6083614.0
2016-02-18,6094406.0
2016-02-19,6106627.0
2016-02-20,6118023.0
2016-02-21,6130000.0
2016-02-22,6142217.0
2016-02-23,6154038.0
2016-02-24,6165717.0
2016-02-25,6177728.0
2016-02-26,6189910.0
2016-02-27,6203933.0
2016-02-28,6215834.0
2016-02-29,6227655.0
2016-03-01,6243315.0
2016-03-02,6263101.0
2016-03-03,6274533.0
2016-03-04,6285946.0
2016-03-05,6296865.0
2016-03-06,6308115.0
2016-03-07,6319893.0
2016-03-08,6331643.0
2016-03-09,6343080.0
2016-03-10,6354076.0
2016-03-11,6364167.0
2016-03-12,6374543.0
2016-03-13,6384808.0
2016-03-14,6408681.0
2016-03-15,6444611.0
2016-03-16,6460381.0
2016-03-17,6472713.0
2016-03-18,6484014.0
2016-03-19,6494510.0
2016-03-20,6506740.0
2016-03-21,6518812.0
2016-03-22,6530896.0
2016-03-23,6543081.0
2016-03-24,6554362.0
2016-03-25,6565396.0
2016-03-26,6575816.0
2016-03-27,6586048.0
2016-03-28,6599711.0
2016-03-29,6612101.0
2016-03-30,6635323.0
2016-03-31,6648664.0
2016-04-01,6661126.0
2016-04-02,6672479.0
2016-04-03,6688655.0
2016-04-04,6711189.0
2016-04-05,6724479.0
2016-04-06,6737269.0
2016-04-07,6750120.0
2016-04-08,6762082.0
2016-04-09,6773053.0
2016-04-10,6784740.0
2016-04-11,6797060.0
2016-04-12,6810402.0
2016-04-13,6822736.0
2016-04-14,6834277.0
2016-04-15,6845236.0
2016-04-16,6855579.0
2016-04-17,6865867.0
2016-04-18,6876507.0
2016-04-19,6887695.0
2016-04-20,6898727.0
2016-04-21,6910345.0
2016-04-22,6921588.0
2016-04-23,6931980.0
2016-04-24,6942443.0
2016-04-25,6955905.0
2016-04-26,6968497.0
2016-04-27,6982399.0
2016-04-28,6997552.0
2016-04-29,7012014.0
2016-04-30,7025904.0
2016-05-01,7039303.0
2016-05-02,7055278.0
2016-05-03,7071613.0
2016-05-04,7087522.0
2016-05-05,7102517.0
2016-05-06,7116743.0
2016-05-07,7130242.0
2016-05-08,7143125.0
2016-05-09,7156897.0
2016-05-10,7171822.0
2016-05-11,7187239.0
2016-05-12,7201956.0
2016-05-13,7215311.0
2016-05-14,7227274.0
2016-05-15,7237633.0
2016-05-16,7248646.0
2016-05-17,7260044.0
2016-05-18,7271336.0
2016-05-19,7286044.0
2016-05-20,7298025.0
2016-05-21,7307727.0
2016-05-22,7317059.0
2016-05-23,7334930.0
2016-05-24,7346565.0
2016-05-25,7363557.0
2016-05-26,7376376.0
2016-05-27,7387064.0
2016-05-28,7403194.0
2016-05-29,7420737.0
2016-05-30,7434197.0
2016-05-31,7451927.0
2016-06-01,7464378.0
2016-06-02,7476162.0
2016-06-03,7486653.0
2016-06-04,7504310.0
2016-06-05,7514984.0
2016-06-06,7525984.0
2016-06-07,7536971.0
2016-06-08,7549230.0
2016-06-09,7559711.0
2016-06-10,7570086.0
2016-06-11,7579535.0
2016-06-12,7589736.0
2016-06-13,7601460.0
2016-06-14,7613302.0
2016-06-15,7625562.0
2016-06-16,7637271.0
2016-06-17,7649266.0
2016-06-18,7659937.0
2016-06-19,7670138.0
2016-06-20,7681746.0
2016-06-21,7692841.0
2016-06-22,7703745.0
2016-06-23,7715094.0
2016-06-24,7732453.0
2016-06-25,7742281.0
2016-06-26,7752577.0
2016-06-27,7762999.0
2016-06-28,7773839.0
2016-06-29,7784628.0
2016-06-30,7794814.0
2016-07-01,7805180.0
2016-07-02,7815620.0
2016-07-03,7824850.0
2016-07-04,7835149.0
2016-07-05,7846764.0
2016-07-06,7859275.0
2016-07-07,7870956.0
2016-07-08,7882776.0
2016-07-09,7893747.0
2016-07-10,7905647.0
2016-07-11,7917882.0
2016-07-12,7930745.0
2016-07-13,7942210.0
2016-07-14,7953019.0
2016-07-15,7963235.0
2016-07-16,7972942.0
2016-07-17,7982245.0
2016-07-18,7992529.0
2016-07-19,8003788.0
2016-07-20,8015050.0
2016-07-21,8026140.0
2016-07-22,8036289.0
2016-07-23,8045809.0
2016-07-24,8055026.0
2016-07-25,8066462.0
2016-07-26,8078936.0
2016-07-27,8091577.0
2016-07-28,8102635.0
2016-07-29,8113706.0
2016-07-30,8123646.0
2016-07-31,8133328.0
2016-08-01,8144534.0
2016-08-02,8156634.0
2016-08-03,8171299.0
2016-08-04,8183832.0
2016-08-05,8195575.0
2016-08-06,8206927.0
2016-08-07,8217306.0
2016-08-08,8229264.0
2016-08-09,8241749.0
2016-08-10,8254418.0
2016-08-11,8267543.0
2016-08-12,8279883.0
2016-08-13,8291140.0
2016-08-14,8301680.0
2016-08-15,8313574.0
2016-08-16,8325833.0
2016-08-17,8338537.0
2016-08-18,8351388.0
2016-08-19,8364568.0
2016-08-20,8376577.0
2016-08-21,8389115.0
2016-08-22,8401982.0
2016-08-23,8415070.0
2016-08-24,8428792.0
2016-08-25,8442686.0
2016-08-26,8455634.0
2016-08-27,8467464.0
2016-08-28,8478843.0
2016-08-29,8491403.0
2016-08-30,8504950.0
2016-08-31,8518439.0
2016-09-01,8531200.0
2016-09-02,8543378.0
2016-09-03,8555129.0
2016-09-04,8567518.0
2016-09-05,8581092.0
2016-09-06,8594507.0
2016-09-07,8608331.0
2016-09-08,8622584.0
2016-09-09,8638044.0
2016-09-10,8651037.0
2016-09-11,8664649.0
2016-09-12,8679314.0
2016-09-13,8695382.0
2016-09-14,8709911.0
2016-09-15,8724302.0
2016-09-16,8738021.0
2016-09-17,8751604.0
2016-09-18,8765726.0
2016-09-19,8780464.0
2016-09-20,8796190.0
2016-09-21,8811616.0
2016-09-22,8827132.0
2016-09-23,8842084.0
2016-09-24,8856888.0
2016-09-25,8871122.0
2016-09-26,8886648.0
2016-09-27,8902585.0
2016-09-28,8918780.0
2016-09-29,8935190.0
2016-09-30,8951582.0
2016-10-01,8966606.0
2016-10-02,8982024.0
2016-10-03,8999227.0
2016-10-04,9017643.0
2016-10-05,9035936.0
2016-10-06,9054910.0
2016-10-07,9073828.0
2016-10-08,9091440.0
2016-10-09,9108907.0
2016-10-10,9126826.0
2016-10-11,9145528.0
2016-10-12,9157725.0
2016-10-13,9176966.0
2016-10-14,9194097.0
2016-10-15,9210781.0
2016-10-16,9226751.0
2016-10-17,9245471.0
2016-10-18,9263916.0
2016-10-19,9282480.0
2016-10-20,9300889.0
2016-10-21,9320717.0
2016-10-22,9338686.0
2016-10-23,9355461.0
2016-10-24,9374635.0
2016-10-25,9394920.0
2016-10-26,9414977.0
2016-10-27,9435917.0
2016-10-28,9456182.0
2016-10-29,9475770.0
2016-10-30,9494407.0
2016-10-31,9515530.0
2016-11-01,9537568.0
2016-11-02,9559978.0
2016-11-03,9583811.0
2016-11-04,9606933.0
2016-11-05,9628505.0
2016-11-06,9649024.0
2016-11-07,9672050.0
2016-11-08,9697458.0
2016-11-09,9722320.0
2016-11-10,9746096.0
2016-11-11,9769214.0
2016-11-12,9790842.0
2016-11-13,9812599.0
2016-11-14,9838510.0
2016-11-15,9864913.0
2016-11-16,9891997.0
2016-11-17,9919854.0
2016-11-18,9946870.0
2016-11-19,9971346.0
2016-11-20,9994601.0
2016-11-21,10021491.0
2016-11-22,10049437.0
2016-11-23,10076772.0
2016-11-24,10103701.0
2016-11-25,10130285.0
2016-11-26,10154293.0
2016-11-27,10176271.0
2016-11-28,10202673.0
2016-11-29,10229895.0
2016-11-30,10256870.0
2016-12-01,10285343.0
2016-12-02,10314020.0
2016-12-03,10339653.0
2016-12-04,10364680.0
2016-12-05,10394132.0
2016-12-06,10425918.0
2016-12-07,10456219.0
2016-12-08,10485871.0
2016-12-09,10513322.0
2016-12-10,10538568.0
2016-12-11,10560295.0
2016-12-12,10584824.0
2016-12-13,10609307.0
2016-12-14,10632616.0
2016-12-15,10654351.0
2016-12-16,10673581.0
2016-12-17,10691889.0
2016-12-18,10709127.0
2016-12-19,10730121.0
2016-12-20,10751122.0
2016-12-21,10772741.0
2016-12-22,10795676.0
2016-12-23,10818540.0
2016-12-24,10837759.0
2016-12-25,10853500.0
2016-12-26,10871791.0
2016-12-27,10893168.0
2016-12-28,10916410.0
2016-12-29,10939859.0
2016-12-30,10961809.0
2016-12-31,10980042.0
2017-01-01,10992405.0
2017-01-02,11012695.0
2017-01-03,11037425.0
2017-01-04,11064485.0
2017-01-05,11093917.0
2017-01-06,11120224.0
2017-01-07,11143505.0
2017-01-08,11166355.0
2017-01-09,11190916.0
2017-01-10,11215879.0
2017-01-11,11240523.0
2017-01-12,11265681.0
2017-01-13,11288454.0
2017-01-14,11310109.0
2017-01-15,11331053.0
2017-01-16,11353117.0
2017-01-17,11375964.0
2017-01-18,11398826.0
2017-01-19,11421609.0
2017-01-20,11442446.0
2017-01-21,11462398.0
2017-01-22,11482516.0
2017-01-23,11505686.0
2017-01-24,11527544.0
2017-01-25,11549342.0
2017-01-26,11570337.0
2017-01-27,11591356.0
2017-01-28,11611762.0
2017-01-29,11631342.0
2017-01-30,11653093.0
2017-01-31,11676600.0
2017-02-01,11699453.0
2017-02-02,11722629.0
2017-02-03,11744910.0
2017-02-04,11766900.0
2017-02-05,11788875.0
2017-02-06,11811899.0
2017-02-07,11835231.0
2017-02-08,11857977.0
2017-02-09,11880316.0
2017-02-10,11901993.0
2017-02-11,11922903.0
2017-02-12,11943593.0
2017-02-13,11965919.0
2017-02-14,11987965.0
2017-02-15,12009557.0
2017-02-16,12032820.0
2017-02-17,12054884.0
2017-02-18,12076602.0
2017-02-19,12096833.0
2017-02-20,12119410.0
2017-02-21,12142735.0
2017-02-22,12165897.0
2017-02-23,12189249.0
2017-02-24,12212766.0
2017-02-25,12237328.0
2017-02-26,12259730.0
2017-02-27,12284096.0
2017-02-28,12309173.0
2017-03-01,12331325.0
2017-03-02,12352066.0
2017-03-03,12373763.0
2017-03-04,12393892.0
2017-03-05,12413383.0
2017-03-06,12433044.0
2017-03-07,12453478.0
2017-03-08,12473057.0
2017-03-09,12492436.0
2017-03-10,12511003.0
2017-03-11,12528656.0
2017-03-12,12545254.0
2017-03-13,12563447.0
2017-03-14,12581602.0
2017-03-15,12599825.0
2017-03-16,12619042.0
2017-03-17,12639003.0
2017-03-18,12656618.0
2017-03-19,12673511.0
2017-03-20,12691470.0
2017-03-21,12709860.0
2017-03-22,12728925.0
2017-03-23,12748358.0
2017-03-24,12767467.0
2017-03-25,12785093.0
2017-03-26,12800919.0
2017-03-27,12818152.0
2017-03-28,12836242.0
2017-03-29,12853530.0
2017-03-30,12870915.0
2017-03-31,12888060.0
2017-04-01,12905207.0
2017-04-02,12921247.0
2017-04-03,12938853.0
2017-04-04,12957995.0
2017-04-05,12976517.0
2017-04-06,12995484.0
2017-04-07,13013593.0
2017-04-08,13029552.0
2017-04-09,13044154.0
2017-04-10,13060756.0
2017-04-11,13078292.0
2017-04-12,13095200.0
2017-04-13,13112613.0
2017-04-14,13129058.0
2017-04-15,13143766.0
2017-04-16,13157931.0
2017-04-17,13174781.0
2017-04-18,13193214.0
2017-04-19,13210892.0
2017-04-20,13228570.0
2017-04-21,13245107.0
2017-04-22,13261327.0
2017-04-23,13277259.0
2017-04-24,13295023.0
2017-04-25,13313643.0
2017-04-26,13332202.0
2017-04-27,13350970.0
2017-04-28,13369326.0
2017-04-29,13386157.0
2017-04-30,13401555.0
2017-05-01,13419295.0
2017-05-02,13439324.0
2017-05-03,13459052.0
2017-05-04,13480936.0
2017-05-05,13503518.0
2017-05-06,13523985.0
2017-05-07,13542684.0
2017-05-08,13564021.0
2017-05-09,13587310.0
2017-05-10,13611433.0
2017-05-11,13634929.0
2017-05-12,13658065.0
2017-05-13,13681547.0
2017-05-14,13703661.0
2017-05-15,13728806.0
2017-05-16,13754432.0
2017-05-17,13780592.0
2017-05-18,13805977.0
2017-05-19,13831826.0
2017-05-20,13855725.0
2017-05-21,13880971.0
2017-05-22,13911418.0
2017-05-23,13948531.0
2017-05-24,13984593.0
2017-05-25,14025468.0
2017-05-26,14060114.0
2017-05-27,14086510.0
2017-05-28,14109805.0
2017-05-29,14137661.0
2017-05-30,14164776.0
2017-05-31,14191518.0
2017-06-01,14218866.0
2017-06-02,14245077.0
2017-06-03,14268112.0
2017-06-04,14290963.0
2017-06-05,14316618.0
2017-06-06,14345800.0
2017-06-07,14375398.0
2017-06-08,14401811.0
2017-06-09,14427305.0
2017-06-10,14451045.0
2017-06-11,14474934.0
2017-06-12,14504349.0
2017-06-13,14533360.0
2017-06-14,14559986.0
2017-06-15,14587846.0
2017-06-16,14613236.0
2017-06-17,14635922.0
2017-06-18,14657444.0
2017-06-19,14683513.0
2017-06-20,14698670.0
2017-06-21,14723098.333333334
2017-06-22,14754147.5
2017-06-23,14780618.666666666
2017-06-24,14804472.25
2017-06-25,14825903.333333334
2017-06-26,14851674.0
2017-06-27,14878909.0
2017-06-28,14902199.0
2017-06-29,14931956.0
2017-06-30,14959481.25
2017-07-01,14978073.666666666
2017-07-02,15000906.0
2017-07-03,15024600.5
2017-07-04,15051898.75
2017-07-05,15078135.75
2017-07-06,15099630.0
2017-07-07,15127132.0
2017-07-08,15151980.0
2017-07-09,15178977.75
2017-07-10,15204402.0
2017-07-11,15227770.5
2017-07-12,15254037.25
2017-07-13,15274401.0
2017-08-01,15685893.2
2017-08-02,15704822.333333334
2017-08-03,15727912.25
2017-08-04,15748179.333333334
2017-08-05,15765528.0
2017-08-06,15786931.75
2017-08-07,15809564.333333334
2017-08-08,15834866.0
2017-08-09,15859392.333333334
2017-08-10,15883944.0
2017-08-11,15907721.0
2017-08-12,15927866.666666666
2017-08-13,15952872.5
2017-08-14,15980799.333333334
2017-08-15,16014599.75
2017-08-16,16046031.333333334
2017-08-17,16077007.25
2017-08-18,16107112.25
2017-08-19,16134312.0
2017-08-20,16162659.25
2017-08-21,16192468.333333334
2017-08-22,16221433.0
2017-08-23,16253585.285714285
2017-08-24,16277105.666666666
2017-08-25,16305556.25
2017-08-26,16331183.666666666
2017-08-27,16352762.666666666
2017-08-28,16380479.25
2017-08-29,16407285.666666666
2017-08-30,16439549.75
2017-08-31,16472210.333333334
2017-09-01,16504386.2
2017-09-02,16534331.333333334
2017-09-03,16564774.25
2017-09-04,16596907.333333334
2017-09-05,16622926.333333334
2017-09-06,16654653.2
2017-09-07,16688314.666666666
2017-09-08,16712401.0
2017-09-09,16741274.75
2017-09-10,16766525.0
2017-09-11,16792055.0
2017-09-12,16819092.5
2017-09-13,16842850.25
2017-09-14,16869684.0
2017-09-15,16894798.75
2017-09-20,17029766.0
2017-09-21,17047033.333333332
2017-09-22,17070179.0
2017-09-23,17092515.666666668
2017-09-24,17110605.0
2017-09-25,17132967.25
2017-09-26,17154824.333333332
2017-09-27,17178248.333333332
2017-09-28,17202886.375
2017-09-29,17225375.25
2017-09-30,17247207.0
2017-10-01,17267574.75
2017-10-02,17291121.333333332
2017-10-03,17310723.666666668
2017-10-04,17332842.5
2017-10-05,17358141.0
2017-10-06,17379323.333333332
2017-10-07,17401843.5
2017-10-08,17423897.666666668
2017-10-09,17449212.75
2017-10-10,17470744.6
2017-10-11,17496210.0
2017-10-12,17527312.25
2017-10-13,17564246.666666668
2017-10-14,17600847.25
2017-10-15,17628213.666666668
2017-10-16,17663401.0
2017-10-17,17697335.0
2017-10-18,17725646.333333332
2017-10-19,17759315.5
2017-10-20,17793287.333333332
2017-10-21,17831386.75
2017-10-22,17869182.333333332
2017-10-23,17905003.75
2017-10-24,17940140.333333332
2017-10-25,17972429.2
2017-10-26,18008287.4
2017-10-27,18046750.75
2017-10-28,18075641.666666668
2017-10-29,18097600.333333332
2017-10-30,18135754.75
2017-10-31,18190690.333333332
2017-11-01,18232284.5
2017-11-02,18276165.0
2017-11-03,18315734.0
2017-11-04,18358708.75
2017-11-05,18393480.666666668
2017-11-06,18433609.75
2017-11-07,18472351.333333332
2017-11-08,18509840.0
2017-11-09,18551573.5
2017-11-10,18585935.5
2017-11-11,18618240.333333332
2017-11-12,18648318.0
2017-11-13,18687833.333333332
2017-11-14,18719788.0
2017-11-15,18753855.75
2017-11-16,18788907.0
2017-11-17,18819837.0
2017-11-18,18854201.5
2017-11-19,18887683.5
2017-11-20,18923381.0
2017-11-21,18957900.666666668
2017-11-22,18997261.5
2017-11-23,19034284.666666668
2017-11-24,19069541.25
2017-11-25,19103431.0
2017-11-26,19137399.666666668
2017-11-27,19185739.75
2017-11-28,19246313.666666668
2017-11-29,19324041.5
2017-11-30,19407571.0
2017-12-01,19477384.0
2017-12-02,19533602.0
2017-12-03,19587893.0
2017-12-04,19652874.0
2017-12-05,19718564.2
2017-12-06,19790450.0
2017-12-07,19874237.2
2017-12-08,20007415.8
2017-12-09,20085439.666666668
2017-12-10,20161327.0
2017-12-11,20248529.75
2017-12-12,20326162.75
2017-12-13,20408421.0
2017-12-14,20498236.0
2017-12-15,20574662.666666668
2017-12-16,20643030.25
2017-12-17,20710792.333333332
2017-12-18,20791991.25
2017-12-19,20865044.333333332
2017-12-20,20944446.75
2017-12-21,21015377.333333332
2017-12-22,21076656.5
2017-12-23,21137682.25
2017-12-24,21187308.0
2017-12-25,21231188.0
2017-12-26,21275506.666666668
2017-12-27,21324444.5
2017-12-28,21373227.666666668
2017-12-29,21408774.0
2017-12-30,21453562.25
2017-12-31,21490648.75
2018-01-01,21518609.0
2018-01-02,21556009.75
2018-01-03,21606946.666666668
2018-01-04,21651588.666666668
2018-01-05,21707621.5
2018-01-06,21757268.0
2018-01-07,21807477.25
2018-01-08,21857064.0
2018-01-09,21908944.5
2018-01-10,21958527.0
2018-01-11,22003843.0
2018-01-12,22051215.25
2018-01-13,22094886.666666668
2018-01-14,22134280.5
2018-01-15,22172516.0
2018-01-16,22207510.666666668
2018-01-17,22253321.75
2018-01-18,22292156.666666668
2018-01-19,22334324.25
2018-01-20,22369865.666666668
2018-01-21,22404756.25
2018-01-22,22443213.166666668
2018-01-23,22468274.5
2018-01-24,22496092.0
2018-01-25,22528269.666666668
2018-01-26,22558027.25
2018-01-27,22586342.333333332
2018-01-28,22616918.75
2018-01-29,22647984.0
2018-01-30,22678972.75
2018-01-31,22707557.333333332
2018-02-01,22735505.333333332
2018-02-02,22762687.5
2018-02-03,22791058.666666668
2018-02-04,22814835.0
2018-02-05,22839126.666666668
2018-02-06,22867169.75
2018-02-07,22891357.333333332
2018-02-08,22913903.333333332
2018-02-09,22937687.0
2018-02-10,22959820.333333332
2018-02-11,22980610.75
2018-02-12,23001432.0
2018-02-13,23027198.25
2018-02-14,23044800.5
2018-02-15,23067554.0
2018-02-16,23093472.333333332
2018-02-17,23117977.25
2018-02-18,23140920.0
2018-02-19,23161775.25
2018-02-20,23186078.333333332
2018-02-21,23210246.25
2018-02-22,23231855.0
2018-02-23,23254568.0
2018-02-24,23274071.333333332
2018-02-25,23291580.333333332
2018-02-26,23314232.5
2018-02-27,23335772.666666668
2018-02-28,23359485.25
2018-03-01,23381908.666666668
2018-03-02,23402403.0
2018-03-03,23423077.666666668
2018-03-04,23441113.333333332
2018-03-05,23463479.5
2018-03-06,23484920.333333332
2018-03-07,23506256.25
2018-03-08,23524536.666666668
2018-03-09,23544433.75
2018-03-10,23564183.666666668
2018-03-11,23578452.666666668
2018-03-12,23597045.5
2018-03-13,23617982.0
2018-03-14,23636211.25
2018-03-15,23659208.333333332
2018-03-16,23680310.5
2018-03-17,23699495.666666668
2018-03-18,23713898.0
2018-03-19,23729994.5
2018-03-20,23750116.25
2018-03-21,23767810.25
2018-03-22,23787115.333333332
2018-03-23,23802493.0
2018-03-24,23820660.25
2018-03-25,23835970.666666668
2018-03-26,23856859.2
2018-03-27,23874683.0
2018-03-28,23892232.0
2018-03-29,23910892.0
2018-03-30,23927673.333333332
2018-03-31,23945317.75
2018-04-01,23961890.333333332
2018-04-02,23977645.25
2018-04-03,23994671.666666668
2018-04-04,24010612.25
2018-04-05,24028900.0
2018-04-06,24045963.5
2018-04-07,24061362.333333332
2018-04-08,24073689.0
2018-04-09,24089723.0
2018-04-10,24106662.0
2018-04-11,24119882.4
2018-04-12,24138155.25
2018-04-13,24155547.333333332
2018-04-14,24172871.0
2018-04-15,24189473.666666668
2018-04-16,24203496.0
2018-04-17,24221269.25
2018-04-18,24237064.0
2018-04-19,24255345.25
2018-04-20,24273324.0
2018-04-21,24290780.25
2018-04-22,24306785.333333332
2018-04-23,24321582.333333332
2018-04-24,24341210.5
2018-04-25,24360183.333333332
2018-04-26,24378705.5
2018-04-27,24391577.0
2018-04-30,24457182.0
2018-05-01,24489974.0
2018-05-02,24512452.5
2018-05-03,24535231.0
2018-05-04,24555380.5
2018-05-05,24573837.666666668
2018-05-06,24593298.75
2018-05-07,24610953.666666668
2018-05-08,24626644.666666668
2018-05-09,24645311.0
2018-05-10,24662489.666666668
2018-05-11,24680774.0
2018-05-12,24700251.666666668
2018-05-13,24715809.5
2018-05-14,24733339.333333332
2018-05-15,24749074.666666668
2018-05-16,24766093.0
2018-05-17,24782697.0
2018-05-18,24801150.0
2018-05-19,24817517.333333332
2018-05-20,24834533.25
2018-05-21,24851751.666666668
2018-05-22,24867246.333333332
2018-05-23,24886024.2
2018-05-24,24906902.0
2018-05-25,24924296.75
2018-05-26,24939379.333333332
2018-05-27,24952614.0
2018-05-28,24969127.5
2018-05-29,24988336.0
2018-05-30,25011404.0
2018-05-31,25033221.0
2018-06-01,25054835.0
2018-06-02,25072649.666666668
2018-06-03,25088813.0
2018-06-04,25112380.5
2018-06-05,25132996.0
2018-06-06,25156154.5
2018-06-07,25177325.333333332
2018-06-08,25198525.0
2018-06-09,25215447.666666668
2018-06-10,25227044.0
2018-06-11,25244259.25
2018-06-12,25260707.0
2018-06-13,25283030.5
2018-06-14,25302908.333333332
2018-06-15,25321678.5
2018-06-16,25338994.666666668
2018-06-17,25351692.333333332
2018-06-18,25369762.0
2018-06-19,25389256.333333332
2018-06-20,25410637.4
2018-06-21,25438460.666666668
2018-06-22,25461687.333333332
2018-06-23,25497752.75
2018-06-24,25529278.0
2018-06-25,25556859.0
2018-06-26,25589278.8
2018-06-27,25617909.333333332
2018-06-28,25648574.5
2018-06-29,25720603.0
2018-06-30,25755400.666666668
2018-07-01,25777202.0
2018-07-02,25813967.75
2018-07-03,25856679.0
2018-07-04,25898260.5
2018-07-05,25938235.0
2018-07-06,25980381.75
2018-07-07,26019712.666666668
2018-07-08,26051127.333333332
2018-07-09,26087088.25
2018-07-10,26119592.0
2018-07-11,26148281.666666668
2018-07-12,26187037.5
2018-07-13,26214438.666666668
2018-07-14,26243882.5
2018-07-15,26269405.0
2018-07-16,26295071.666666668
2018-07-17,26332166.25
2018-07-18,26364833.333333332
2018-07-19,26389660.25
2018-07-20,26436967.333333332
2018-07-21,26486415.75
2018-07-22,26538913.0
2018-07-23,26586317.75
2018-07-24,26635020.666666668
2018-07-25,26695692.0
2018-07-26,26734680.333333332
2018-07-27,26780981.0
2018-07-28,26821905.333333332
2018-07-29,26856652.666666668
2018-07-30,26906793.5
2018-07-31,26953873.25
2018-08-01,27014918.0
2018-08-02,27053782.666666668
2018-08-03,27101996.75
2018-08-04,27164220.333333332
2018-08-05,27233397.75
2018-08-06,27291448.666666668
2018-08-07,27339486.5
2018-08-08,27405655.611111112
2018-08-09,27459398.625
2018-08-10,27518419.75
2018-08-11,27572218.291666668
2018-08-12,27615606.083333332
2018-08-13,27650341.416666668
2018-08-14,27677328.666666668
2018-08-15,27706852.375
2018-08-16,27743385.041666668
2018-08-17,27776080.625
2018-08-18,27799894.833333332
2018-08-19,27823649.333333332
2018-08-20,27850174.5
2018-08-21,27871513.791666668
2018-08-22,27893042.583333332
2018-08-23,27912569.166666668
2018-08-24,27932641.958333332
2018-08-25,27955030.958333332
2018-08-26,27976491.791666668
2018-08-27,27998452.916666668
2018-08-28,28024079.25
2018-08-29,28051401.791666668
2018-08-30,28075256.208333332
2018-08-31,28102238.708333332
2018-09-01,28126556.25
2018-09-02,28152456.416666668
2018-09-03,28182657.583333332
2018-09-04,28209566.416666668
2018-09-05,28233447.708333332
2018-09-06,28257889.458333332
2018-09-07,28281057.416666668
2018-09-08,28308144.0
2018-09-09,28330737.333333332
2018-09-10,28355719.666666668
2018-09-11,28377100.291666668
2018-09-12,28406785.125
2018-09-13,28427409.291666668
2018-09-14,28449230.166666668
2018-09-15,28474492.416666668
2018-09-16,28497380.375
2018-09-17,28524225.375
2018-09-18,28554200.375
2018-09-19,28584238.333333332
2018-09-20,28615020.875
2018-09-21,28642311.083333332
2018-09-22,28667891.0
2018-09-23,28692419.083333332
2018-09-24,28712227.625
2018-09-25,28738403.125
2018-09-26,28769119.875
2018-09-27,28799593.791666668
2018-09-28,28827900.416666668
2018-09-29,28853324.583333332
2018-09-30,28879518.791666668
2018-10-01,28905830.416666668
2018-10-02,28934163.166666668
2018-10-03,28955809.333333332
2018-10-04,28982172.083333332
2018-10-05,29010487.708333332
2018-10-06,29041283.666666668
2018-10-07,29072177.625
2018-10-08,29100994.583333332
2018-10-09,29123188.833333332
2018-10-10,29146235.958333332
2018-10-11,29177626.375
2018-10-12,29209173.25
2018-10-13,29230553.208333332
2018-10-14,29250393.333333332
2018-10-15,29276742.583333332
2018-10-16,29310165.0
2018-10-17,29336960.291666668
2018-10-18,29367734.916666668
2018-10-19,29397054.375
2018-10-20,29426511.375
2018-10-21,29456664.625
2018-10-22,29485985.166666668
2018-10-23,29519175.041666668
2018-10-24,29548754.25
2018-10-25,29574493.375
2018-10-26,29612766.625
2018-10-27,29650107.416666668
2018-10-28,29671761.583333332
2018-10-29,29696277.791666668
2018-10-30,29726361.291666668
2018-10-31,29762227.291666668
2018-11-01,29791369.041666668
2018-11-02,29827725.166666668
2018-11-03,29855570.208333332
2018-11-04,29881903.333333332
2018-11-05,29905735.041666668
2018-11-06,29939943.5
2018-11-07,30001462.625
2018-11-08,30069948.583333332
2018-11-09,30143929.875
2018-11-10,30200171.333333332
2018-11-11,30255034.0
2018-11-12,30307166.541666668
2018-11-13,30353754.541666668
2018-11-14,30406177.875
2018-11-15,30470594.0
2018-11-16,30529715.458333332
2018-11-17,30574517.583333332
2018-11-18,30616654.125
2018-11-19,30659603.541666668
2018-11-20,30711190.541666668
2018-11-21,30780055.5
2018-11-22,30830692.875
2018-11-23,30875312.125
2018-11-24,30916286.833333332
2018-11-25,30948969.666666668
2018-11-26,30986021.958333332
2018-11-27,31027047.916666668
2018-11-28,31072469.458333332
2018-11-29,31105822.708333332
2018-11-30,31131370.5
2018-12-01,31152165.708333332
2018-12-02,31178692.0
2018-12-03,31208344.0
2018-12-04,31230831.666666668
2018-12-05,31262279.041666668
2018-12-06,31290658.625
2018-12-07,31316397.875
2018-12-08,31342464.416666668
2018-12-09,31368580.291666668
2018-12-10,31386037.666666668
2018-12-11,31406101.416666668
2018-12-12,31430349.291666668
2018-12-13,31463381.25
2018-12-14,31488400.583333332
2018-12-15,31512577.333333332
2018-12-16,31541704.625
2018-12-17,31561672.875
2018-12-18,31590035.875
2018-12-19,31620369.958333332
2018-12-20,31639783.333333332
2018-12-21,31658480.541666668
2018-12-22,31680642.208333332
2018-12-23,31709688.458333332
2018-12-24,31740349.791666668
2018-12-25,31758885.375
2018-12-26,31778129.208333332
2018-12-27,31813135.625
2018-12-28,31834310.208333332
2018-12-29,31850240.708333332
2018-12-30,31876840.625
2018-12-31,31899097.0
2019-01-01,31919729.916666668
2019-01-02,31937030.625
2019-01-03,31968435.875
2019-01-04,32039589.25
2019-01-05,32119248.708333332
2019-01-06,32135927.25
2019-01-07,32158498.75
2019-01-08,32187419.166666668
2019-01-09,32207843.458333332
2019-01-10,32233943.875
2019-01-11,32261684.333333332
2019-01-12,32282641.208333332
2019-01-13,32309612.375
2019-01-14,32331888.0
2019-01-15,32361122.041666668
2019-01-16,32413037.041666668
2019-01-17,32456913.916666668
2019-01-18,32474874.916666668
2019-01-19,32499290.791666668
2019-01-20,32525326.416666668
2019-01-21,32558517.875
2019-01-22,32576523.083333332
2019-01-23,32595946.125
2019-01-24,32623953.916666668
2019-01-25,32655333.666666668
2019-01-26,32673404.875
2019-01-27,32701187.25
2019-01-28,32728808.458333332
2019-01-29,32761242.75
2019-01-30,32806726.375
2019-01-31,32839449.916666668
2019-02-01,32869774.25
2019-02-02,32905125.333333332
2019-02-03,32937974.25
2019-02-04,32969400.333333332
2019-02-05,32991714.0
2019-02-06,33016142.0
2019-02-07,33051205.833333332
2019-02-08,33080811.875
2019-02-09,33111024.0
2019-02-10,33133352.416666668
2019-02-11,33162026.666666668
2019-02-12,33187506.666666668
2019-02-13,33206124.041666668
2019-02-14,33238389.583333332
2019-02-15,33260972.416666668
2019-02-16,33280489.875
2019-02-17,33310396.291666668
2019-02-18,33337852.916666668
2019-02-19,33374958.458333332
2019-02-20,33407837.625
2019-02-21,33446754.458333332
2019-02-22,33500444.208333332
2019-02-23,33542149.125
2019-02-24,33580322.958333336
2019-02-25,33612459.75
2019-02-26,33658274.041666664
2019-02-27,33709790.791666664
2019-02-28,33768859.625
2019-03-01,33816063.333333336
2019-03-02,33867869.291666664
2019-03-03,33892394.0
2019-03-04,33911549.416666664
2019-03-05,33940544.833333336
2019-03-06,33965670.25
2019-03-07,33998940.458333336
2019-03-08,34028986.583333336
2019-03-09,34048529.208333336
2019-03-10,34075714.708333336
2019-03-11,34095093.25
2019-03-12,34120551.75
2019-03-13,34145481.625
2019-03-14,34174252.125
2019-03-15,34196619.958333336
2019-03-16,34217617.083333336
2019-03-17,34239700.208333336
2019-03-18,34281999.75
2019-03-19,34312060.916666664
2019-03-20,34335098.958333336
2019-03-21,34366218.458333336
2019-03-22,34390160.583333336
2019-03-23,34411968.666666664
2019-03-24,34429616.0
2019-03-25,34454357.25
2019-03-26,34482770.583333336
2019-03-27,34505893.5
2019-03-28,34536778.125
2019-03-29,34569738.0
2019-03-30,34607534.708333336
2019-03-31,34648860.5
2019-04-01,34690187.708333336
2019-04-02,34755186.458333336
2019-04-03,34827131.625
2019-04-04,34878742.291666664
2019-04-05,34921398.583333336
2019-04-06,34960067.541666664
2019-04-07,34999906.375
2019-04-08,35054394.208333336
2019-04-09,35137910.916666664
2019-04-10,35226574.916666664
2019-04-11,35302163.708333336
2019-04-12,35364908.5
2019-04-13,35400839.958333336
2019-04-14,35445555.208333336
2019-04-15,35486838.041666664
2019-04-16,35531657.916666664
2019-04-17,35578144.833333336
2019-04-18,35644707.125
2019-04-19,35711642.125
2019-04-20,35769541.166666664
2019-04-21,35820037.875
2019-04-22,35873066.083333336
2019-04-23,35971716.125
2019-04-24,36058059.208333336
2019-04-25,36153073.25
2019-04-26,36249068.166666664
2019-04-27,36341433.333333336
2019-04-28,36415364.458333336
2019-04-29,36518213.041666664
2019-04-30,36616261.833333336
2019-05-01,36702478.791666664
2019-05-02,36776707.25
2019-05-03,36876046.166666664
2019-05-04,36956942.666666664
2019-05-05,37040508.875
2019-05-06,37135687.041666664
2019-05-07,37231831.0
2019-05-08,37329380.333333336
2019-05-09,37412712.541666664
2019-05-10,37483842.666666664
2019-05-11,37548284.125
2019-05-12,37607123.166666664
2019-05-13,37683902.583333336
2019-05-14,37760881.625
2019-05-15,37844277.916666664
2019-05-16,37914324.291666664
2019-05-17,37979856.833333336
2019-05-18,38041387.291666664
2019-05-19,38105360.041666664
2019-05-20,38182791.583333336
2019-05-21,38253165.5
2019-05-22,38323648.541666664
2019-05-23,38393608.166666664
2019-05-24,38448866.583333336
2019-05-25,38505631.541666664
2019-05-26,38555578.208333336
2019-05-27,38617674.708333336
2019-05-28,38685004.833333336
2019-05-29,38757256.0
2019-05-30,38827453.208333336
2019-05-31,38874232.416666664
2019-06-01,38927782.208333336
2019-06-02,38963326.875
2019-06-03,39005995.208333336
2019-06-04,39057818.25
2019-06-05,39098291.125
2019-06-06,39140166.041666664
2019-06-07,39178787.125
2019-06-08,39216337.916666664
2019-06-09,39242227.75
2019-06-10,39276691.708333336
2019-06-11,39317910.416666664
2019-06-12,39362828.25
2019-06-13,39400606.666666664
2019-06-14,39452071.666666664
2019-06-15,39490591.708333336
2019-06-16,39520975.916666664
2019-06-17,39560812.416666664
2019-06-18,39596385.875
2019-06-19,39635431.833333336
2019-06-20,39701035.875
2019-06-21,39743096.625
2019-06-22,39789673.5
2019-06-23,39829835.791666664
2019-06-24,39868606.875
2019-06-25,39915105.125
2019-06-26,39954086.333333336
2019-06-27,39989187.583333336
2019-06-28,40028137.916666664
2019-06-29,40054099.958333336
2019-06-30,40077405.291666664
2019-07-01,40103256.291666664
2019-07-02,40128370.625
2019-07-03,40153385.0
2019-07-04,40182430.125
2019-07-05,40214590.291666664
2019-07-06,40237544.083333336
2019-07-07,40258072.083333336
2019-07-08,40280589.291666664
2019-07-09,40307293.583333336
2019-07-10,40348492.541666664
2019-07-11,40374336.5
2019-07-12,40399612.416666664
2019-07-13,40424083.875
2019-07-14,40450721.041666664
2019-07-15,40472417.666666664
2019-07-16,40495663.583333336
2019-07-17,40521979.333333336
2019-07-18,40555861.333333336
2019-07-19,40592433.5
2019-07-20,40622111.791666664
2019-07-21,40650338.416666664
2019-07-22,40673913.583333336
2019-07-23,40713347.208333336
2019-07-24,40740482.0
2019-07-25,40761702.041666664
2019-07-26,40785581.375
2019-07-27,40814710.458333336
2019-07-28,40836469.333333336
2019-07-29,40858205.291666664
2019-07-30,40893852.625
2019-07-31,40917774.041666664
2019-08-01,40940753.791666664
2019-08-02,40965539.166666664
2019-08-03,40987187.791666664
2019-08-04,41014253.458333336
2019-08-05,41034186.708333336
2019-08-06,41057724.166666664
2019-08-07,41089474.666666664
2019-08-08,41114466.541666664
2019-08-09,41133213.0
2019-08-10,41152769.666666664
2019-08-11,41169234.708333336
2019-08-12,41187695.5
2019-08-13,41206885.875
2019-08-14,41227605.166666664
2019-08-15,41247230.333333336
2019-08-16,41268749.666666664
2019-08-17,41286615.416666664
2019-08-18,41304863.666666664
2019-08-19,41323499.708333336
2019-08-20,41347206.541666664
2019-08-21,41371889.375
2019-08-22,41402237.333333336
2019-08-23,41431402.75
2019-08-24,41453248.416666664
2019-08-25,41478424.041666664
2019-08-26,41506367.291666664
2019-08-27,41527381.333333336
2019-08-28,41547553.458333336
2019-08-29,41567837.791666664
2019-08-30,41594940.708333336
2019-08-31,41615084.666666664
2019-09-01,41637679.5
2019-09-02,41656883.708333336
2019-09-03,41677905.416666664
2019-09-04,41702091.083333336
2019-09-05,41726103.25
2019-09-06,41751909.916666664
2019-09-07,41771478.166666664
2019-09-08,41789130.708333336
2019-09-09,41819934.125
2019-09-10,41845223.083333336
2019-09-11,41893258.125
2019-09-12,41925215.833333336
2019-09-13,41945330.625
2019-09-14,41964957.875
2019-09-15,41984257.458333336
2019-09-16,42011673.208333336
2019-09-17,42034357.791666664
2019-09-18,42055154.416666664
2019-09-19,42083578.125
2019-09-20,42102006.791666664
2019-09-21,42121205.083333336
2019-09-22,42137484.583333336
2019-09-23,42158097.0
2019-09-24,42178566.166666664
2019-09-25,42202545.458333336
2019-09-26,42221463.458333336
2019-09-27,42241297.875
2019-09-28,42262528.5
2019-09-29,42280868.333333336
2019-09-30,42299355.708333336
2019-10-01,42323891.166666664
2019-10-02,42355064.583333336
2019-10-03,42390440.25
2019-10-04,42413961.583333336
2019-10-05,42433344.5
2019-10-06,42450198.541666664
2019-10-07,42472406.916666664
2019-10-08,42495782.666666664
2019-10-09,42515574.25
2019-10-10,42549472.916666664
2019-10-11,42576934.125
2019-10-12,42605514.666666664
2019-10-13,42624057.0
2019-10-14,42644166.666666664
2019-10-15,42667449.75
2019-10-16,42688523.833333336
2019-10-17,42707013.208333336
2019-10-18,42726265.666666664
2019-10-19,42744831.75
2019-10-20,42762187.0
2019-10-21,42792990.791666664
2019-10-22,42823866.708333336
2019-10-23,42845775.625
2019-10-24,42869691.791666664
2019-10-25,42893006.208333336
2019-10-26,42921656.291666664
2019-10-27,42939815.625
2019-10-28,42967407.291666664
2019-10-29,42991591.625
2019-10-30,43012592.25
2019-10-31,43045168.375
2019-11-01,43066862.083333336
2019-11-02,43084951.333333336
2019-11-03,43099881.333333336
2019-11-04,43119717.0
2019-11-05,43139956.125
2019-11-06,43170404.125
2019-11-07,43202667.541666664
2019-11-08,43222003.208333336
2019-11-09,43240383.333333336
2019-11-10,43259327.0
2019-11-11,43278097.75
2019-11-12,43299985.458333336
2019-11-13,43326363.875
2019-11-14,43346974.208333336
2019-11-15,43366386.25
2019-11-16,43405994.333333336
2019-11-17,43438577.541666664
2019-11-18,43468740.666666664
2019-11-19,43512069.958333336
2019-11-20,43549821.541666664
2019-11-21,43585073.666666664
2019-11-22,43634919.75
2019-11-23,43673455.458333336
2019-11-24,43701045.0
2019-11-25,43728043.125
2019-11-26,43752591.5
2019-11-27,43783295.0
2019-11-28,43817465.5
2019-11-29,43844647.833333336
2019-11-30,43868545.208333336
2019-12-01,43892514.125
2019-12-02,43928944.375
2019-12-03,43956227.958333336
2019-12-04,43990747.041666664
2019-12-05,44018079.416666664
2019-12-06,44043923.5
2019-12-07,44071566.041666664
2019-12-08,44096280.125
2019-12-09,44125490.041666664
2019-12-10,44159873.958333336
2019-12-11,44191074.666666664
2019-12-12,44229872.583333336
2019-12-13,44269914.583333336
2019-12-14,44298323.791666664
2019-12-15,44338686.583333336
2019-12-16,44365442.833333336
2019-12-17,44400348.0
2019-12-18,44433952.0
2019-12-19,44456197.0
2019-12-20,44476864.0
2019-12-21,44493665.0
2019-12-22,44511642.0
2019-12-23,44532827.0
2019-12-24,44556096.0
2019-12-25,44572616.0
2019-12-26,44592373.0
2019-12-27,44610480.0
2019-12-28,44631818.0
2019-12-29,44648926.0
2019-12-30,44667093.0
2019-12-31,44690210.0
2020-01-01,44710899.0
2020-01-02,44729012.0
2020-01-03,44748738.0
2020-01-04,44768951.0
2020-01-05,44793044.0
2020-01-06,44818309.0
2020-01-07,44850467.0
2020-01-08,44875478.0
2020-01-09,44908459.0
2020-01-10,44946348.0
2020-01-11,44973673.0
2020-01-12,45007834.0
2020-01-13,45038129.0
2020-01-14,45072235.0
2020-01-15,45106265.0
2020-01-16,45131954.0
2020-01-17,45161679.0
2020-01-18,45181133.0
2020-01-19,45201459.0
2020-01-20,45222594.0
2020-01-21,45245218.0
2020-01-22,45273377.928571425
2020-01-23,45287179.291666664
2020-01-24,45309582.875
2020-01-25,45330782.166666664
2020-01-26,45351715.041666664
2020-01-27,45380933.958333336
2020-01-28,45408953.25
2020-01-29,45434371.333333336
2020-01-30,45462526.958333336
2020-01-31,45499517.25
2020-02-01,45539349.541666664
2020-02-02,45570708.0
2020-02-03,45609933.791666664
2020-02-04,45638763.75
2020-02-05,45671073.541666664
2020-02-06,45694692.708333336
2020-02-07,45720123.583333336
2020-02-08,45742915.791666664
2020-02-09,45768676.041666664
2020-02-10,45795695.791666664
2020-02-11,45821069.125
2020-02-12,45846000.791666664
2020-02-13,45872494.458333336
2020-02-14,45896594.833333336
2020-02-15,45920340.208333336
2020-02-16,45944891.708333336
2020-02-17,45971104.125
2020-02-18,45996617.541666664
2020-02-19,46021442.041666664
2020-02-20,46046499.166666664
2020-02-21,46068310.958333336
2020-02-22,46089270.416666664
2020-02-23,46110227.958333336
2020-02-24,46133861.666666664
2020-02-25,46156767.625
2020-02-26,46180668.291666664
2020-02-27,46201562.041666664
2020-02-28,46229373.125
2020-02-29,46251061.458333336
2020-03-01,46270508.5
2020-03-02,46289840.25
2020-03-03,46309789.916666664
2020-03-04,46335904.041666664
2020-03-05,46359971.25
2020-03-06,46384148.75
2020-03-07,46405747.291666664
2020-03-08,46425390.166666664
2020-03-09,46444773.916666664
2020-03-10,46466344.333333336
2020-03-11,46489740.041666664
2020-03-12,46516862.75
2020-03-13,46550328.416666664
2020-03-14,46581217.333333336
2020-03-15,46609128.125
2020-03-16,46635454.125
2020-03-17,46664754.458333336
2020-03-18,46692005.5
2020-03-19,46719025.625
2020-03-20,46749692.958333336
2020-03-21,46783144.166666664
2020-03-22,46825047.083333336
2020-03-23,46859218.708333336
2020-03-24,46893272.416666664
2020-03-25,46925940.583333336
2020-03-26,46963110.375
2020-03-27,46994066.375
2020-03-28,47025888.125
2020-03-29,47058289.333333336
2020-03-30,47089508.208333336
2020-03-31,47122401.666666664
2020-04-01,47156014.5
2020-04-02,47192357.125
2020-04-03,47228171.583333336
2020-04-04,47262468.333333336
2020-04-05,47298495.333333336
2020-04-06,47337412.833333336
2020-04-07,47375348.958333336
2020-04-08,47412734.0
2020-04-09,47451664.708333336
2020-04-10,47487160.958333336
2020-04-11,47521957.833333336
2020-04-12,47556774.875
2020-04-13,47591200.083333336
2020-04-14,47625161.166666664
2020-04-15,47658820.125
2020-04-16,47696225.166666664
2020-04-17,47727897.416666664
2020-04-18,47761692.333333336
2020-04-19,47792208.5
2020-04-20,47829053.25
2020-04-21,47867393.291666664
2020-04-22,47901618.666666664
2020-04-23,47934487.458333336
2020-04-24,47969183.666666664
2020-04-25,48004858.75
2020-04-26,48037270.333333336
2020-04-27,48071178.666666664
2020-04-28,48104742.75
2020-04-29,48140890.708333336
2020-04-30,48185233.166666664
2020-05-01,48225536.875
2020-05-02,48264772.75
2020-05-03,48300332.75
2020-05-04,48334562.0
2020-05-05,48374800.416666664
2020-05-06,48421437.916666664
2020-05-07,48478578.583333336
2020-05-08,48546878.916666664
2020-05-09,48612288.375
2020-05-10,48695909.25
2020-05-11,48762644.333333336
2020-05-12,48812980.791666664
2020-05-13,48859346.541666664
2020-05-14,48910092.791666664
2020-05-15,48965958.75
2020-05-16,49018160.125
2020-05-17,49060782.625
2020-05-18,49105782.291666664
2020-05-19,49147296.916666664
2020-05-20,49193001.833333336
2020-05-21,49236765.458333336
2020-05-22,49280635.875
2020-05-23,49319028.875
2020-05-24,49363751.875
2020-05-25,49407788.791666664
2020-05-26,49444658.5
2020-05-27,49479151.833333336
2020-05-28,49512476.583333336
2020-05-29,49544777.875
2020-05-30,49574047.416666664
2020-05-31,49602993.25
2020-06-01,49633694.208333336
2020-06-02,49668834.458333336
2020-06-03,49699639.25
2020-06-04,49732887.166666664
2020-06-05,49771387.0
2020-06-06,49805669.416666664
2020-06-07,49837229.625
2020-06-08,49873996.375
2020-06-09,49908386.583333336
2020-06-10,49943285.708333336
2020-06-11,49978453.875
2020-06-12,50014814.708333336
2020-06-13,50050644.5
2020-06-14,50082332.5
2020-06-15,50117768.166666664
2020-06-16,50156192.791666664
2020-06-17,50198205.541666664
2020-06-18,50234978.625
2020-06-19,50269553.083333336
2020-06-20,50305841.208333336
2020-06-21,50346980.583333336
2020-06-22,50395593.416666664
2020-06-23,50437049.041666664
2020-06-24,50476677.708333336
2020-06-25,50512928.25
2020-06-26,50549119.208333336
2020-06-27,50585081.625
2020-06-28,50623925.125
2020-06-29,50664870.416666664
2020-06-30,50704403.791666664
2020-07-01,50749113.458333336
2020-07-02,50787355.083333336
2020-07-03,50823468.958333336
2020-07-04,50858675.333333336
2020-07-05,50891677.583333336
2020-07-06,50927900.208333336
2020-07-07,50966494.5
2020-07-08,51004915.541666664
2020-07-09,51044739.958333336
2020-07-10,51089320.125
2020-07-11,51124543.666666664
2020-07-12,51166619.541666664
2020-07-13,51209639.208333336
2020-07-14,51250783.625
2020-07-15,51295225.333333336
2020-07-16,51337110.375
2020-07-17,51381781.916666664
2020-07-18,51421671.333333336
2020-07-19,51456210.291666664
2020-07-20,51497879.583333336
2020-07-21,51543071.583333336
2020-07-22,51588493.25
2020-07-23,51635222.875
2020-07-24,51687569.583333336
2020-07-25,51737461.166666664
2020-07-26,51786648.0
2020-07-27,51832979.166666664
2020-07-28,51889676.958333336
2020-07-29,51940174.208333336
2020-07-30,51989768.041666664
2020-07-31,52030395.708333336
2020-08-01,52066227.833333336
2020-08-02,52107279.0
2020-08-03,52143503.916666664
2020-08-04,52183894.708333336
2020-08-05,52220491.25
2020-08-06,52259604.041666664
2020-08-07,52297212.875
2020-08-08,52331285.5
2020-08-09,52367070.625
2020-08-10,52407285.125
2020-08-11,52447048.166666664
2020-08-12,52488639.5
2020-08-13,52530767.083333336
2020-08-14,52574152.708333336
2020-08-15,52614318.541666664
2020-08-16,52654458.5
2020-08-17,52689809.416666664
2020-08-18,52728588.166666664
2020-08-19,52768871.375
2020-08-20,52804439.125
2020-08-21,52840349.416666664
2020-08-22,52876588.208333336
2020-08-23,52910743.541666664
2020-08-24,52944114.916666664
2020-08-25,52982838.916666664
2020-08-26,53013570.208333336
2020-08-27,53045635.083333336
2020-08-28,53080267.5
2020-08-29,53110751.708333336
2020-08-30,53139492.416666664
2020-08-31,53172626.625
2020-09-01,53208239.583333336
2020-09-02,53243930.291666664
2020-09-03,53278787.333333336
2020-09-04,53314809.083333336
2020-09-05,53345064.208333336
2020-09-06,53377537.625
2020-09-07,53404108.125
2020-09-08,53438443.375
2020-09-09,53472706.25
2020-09-10,53505594.625
2020-09-11,53535463.25
2020-09-12,53573539.416666664
2020-09-13,53607360.5
2020-09-14,53643896.583333336
2020-09-15,53678204.458333336
2020-09-16,53713203.416666664
2020-09-17,53753152.0
2020-09-18,53790114.916666664
2020-09-19,53832255.416666664
2020-09-20,53870172.25
2020-09-21,53910554.625
2020-09-22,53954910.833333336
2020-09-23,53991247.958333336
2020-09-24,54025338.5
2020-09-25,54061303.041666664
2020-09-26,54094497.5
2020-09-27,54131189.958333336
2020-09-28,54168038.458333336
2020-09-29,54209148.416666664
2020-09-30,54253730.166666664
2020-10-01,54299689.625
2020-10-02,54341290.375
2020-10-03,54374828.333333336
2020-10-04,54407677.791666664
2020-10-05,54451980.916666664
2020-10-06,54493685.0
2020-10-07,54531420.5
2020-10-08,54569258.75
2020-10-09,54614408.958333336
2020-10-10,54662637.5
2020-10-11,54711765.375
2020-10-12,54768994.833333336
2020-10-13,54828854.75
2020-10-14,54883731.5
2020-10-15,54939361.833333336
2020-10-16,54985624.416666664
2020-10-17,55022637.708333336
2020-10-18,55059657.291666664
2020-10-19,55107324.5
2020-10-20,55146228.125
2020-10-21,55192432.916666664
2020-10-22,55237857.625
2020-10-23,55292112.666666664
2020-10-24,55343014.0
2020-10-25,55387172.25
2020-10-26,55439791.583333336
2020-10-27,55496423.833333336
2020-10-28,55541656.416666664
2020-10-29,55585132.041666664
2020-10-30,55629271.5
2020-10-31,55669456.0
2020-11-01,55707992.25
2020-11-02,55747533.708333336
2020-11-03,55783717.541666664
2020-11-04,55836088.5
2020-11-05,55936743.583333336
2020-11-06,56055474.875
2020-11-07,56256555.458333336
2020-11-08,56507802.083333336
2020-11-09,56755545.791666664
2020-11-10,56989998.958333336
2020-11-11,57202770.041666664
2020-11-12,57405926.25
2020-11-13,57623151.583333336
2020-11-14,57816053.166666664
2020-11-15,58093626.375
2020-11-16,58244921.583333336
2020-11-17,58390685.583333336
2020-11-18,58540904.666666664
2020-11-19,58700797.5
2020-11-20,58876522.291666664
2020-11-21,59051478.833333336
2020-11-22,59201395.291666664
2020-11-23,59353955.041666664
2020-11-24,59535390.25
2020-11-25,59699809.375
2020-11-26,59860681.416666664
2020-11-27,59989624.125
2020-11-28,60100323.25
2020-11-29,60184691.75
2020-11-30,60308865.375
2020-12-01,60412331.333333336
2020-12-02,60503459.083333336
2020-12-03,60587568.0
2020-12-04,60667010.166666664
2020-12-05,60753997.541666664
2020-12-06,60837973.416666664
2020-12-07,60916091.791666664
2020-12-08,60998640.0
2020-12-09,61114847.916666664
2020-12-10,61236174.208333336
2020-12-11,61343945.541666664
2020-12-12,61457064.083333336
2020-12-13,61548821.333333336
2020-12-14,61644484.333333336
2020-12-15,61760183.208333336
2020-12-16,61863946.333333336
2020-12-17,61980534.458333336
2020-12-18,62109365.916666664
2020-12-19,62208670.0
2020-12-20,62303325.208333336
2020-12-21,62405615.208333336
2020-12-22,62522345.0
2020-12-23,62615796.625
2020-12-24,62720378.0
2020-12-25,62821587.041666664
2020-12-26,62923540.708333336
2020-12-27,63037243.75
2020-12-28,63155198.416666664
2020-12-29,63271283.958333336
2020-12-30,63369867.125
2020-12-31,63443601.041666664
2021-01-01,63513264.333333336
2021-01-02,63600473.166666664
2021-01-03,63697825.5
2021-01-04,63808115.291666664
2021-01-05,63908329.375
2021-01-06,64014037.75
2021-01-07,64128005.416666664
2021-01-08,64213789.583333336
2021-01-09,64306899.583333336
2021-01-10,64394898.708333336
2021-01-11,64486801.458333336
2021-01-12,64571974.958333336
2021-01-13,64654645.708333336
2021-01-14,64740019.708333336
2021-01-15,64820779.791666664
2021-01-16,64895075.041666664
2021-01-17,64968259.5
2021-01-18,65058776.625
2021-01-19,65148706.625
2021-01-20,65256619.75
2021-01-21,65345383.75
2021-01-22,65428143.958333336
2021-01-23,65511772.083333336
2021-01-24,65602542.583333336
2021-01-25,65683185.166666664
2021-01-26,65758056.375
2021-01-27,65828768.458333336
2021-01-28,65920931.666666664
2021-01-29,66009990.833333336
2021-01-30,66096937.25
2021-01-31,66175795.041666664
2021-02-01,66262967.708333336
2021-02-02,66347832.75
2021-02-03,66418515.916666664
2021-02-04,66490624.541666664
2021-02-05,66564447.333333336
2021-02-06,66647520.416666664
2021-02-07,66740765.791666664
2021-02-08,66825965.625
2021-02-09,66935185.291666664
2021-02-10,67038812.083333336
2021-02-11,67131805.58333333
2021-02-12,67228640.125
2021-02-13,67315740.375
2021-02-14,67411032.54166667
2021-02-15,67519312.54166667
2021-02-16,67625189.16666667
2021-02-17,67714113.75
2021-02-18,67798605.45833333
2021-02-19,67910103.70833333
2021-02-20,68037146.41666667
2021-02-21,68119093.875
2021-02-22,68195991.79166667
2021-02-23,68305285.91666667
2021-02-24,68409488.08333333
2021-02-25,68485139.83333333
2021-02-26,68563265.125
2021-02-27,68653894.0
2021-02-28,68739496.58333333
2021-03-01,68815817.16666667
2021-03-02,68882431.75
2021-03-03,68946789.5
2021-03-04,69007236.04166667
2021-03-05,69062701.375
2021-03-06,69122787.95833333
2021-03-07,69182561.95833333
2021-03-08,69237612.375
2021-03-09,69281691.16666667
2021-03-10,69330911.875
2021-03-11,69389847.04166667
2021-03-12,69443073.41666667
2021-03-13,69499586.625
2021-03-14,69559912.75
2021-03-15,69618602.83333333
2021-03-16,69676068.20833333
2021-03-17,69736271.20833333
2021-03-18,69805847.375
2021-03-19,69866006.41666667
2021-03-20,69925007.875
2021-03-21,69989875.875
2021-03-22,70066153.54166667
2021-03-23,70139818.70833333
2021-03-24,70217529.5
2021-03-25,70273285.58333333
2021-03-26,70320422.45833333
2021-03-27,70369075.5
2021-03-28,70420304.625
2021-03-29,70472155.41666667
2021-03-30,70536565.04166667
2021-03-31,70612589.54166667
2021-04-01,70705795.79166667
2021-04-02,70793125.66666667
2021-04-03,70854984.20833333
2021-04-04,70917117.04166667
2021-04-05,70982936.04166667
2021-04-06,71043643.5
2021-04-07,71084656.375
2021-04-08,71132540.33333333
2021-04-09,71178250.08333333
2021-04-10,71223220.375
2021-04-11,71267012.125
2021-04-12,71314769.125
2021-04-13,71380387.375
2021-04-14,71440191.0
2021-04-15,71491232.79166667
2021-04-16,71548853.5
2021-04-17,71609836.83333333
2021-04-18,71657367.625
2021-04-19,71698794.625
2021-04-20,71747724.95833333
2021-04-21,71792867.45833333
2021-04-22,71847734.29166667
2021-04-23,71902268.08333333
2021-04-24,71951375.875
2021-04-25,71997980.33333333
2021-04-26,72046203.0
2021-04-27,72097853.125
2021-04-28,72151617.79166667
2021-04-29,72194707.83333333
2021-04-30,72236472.79166667
2021-05-01,72281577.58333333
2021-05-02,72337265.625
2021-05-03,72383166.125
2021-05-04,72429147.29166667
2021-05-05,72479771.95833333
2021-05-06,72529027.0
2021-05-07,72578066.33333333
2021-05-08,72620588.33333333
2021-05-09,72659371.25
2021-05-10,72702691.79166667
2021-05-11,72750926.54166667
2021-05-12,72791443.45833333
2021-05-13,72831127.5
2021-05-14,72870806.79166667
2021-05-15,72907350.45833333
2021-05-16,72943875.29166667
2021-05-17,72980667.91666667
2021-05-18,73017712.45833333
2021-05-19,73060125.08333333
2021-05-20,73104919.25
2021-05-21,73136562.41666667
2021-05-22,73168157.70833333
2021-05-23,73213555.0
2021-05-24,73254620.91666667
2021-05-25,73308487.54166667
2021-05-26,73355801.04166667
2021-05-27,73390505.91666667
2021-05-28,73425049.25
2021-05-29,73456415.75
2021-05-30,73483222.875
2021-05-31,73508657.95833333
2021-06-01,73510158.0
2021-06-02,73510158.0
2021-06-03,73603586.45833333
2021-06-04,73666134.79166667
2021-06-05,73714446.45833333
2021-06-06,73748486.91666667
2021-06-07,73784589.41666667
2021-06-08,73833112.5
2021-06-09,73876170.70833333
2021-06-10,73913604.0
2021-06-11,73943423.66666667
2021-06-12,73974033.54166667
2021-06-13,74009076.54166667
2021-06-14,74042491.875
2021-06-15,74257689.95833333
2021-06-16,74424320.0
2021-06-17,74424320.0
2021-06-18,74424320.0
2021-06-19,74424320.0
2021-06-20,74424320.0
2021-06-21,74424320.0
2021-06-22,74424320.0
2021-06-23,74424320.0
2021-06-24,74424320.0
2021-06-25,74424320.0
2021-06-26,74424320.0
2021-06-27,74424320.0
2021-06-28,74435753.91666667
2021-06-29,74475757.5
2021-06-30,74513021.75
2021-07-01,74545701.75
2021-07-02,74568487.54166667
2021-07-03,74585502.54166667
2021-07-04,74601239.95833333
2021-07-05,74620355.08333333
2021-07-06,74636157.70833333
2021-07-07,74653367.45833333
2021-07-08,74670772.25
2021-07-09,74690889.33333333
2021-07-10,74714176.79166667
2021-07-11,74729269.375
2021-07-12,74744513.16666667
2021-07-13,74760888.0
2021-07-14,74778651.375
2021-07-15,74796840.16666667
2021-07-16,74813729.0
2021-07-17,74829213.16666667
2021-07-18,74844442.29166667
2021-07-19,74860228.125
2021-07-20,74879871.875
2021-07-21,74901059.58333333
2021-07-22,74919056.45833333
2021-07-23,74936395.16666667
2021-07-24,74955108.20833333
2021-07-25,74973889.70833333
2021-07-26,74992254.0
2021-07-27,75013550.875
2021-07-28,75035691.08333333
2021-07-29,75056931.58333333
2021-07-30,75077943.45833333
2021-07-31,75096810.0
2021-08-01,75114107.625
2021-08-02,75131144.875
2021-08-03,75149557.95833333
2021-08-04,75170911.5
2021-08-05,75191205.45833333
2021-08-06,75211374.20833333
2021-08-07,75231242.54166667
2021-08-08,75255019.91666667
2021-08-09,75276583.08333333
2021-08-10,75298392.625
2021-08-11,75323712.0
2021-08-12,75357996.25
2021-08-13,75430012.70833333
2021-08-14,75560005.375
2021-08-15,75585127.91666667
2021-08-16,75608672.04166667
2021-08-17,75643204.625
2021-08-18,75698787.08333333
2021-08-19,75765473.625
2021-08-20,75829512.04166667
2021-08-21,75885604.83333333
2021-08-22,75937462.95833333
2021-08-23,75998557.625
2021-08-24,76052918.5
2021-08-25,76136027.125
2021-08-26,76193663.875
2021-08-27,76217310.91666667
2021-08-28,76236370.5
2021-08-29,76258589.375
2021-08-30,76283835.45833333
2021-08-31,76306476.91666667
2021-09-01,76330085.66666667
2021-09-02,76351365.75
2021-09-03,76373300.54166667
2021-09-04,76396229.54166667
2021-09-05,76421743.16666667
2021-09-06,76447401.79166667
2021-09-07,76472713.875
2021-09-08,76498287.79166667
2021-09-09,76522121.54166667
2021-09-10,76547044.45833333
2021-09-11,76568507.875
2021-09-12,76589206.54166667
2021-09-13,76610890.20833333
2021-09-14,76636078.95833333
2021-09-15,76657824.33333333
2021-09-16,76677920.5
2021-09-17,76697907.04166667
2021-09-18,76717397.625
2021-09-19,76736123.0
2021-09-20,76755177.79166667
2021-09-21,76775313.58333333
2021-09-22,76795971.04166667
2021-09-23,76817465.83333333
2021-09-24,76851098.41666667
2021-09-25,76894092.375
2021-09-26,76940749.375
2021-09-27,76982827.91666667
2021-09-28,77015263.125
2021-09-29,77057296.04166667
2021-09-30,77099597.75
2021-10-01,77131723.58333333
2021-10-02,77154815.16666667
2021-10-03,77177405.91666667
2021-10-04,77206216.41666667
2021-10-05,77236126.375
2021-10-06,77266270.79166667
2021-10-07,77293998.33333333
2021-10-08,77325465.20833333
2021-10-09,77368295.625
2021-10-10,77410949.83333333
2021-10-11,77461133.25
2021-10-12,77508757.875
2021-10-13,77557135.54166667
2021-10-14,77605494.33333333
2021-10-15,77646339.95833333
2021-10-16,77679609.70833333
2021-10-17,77710047.29166667
2021-10-18,77740661.375
2021-10-19,77773573.125
2021-10-20,77805284.75
2021-10-21,77839107.95833333
2021-10-22,77872197.33333333
2021-10-23,77902282.16666667
2021-10-24,77935713.70833333
2021-10-25,77961192.16666667
2021-10-26,77987479.29166667
2021-10-27,78036139.04166667
2021-10-28,78156982.75
2021-10-29,78291928.875
2021-10-30,78404072.58333333
2021-10-31,78497912.0
2021-11-01,78591359.5
2021-11-02,78695516.29166667
2021-11-03,78794630.91666667
2021-11-04,78840090.125
2021-11-05,78869230.5
2021-11-06,78895177.41666667
2021-11-07,78920581.54166667
2021-11-08,78947419.25
2021-11-09,78975322.41666667
2021-11-10,79006025.33333333
2021-11-11,79032961.125
2021-11-12,79056614.33333333
2021-11-13,79081531.25
2021-11-14,79104106.41666667
2021-11-15,79127812.45833333
2021-11-16,79152195.66666667
2021-11-17,79175450.45833333
2021-11-18,79200587.75
2021-11-19,79228321.125
2021-11-20,79257264.41666667
2021-11-21,79284483.95833333
2021-11-22,79311965.75
2021-11-23,79339040.875
2021-11-24,79362161.20833333
2021-11-25,79387222.16666667
2021-11-26,79421568.95833333
2021-11-27,79457540.0
2021-11-28,79490706.58333333
2021-11-29,79525104.75
2021-11-30,79557613.41666667
2021-12-01,79584828.75
2021-12-02,79611439.58333333
2021-12-03,79637995.79166667
2021-12-04,79663532.16666667
2021-12-05,79686536.04166667
2021-12-06,79709426.29166667
2021-12-07,79731723.04166667
2021-12-08,79755027.83333333
2021-12-09,79777071.08333333
2021-12-10,79797271.25
2021-12-11,79816632.25
2021-12-12,79838203.58333333
2021-12-13,79862417.625
2021-12-14,79890045.79166667
2021-12-15,79921275.66666667
2021-12-16,79943855.33333333
2021-12-17,79963384.875
2021-12-18,79981671.375
2021-12-19,79999187.70833333
2021-12-20,80016826.375
2021-12-21,80036162.04166667
2021-12-22,80056665.125
2021-12-23,80076192.29166667
2021-12-24,80094720.375
2021-12-25,80112187.0
2021-12-26,80128976.625
2021-12-27,80146591.5
2021-12-28,80167576.91666667
2021-12-29,80189131.45833333
2021-12-30,80211664.29166667
2021-12-31,80231246.08333333
2022-01-01,80248963.54166667
2022-01-02,80278657.66666667
2022-01-03,80336013.70833333
2022-01-04,80473101.95833333
2022-01-05,80521096.04166667
2022-01-06,80581566.41666667
2022-01-07,80607423.54166667
2022-01-08,80632589.45833333
2022-01-09,80660952.75
2022-01-10,80691227.125
2022-01-11,80721508.45833333
2022-01-12,80750074.5
2022-01-13,80772988.41666667
2022-01-14,80797290.875
2022-01-15,80824521.16666667
2022-01-16,80852783.04166667
2022-01-17,80881711.0
2022-01-18,80911942.375
2022-01-19,80943119.70833333
2022-01-20,80971097.25
2022-01-21,81000742.45833333
2022-01-22,81025674.54166667
2022-01-23,81049617.04166667
2022-01-24,81074290.625
2022-01-25,81099942.33333333
2022-01-26,81119588.125
2022-01-27,81138711.70833333
2022-01-28,81157267.58333333
2022-01-29,81174277.58333333
2022-01-30,81189927.0
2022-01-31,81205675.58333333
2022-02-01,81222380.125
2022-02-02,81240196.45833333
2022-02-03,81256838.20833333
2022-02-04,81273073.625
2022-02-05,81289394.20833333
2022-02-06,81304077.5
2022-02-07,81319840.58333333
2022-02-08,81336136.20833333
2022-02-09,81352242.91666667
2022-02-10,81369723.66666667
2022-02-11,81384681.95833333
2022-02-12,81399183.08333333
2022-02-13,81414230.54166667
2022-02-14,81428723.58333333
2022-02-15,81441505.91666667
2022-02-16,81455639.625
2022-02-17,81471404.75
2022-02-18,81485525.95833333
2022-02-19,81500321.875
2022-02-20,81513920.91666667
2022-02-21,81526911.54166667
2022-02-22,81541565.04166667
2022-02-23,81556516.91666667
2022-02-24,81570546.5
2022-02-25,81583866.33333333
2022-02-26,81597205.875
2022-02-27,81609689.25
2022-02-28,81623231.04166667
2022-03-01,81638707.66666667
2022-03-02,81654774.08333333
2022-03-03,81670232.91666667
2022-03-04,81685312.16666667
2022-03-05,81700298.70833333
2022-03-06,81714401.375
2022-03-07,81729035.0
2022-03-08,81743887.95833333
2022-03-09,81759742.70833333
2022-03-10,81775921.79166667
2022-03-11,81790884.70833333
2022-03-12,81805571.875
2022-03-13,81819401.66666667
2022-03-14,81833161.95833333
2022-03-15,81847856.0
2022-03-16,81862857.58333333
2022-03-17,81878513.58333333
2022-03-18,81893874.79166667
2022-03-19,81910420.70833333
2022-03-20,81925111.54166667
2022-03-21,81943552.54166667
2022-03-22,81965772.91666667
2022-03-23,81990483.45833333
2022-03-24,82015929.125
2022-03-25,82034826.875
2022-03-26,82052769.45833333
2022-03-27,82069128.20833333
2022-03-28,82084590.5
2022-03-29,82100338.33333333
2022-03-30,82115744.79166667
2022-03-31,82131566.41666667
2022-04-01,82146603.58333333
2022-04-02,82160836.04166667
2022-04-03,82174857.5
2022-04-04,82189534.54166667
2022-04-05,82204508.58333333
2022-04-06,82219359.33333333
2022-04-07,82233564.54166667
2022-04-08,82247522.41666667
2022-04-09,82261162.29166667
2022-04-10,82274512.08333333
2022-04-11,82288562.54166667
2022-04-12,82304103.08333333
2022-04-13,82318773.95833333
2022-04-14,82334942.125
2022-04-15,82350034.58333333
2022-04-16,82364284.08333333
2022-04-17,82377214.45833333
2022-04-18,82391571.95833333
2022-04-19,82406793.75
2022-04-20,82421645.20833333
2022-04-21,82438210.29166667
2022-04-22,82453585.91666667
2022-04-23,82467484.25
2022-04-24,82480381.875
2022-04-25,82493779.54166667
2022-04-26,82508736.75
2022-04-27,82523687.125
2022-04-28,82538602.20833333
2022-04-29,82554466.58333333
2022-04-30,82568357.29166667
